TotalCharges,AvgChargePerMonth,tenure,MonthlyCharges,Contract_Month-to-month,OnlineSecurity_No,PaymentMethod_Electronic check,TechSupport_No,gender,PaperlessBilling,InternetService_Fiber optic,Partner,Contract_Two year,OnlineBackup_No,Dependents,Churn
29.85,14.925,1,29.85,1,1,1,1,0,1,0,1,0,0,0,0
1889.5,53.98571428571429,34,56.95,0,0,0,1,1,0,0,0,0,1,0,0
108.15,36.050000000000004,2,53.85,1,0,0,1,1,1,0,0,0,0,0,1
1840.75,40.016304347826086,45,42.3,0,0,0,0,1,0,0,0,0,1,0,0
151.65,50.550000000000004,2,70.7,1,1,1,1,0,1,1,0,0,1,0,1
820.5,91.16666666666667,8,99.65,1,1,1,1,0,1,1,0,0,1,0,1
1949.4,84.75652173913043,22,89.1,1,1,0,1,1,1,1,0,0,0,1,0
301.9,27.44545454545454,10,29.75,1,0,0,1,0,0,0,0,0,1,0,0
3046.05,105.03620689655173,28,104.8,1,1,1,0,0,1,1,1,0,1,0,1
3487.95,55.364285714285714,62,56.15,0,0,0,1,1,0,0,0,0,0,1,0
587.45,41.96071428571429,13,49.95,1,0,0,1,1,1,0,1,0,1,1,0
326.8,19.223529411764705,16,18.95,0,0,0,0,1,0,0,0,1,0,0,0
5681.1,96.28983050847458,58,100.35,0,1,0,1,1,0,1,1,0,1,0,0
5036.3,100.726,49,103.7,1,1,0,1,1,1,1,0,0,0,0,1
2686.05,103.3096153846154,25,105.5,1,0,1,0,1,1,1,0,0,1,0,0
7895.15,112.78785714285713,69,113.25,0,0,0,0,0,0,1,1,1,0,1,0
1022.95,19.300943396226415,52,20.65,0,0,0,0,0,0,0,0,0,0,0,0
7382.25,102.53125,71,106.7,0,0,0,1,1,0,1,0,1,1,1,0
528.35,48.03181818181818,10,55.2,1,1,0,0,0,0,0,1,0,1,1,1
1862.9,84.67727272727274,21,90.05,1,1,1,1,0,1,1,0,0,0,0,0
39.65,19.825,1,39.65,1,1,1,1,1,1,0,0,0,1,0,1
202.25,15.557692307692308,12,19.8,0,0,0,0,1,0,0,1,0,0,0,0
20.15,10.075,1,20.15,1,0,0,0,1,0,0,0,0,0,0,1
3505.1,59.40847457627118,58,59.9,0,1,0,0,0,1,0,1,1,0,0,0
2970.3,59.406000000000006,49,59.6,1,0,0,0,1,0,0,1,0,0,1,0
1530.6,49.37419354838709,30,55.3,1,0,0,1,0,1,0,0,0,0,0,0
4749.15,98.940625,47,99.35,1,1,1,1,1,1,1,1,0,0,1,1
30.2,15.1,1,30.2,1,1,1,1,1,0,0,1,0,0,1,1
6369.45,87.2527397260274,72,90.25,0,0,0,0,1,1,0,1,1,0,0,0
1093.1,60.727777777777774,17,64.7,1,1,0,1,0,1,0,0,0,1,1,1
6766.95,93.98541666666667,71,96.35,0,0,0,0,0,1,1,1,1,0,0,0
181.65,60.550000000000004,2,95.5,1,1,0,1,1,1,1,1,0,1,0,0
1874.45,66.94464285714285,27,66.15,0,0,0,0,0,0,0,1,0,0,1,0
20.2,10.1,1,20.2,1,0,0,0,1,0,0,0,0,0,0,0
45.25,22.625,1,45.25,1,1,0,1,1,0,0,0,0,1,0,0
7251.7,99.33835616438355,72,99.9,0,0,0,0,0,0,1,1,1,0,1,0
316.9,52.81666666666666,5,69.7,1,1,1,1,1,1,1,0,0,1,0,1
3548.3,75.49574468085106,46,74.8,1,1,0,1,0,1,1,0,0,1,0,0
3549.25,101.40714285714286,34,106.35,1,1,1,1,1,1,1,0,0,0,0,1
1105.4,92.11666666666667,11,97.85,1,1,0,1,0,1,1,0,0,1,0,1
475.7,43.24545454545454,10,49.55,0,1,0,1,1,0,0,1,0,0,1,0
4872.35,68.62464788732395,70,69.2,0,0,0,1,0,1,0,1,1,0,1,0
418.25,23.23611111111111,17,20.75,0,0,0,0,0,0,0,1,0,0,1,0
4861.45,75.96015625,63,79.85,0,0,0,0,0,1,0,0,1,0,0,0
981.45,70.10357142857143,13,76.2,1,0,1,0,0,1,0,1,0,0,0,0
3906.7,78.134,49,84.5,1,1,1,1,0,1,1,0,0,1,0,0
97.0,32.333333333333336,2,49.25,1,1,0,1,1,0,0,0,0,0,0,0
144.15,48.050000000000004,2,80.65,1,1,1,1,0,1,1,0,0,1,0,1
4217.8,79.5811320754717,52,79.75,0,0,0,0,1,1,0,0,1,1,0,0
4254.1,60.77285714285715,69,64.15,0,0,0,0,0,1,0,1,1,1,1,0
3838.75,87.24431818181819,43,90.25,1,1,1,1,0,1,1,0,0,0,0,0
1426.4,89.15,15,99.1,1,0,0,1,0,1,1,0,0,0,0,1
1752.65,67.40961538461539,25,69.5,1,0,0,0,0,1,0,1,0,1,0,0
633.3,70.36666666666666,8,80.65,1,1,0,1,0,1,1,1,0,0,0,1
4456.35,73.05491803278689,60,74.85,0,0,0,0,0,1,0,1,0,0,1,0
1752.55,92.23947368421052,18,95.45,1,1,1,1,1,1,1,0,0,1,0,1
6311.2,98.6125,63,99.65,0,0,0,1,0,1,1,1,0,1,1,0
7076.35,105.61716417910448,66,108.45,0,1,1,0,1,1,1,1,0,0,1,0
894.3,25.55142857142857,34,24.95,0,0,0,0,0,0,0,1,1,0,1,0
7853.7,107.58493150684932,72,107.5,0,1,0,0,0,1,1,0,1,1,0,0
4707.1,98.06458333333335,47,100.5,1,1,1,1,0,1,1,1,0,1,0,0
5450.7,89.35573770491803,60,89.9,1,1,0,1,1,1,1,0,0,0,0,0
2962.0,40.57534246575342,72,42.1,0,0,0,1,1,0,0,1,1,0,0,0
957.1,50.373684210526314,18,54.4,0,1,0,0,0,1,0,1,0,1,1,0
857.25,85.725,9,94.4,1,1,1,1,0,0,1,0,0,1,0,1
244.1,61.025,3,75.3,1,1,1,0,0,1,0,0,0,0,0,0
3650.35,76.04895833333333,47,78.9,0,1,1,1,1,1,1,1,0,0,0,0
2497.2,78.0375,31,79.2,0,1,0,0,0,0,0,0,1,0,0,0
930.9,18.25294117647059,50,20.15,0,0,0,0,0,0,0,1,1,0,1,0
887.35,80.66818181818182,10,79.85,1,0,0,1,1,1,1,0,0,1,0,0
49.05,24.525,1,49.05,1,1,0,0,1,0,0,0,0,1,0,0
1090.65,20.578301886792456,52,20.4,0,0,1,0,0,1,0,1,0,0,1,0
7099.0,109.21538461538462,64,111.6,0,0,0,0,1,1,1,1,1,1,1,0
1424.6,22.61269841269841,62,24.25,0,0,0,0,1,1,0,1,1,0,1,0
177.4,44.35,3,64.5,1,0,0,0,0,1,0,0,0,1,1,0
6139.5,107.71052631578948,56,110.5,0,0,1,1,0,0,1,0,0,0,0,0
2688.85,57.2095744680851,46,55.65,0,1,0,1,0,0,0,0,0,1,0,0
482.25,53.583333333333336,8,54.65,1,0,0,1,0,0,0,1,0,0,1,0
2111.3,68.10645161290323,30,74.75,1,0,1,1,1,1,0,0,0,0,0,0
1216.6,26.44782608695652,45,25.9,0,0,0,0,0,1,0,1,0,0,1,0
79.35,39.675,1,79.35,1,1,1,1,0,1,1,0,0,1,1,1
565.35,47.112500000000004,11,50.55,1,0,1,1,0,0,0,1,0,1,1,0
496.9,62.1125,7,75.15,1,1,0,1,0,1,1,1,0,1,0,1
4327.5,100.63953488372093,42,103.8,1,1,0,0,0,1,1,0,0,0,0,0
973.35,19.467,49,20.15,0,0,0,0,0,1,0,1,1,0,0,0
918.75,91.875,9,99.3,1,1,0,1,1,1,1,0,0,0,0,0
2215.45,61.540277777777774,35,62.15,0,0,0,1,0,1,0,1,0,1,0,0
1057.0,21.571428571428573,48,20.65,0,0,0,0,0,0,0,1,1,0,1,0
927.1,19.72553191489362,46,19.95,0,0,0,0,0,1,0,1,1,0,1,0
1009.25,33.641666666666666,29,33.75,1,1,0,1,1,0,0,1,0,1,0,0
2570.2,82.90967741935484,30,82.05,1,1,0,1,1,0,1,1,0,0,1,0
74.7,37.35,1,74.7,1,1,1,0,1,0,1,0,0,1,0,0
5714.25,85.28731343283582,66,84.0,0,0,0,0,1,1,0,1,1,1,1,0
7107.0,107.68181818181819,65,111.05,1,0,0,1,0,1,1,0,0,0,0,0
7459.05,102.17876712328767,72,100.9,0,1,0,1,1,1,1,0,1,0,0,0
927.35,71.33461538461539,12,78.95,1,0,1,1,0,1,1,0,0,1,0,1
4748.7,65.95416666666667,71,66.85,0,0,0,0,1,1,0,1,0,0,1,0
113.85,18.974999999999998,5,21.05,1,0,0,0,1,0,0,0,0,0,0,1
1107.2,20.89056603773585,52,21.0,0,0,0,0,1,0,0,0,1,0,0,0
2514.5,96.71153846153847,25,98.5,1,1,1,1,0,1,1,1,0,0,0,1
20.2,10.1,1,20.2,1,0,0,0,1,0,0,0,0,0,0,0
19.45,9.725,1,19.45,1,0,1,0,0,0,0,1,0,0,1,0
3605.6,92.45128205128205,38,95.0,0,1,0,0,1,0,1,0,0,1,0,0
3027.25,45.18283582089552,66,45.55,0,1,0,1,0,0,0,1,0,0,0,0
7611.85,110.31666666666668,68,110.0,0,1,0,0,1,1,1,1,1,0,0,1
100.2,16.7,5,24.3,1,1,0,1,1,0,0,0,0,1,0,0
7303.05,100.04178082191781,72,104.15,0,0,1,1,0,1,1,1,0,0,1,0
927.65,28.11060606060606,32,30.15,0,0,0,1,0,0,0,0,0,1,0,0
3921.3,89.12045454545455,43,94.35,0,1,0,1,1,0,1,0,0,1,0,0
1363.25,18.674657534246574,72,19.4,0,0,0,0,1,0,0,1,1,0,1,0
5238.9,93.55178571428571,55,96.75,1,0,1,1,1,1,1,1,0,0,0,1
3042.25,57.40094339622642,52,57.95,0,0,0,0,0,0,0,0,0,1,0,0
3954.1,89.86590909090908,43,91.65,1,1,1,1,0,1,1,0,0,0,0,0
2868.15,75.47763157894737,37,76.5,1,1,1,1,0,1,1,1,0,1,0,1
3423.5,52.66923076923077,64,54.6,0,1,1,0,0,1,0,1,1,0,1,0
248.4,62.1,3,89.85,1,0,1,1,1,0,1,1,0,0,1,0
1126.35,30.44189189189189,36,31.05,0,0,0,1,0,0,0,0,1,1,0,0
1064.65,96.78636363636365,10,100.25,1,0,1,1,0,1,1,1,0,1,1,1
835.15,19.88452380952381,41,20.65,0,0,0,0,0,0,0,0,1,0,0,0
2151.6,76.84285714285714,27,85.2,1,1,0,0,1,1,1,1,0,0,1,0
5515.45,96.76228070175438,56,99.8,0,1,0,1,0,1,1,1,0,1,1,0
112.75,16.107142857142858,6,20.7,1,0,0,0,0,0,0,0,0,0,0,0
229.55,57.3875,3,74.4,1,1,1,1,1,1,1,0,0,1,0,1
350.35,43.79375,7,50.7,1,0,0,1,0,0,0,1,0,1,1,0
62.9,12.58,4,20.85,1,0,0,0,0,0,0,1,0,0,1,0
3027.65,89.0485294117647,33,88.95,0,0,1,0,1,1,1,0,1,1,0,0
2135.5,76.26785714285714,27,78.05,1,1,1,1,0,1,1,0,0,1,0,1
1723.95,23.615753424657534,72,23.55,0,0,0,0,1,1,0,1,1,0,0,0
19.75,9.875,1,19.75,1,0,0,0,1,0,0,0,0,0,0,0
3985.35,55.35208333333333,71,56.45,0,0,1,1,1,1,0,0,0,0,0,0
1215.65,86.83214285714287,13,85.95,1,1,1,1,0,1,1,0,0,1,0,0
1502.65,57.79423076923077,25,58.6,1,0,0,1,0,1,0,1,0,0,1,1
3260.1,47.942647058823525,67,50.55,0,1,0,0,1,0,0,0,1,1,0,0
35.45,17.725,1,35.45,1,1,1,1,1,1,0,0,0,1,0,1
81.25,27.083333333333332,2,44.35,1,1,1,1,1,0,0,0,0,1,0,1
1188.2,27.004545454545454,43,25.7,0,0,0,0,0,1,0,0,1,0,0,0
1778.5,74.10416666666667,23,75.0,1,0,0,1,0,1,1,0,0,1,0,0
1277.75,19.657692307692308,64,20.2,0,0,0,0,0,0,0,1,1,0,1,0
1170.55,20.181896551724137,57,19.6,0,0,0,0,1,1,0,0,1,0,1,0
70.45,35.225,1,70.45,1,1,0,1,0,1,1,1,0,1,0,1
6425.65,88.02260273972603,72,88.05,0,0,0,0,0,1,0,1,1,0,1,0
563.65,62.62777777777777,8,71.15,1,0,1,0,0,0,0,0,0,1,0,1
5971.25,96.31048387096774,61,101.05,0,1,0,1,0,1,1,1,1,0,0,0
5289.05,81.37,64,84.3,0,0,0,1,1,1,1,0,0,0,0,0
1756.2,24.391666666666666,71,23.95,0,0,0,0,1,0,0,1,1,0,0,0
6416.7,97.22272727272727,65,99.05,0,0,0,0,0,1,1,1,1,0,1,0
61.35,15.3375,3,19.6,0,0,0,0,1,0,0,0,0,0,0,0
45.65,22.825,1,45.65,1,1,1,1,1,1,0,0,0,1,0,1
1929.95,62.25645161290323,30,64.5,0,1,0,1,1,0,0,0,0,0,1,0
1071.4,66.9625,15,69.5,1,1,0,0,1,1,0,1,0,0,1,0
564.35,62.705555555555556,8,68.55,1,1,1,0,0,1,0,1,0,1,1,0
655.5,81.9375,7,95.0,1,1,0,1,1,0,1,0,0,1,0,1
7930.55,111.69788732394366,70,108.15,0,0,0,1,0,1,1,1,0,0,1,0
5215.25,82.78174603174604,62,86.1,0,0,1,0,1,0,0,1,1,0,1,0
113.5,16.214285714285715,6,19.7,1,0,0,0,0,0,0,1,0,0,1,0
1152.8,76.85333333333332,14,80.9,1,1,0,1,0,1,1,1,0,1,1,0
1821.95,79.21521739130435,22,84.15,1,1,0,1,0,1,1,0,0,1,0,0
419.9,18.256521739130434,22,20.15,0,0,0,0,1,0,0,1,0,0,1,0
1024.0,60.23529411764706,16,64.25,0,0,0,1,1,0,0,1,1,1,1,0
251.6,22.87272727272727,10,25.7,0,0,0,0,1,0,0,0,1,0,0,0
764.55,54.61071428571428,13,56.0,1,0,1,1,0,1,0,0,0,0,1,0
1592.35,75.82619047619048,20,82.4,1,0,1,1,0,0,1,1,0,1,0,1
135.2,45.06666666666666,2,69.7,1,1,1,1,0,1,1,0,0,1,0,0
3958.25,73.30092592592592,53,73.9,0,1,0,0,1,1,0,0,1,0,0,0
233.9,19.491666666666667,11,20.6,0,0,0,0,0,0,0,1,0,0,1,0
1363.45,19.477857142857143,69,19.9,0,0,0,0,1,0,0,1,1,0,0,0
273.0,54.6,4,70.9,1,1,0,1,0,1,1,0,0,1,0,1
6254.45,85.67739726027396,72,89.05,0,0,0,0,1,1,0,1,1,0,0,0
2651.2,44.93559322033898,58,45.3,1,1,1,1,1,1,0,1,0,0,0,1
321.4,18.905882352941177,16,20.4,1,0,1,0,0,0,0,1,0,0,1,0
3539.25,80.4375,43,84.25,0,0,0,0,1,1,1,1,0,1,0,0
242.8,80.93333333333334,2,104.4,1,1,1,0,0,1,1,1,0,1,0,1
1181.75,78.78333333333333,14,81.95,0,1,0,0,1,0,0,1,1,0,0,0
5000.2,92.59629629629629,53,94.85,0,1,0,1,0,1,1,1,0,1,0,1
654.55,19.834848484848482,32,20.55,0,0,0,0,0,0,0,0,0,0,0,0
780.2,22.291428571428572,34,24.7,1,0,1,0,0,0,0,1,0,0,0,0
1145.7,71.60625,15,74.45,1,1,0,1,0,1,1,0,0,1,0,1
503.6,62.95,7,76.45,1,0,0,1,0,0,1,0,0,1,0,1
1559.25,97.453125,15,105.35,1,1,0,1,0,1,1,1,0,0,1,0
1252.0,20.193548387096776,61,20.55,0,0,0,0,1,1,0,1,0,0,0,0
29.95,14.975,1,29.95,1,1,0,1,0,0,0,0,0,0,0,1
45.3,22.65,1,45.3,1,1,0,1,0,0,0,0,0,1,0,0
662.65,73.62777777777778,8,84.5,1,1,0,1,1,0,1,0,0,1,0,1
2453.3,72.15588235294118,33,74.75,0,0,0,1,1,0,0,1,0,1,1,0
1111.65,79.40357142857144,13,79.25,1,1,1,1,0,1,1,0,0,0,0,1
24.8,12.4,1,24.8,1,1,1,1,0,1,0,1,0,1,0,1
1023.85,48.75476190476191,20,51.8,1,1,0,1,1,1,0,0,0,0,0,0
82.15,20.5375,3,30.4,1,1,1,0,1,0,0,0,0,1,0,0
244.8,17.485714285714288,13,19.65,0,0,1,0,0,0,0,0,0,0,0,0
2379.1,58.02682926829268,40,56.6,1,1,0,1,0,0,0,1,0,0,0,0
3173.35,72.12159090909091,43,71.9,0,0,0,0,1,1,0,1,0,1,1,0
531.0,75.85714285714286,6,91.0,1,1,1,1,1,1,1,1,0,0,0,1
1375.4,19.64857142857143,69,19.75,0,0,0,0,0,0,0,1,1,0,1,0
8129.3,111.36027397260274,72,109.7,0,0,0,1,0,0,1,1,1,0,1,0
1192.7,19.878333333333334,59,19.3,0,0,0,0,1,0,0,1,1,0,1,0
1901.65,90.5547619047619,20,96.55,1,0,1,0,0,1,1,1,0,0,0,0
587.4,23.496,24,24.1,0,0,0,0,1,1,0,1,1,0,1,0
6519.75,108.6625,59,111.35,1,1,1,0,1,1,1,0,0,0,0,0
8041.65,110.15958904109588,72,112.25,0,1,0,0,1,1,1,1,1,0,1,0
20.75,10.375,1,20.75,1,0,0,0,1,0,0,0,0,0,1,0
2681.15,95.75535714285715,27,101.9,0,0,0,0,0,1,1,1,0,1,0,0
1112.3,74.15333333333334,14,80.05,1,1,0,0,0,1,1,0,0,0,0,0
7405.5,102.85416666666667,71,105.55,0,0,1,1,1,0,1,1,1,1,1,0
1033.95,73.85357142857143,13,78.3,1,1,0,1,1,1,1,0,0,1,1,0
2958.95,65.75444444444445,44,68.85,1,1,0,1,1,0,1,0,0,1,0,0
2684.85,78.96617647058824,33,79.95,0,1,0,0,0,1,1,0,0,0,0,0
4179.2,57.249315068493146,72,55.45,0,0,0,0,1,1,0,1,1,0,1,0
79.9,39.95,1,79.9,1,1,1,1,1,0,1,0,0,1,0,1
1934.45,96.7225,19,106.6,1,0,1,0,0,1,1,0,0,1,0,1
6654.1,102.37076923076924,64,102.45,0,1,0,0,1,1,1,1,0,0,0,0
84.5,28.166666666666668,2,46.0,1,1,0,1,1,1,0,0,0,1,0,1
25.25,12.625,1,25.25,1,1,1,1,0,0,0,0,0,1,0,0
1124.2,18.13225806451613,61,19.75,0,0,0,0,1,0,0,0,1,0,1,0
540.05,18.001666666666665,29,20.0,0,0,1,0,0,0,0,1,0,0,1,0
1975.85,82.32708333333333,23,86.8,1,1,1,1,1,0,1,1,0,1,0,0
3437.45,59.266379310344824,57,58.75,1,0,0,1,0,1,0,1,0,0,0,0
3139.8,43.01095890410959,72,45.25,0,0,0,0,1,0,0,1,1,0,1,0
3789.2,56.55522388059701,66,56.6,0,0,0,0,1,1,0,1,1,0,0,0
5324.5,80.67424242424242,65,84.2,0,1,0,0,1,1,0,1,1,0,1,0
624.6,69.4,8,80.0,1,1,0,1,0,1,1,0,0,1,0,0
268.35,53.67,4,70.15,1,1,1,1,0,1,1,0,0,1,0,1
1836.9,25.512500000000003,71,24.75,0,0,0,0,0,0,0,1,1,0,0,0
20.2,10.1,1,20.2,0,0,1,0,1,1,0,1,0,0,1,0
179.35,35.87,4,50.05,1,1,0,0,1,0,0,1,0,1,0,1
219.35,16.873076923076923,12,19.35,0,0,0,0,0,1,0,0,0,0,0,0
1288.75,51.55,24,50.6,0,0,0,1,1,1,0,0,0,1,0,0
2545.75,79.5546875,31,81.15,0,0,0,0,0,1,0,1,0,1,1,0
55.2,27.6,1,55.2,1,1,0,1,0,0,0,1,0,1,0,1
2723.15,87.84354838709677,30,89.9,1,1,0,0,1,1,1,0,0,1,0,0
4107.25,85.56770833333333,47,85.3,0,0,0,0,0,1,0,1,1,0,1,0
5760.65,104.7390909090909,54,108.0,0,0,0,0,1,1,1,0,1,0,0,0
4747.5,93.08823529411765,50,93.5,1,0,0,0,1,1,1,0,0,0,0,0
84.6,42.3,1,84.6,1,0,0,1,1,1,1,0,0,1,0,1
1566.9,21.464383561643835,72,20.25,0,0,0,0,0,0,0,0,1,0,0,0
702.0,23.4,29,25.15,1,0,1,0,0,0,0,0,0,0,0,0
114.1,38.03333333333333,2,54.4,1,1,0,1,1,1,0,0,0,0,0,1
299.05,27.186363636363637,10,29.6,0,1,0,0,0,1,0,0,1,1,0,0
1305.95,68.73421052631579,18,73.15,1,1,1,1,1,1,1,1,0,1,0,0
1120.3,93.35833333333333,11,95.0,1,1,1,1,0,1,1,0,0,0,0,1
284.35,16.726470588235294,16,19.75,0,0,0,0,1,0,0,0,1,0,0,0
6350.5,86.9931506849315,72,86.6,0,1,0,0,0,0,0,0,1,0,0,0
7878.3,107.92191780821918,72,109.2,0,1,0,0,1,0,1,0,1,0,0,0
3187.65,75.89642857142857,41,74.7,0,0,0,0,0,1,0,1,0,1,1,0
6126.15,92.82045454545454,65,94.4,1,0,1,1,0,0,1,1,0,0,0,0
731.3,52.23571428571428,13,54.8,1,1,1,1,0,1,0,0,0,0,0,0
273.4,54.67999999999999,4,75.35,1,0,1,1,1,0,1,0,0,1,0,0
2531.8,60.280952380952385,41,65.0,0,1,0,1,1,0,0,0,0,1,0,0
1074.3,67.14375,15,74.4,1,1,1,1,1,1,1,0,0,0,0,1
48.55,24.275,1,48.55,1,0,0,1,1,1,0,0,0,1,0,1
4298.45,99.96395348837208,42,99.0,0,0,1,1,1,1,1,0,0,0,0,0
4619.55,88.8375,51,93.5,0,0,1,1,0,1,1,1,0,0,0,0
147.15,49.050000000000004,2,70.4,1,1,1,1,0,0,1,1,0,1,1,1
40.2,20.1,1,40.2,1,1,1,1,1,0,0,1,0,0,0,1
2633.3,79.7969696969697,32,83.7,0,1,0,0,1,0,0,0,0,0,1,0
193.05,17.55,10,19.85,1,0,0,0,1,1,0,0,0,0,0,0
4103.9,60.35147058823529,67,59.55,0,1,1,0,0,1,0,1,1,0,1,0
7008.15,113.03467741935484,61,115.1,0,0,0,0,0,0,1,1,1,0,1,0
5791.1,113.55098039215687,50,114.35,0,0,0,0,1,0,1,0,0,0,0,0
80.55,26.849999999999998,2,44.6,1,1,0,1,0,1,0,1,0,1,0,1
1228.65,40.955000000000005,29,45.0,1,0,1,1,0,1,0,1,0,1,0,0
132.2,33.05,3,41.15,1,1,1,1,1,1,0,0,0,1,0,1
1364.3,97.45,13,106.9,1,1,1,1,1,1,1,0,0,0,0,1
4925.35,84.9198275862069,57,89.85,1,1,1,1,1,1,1,1,0,0,0,0
1520.1,47.503125,31,49.85,0,0,0,0,0,1,0,0,1,0,0,0
5032.25,109.39673913043478,45,113.3,0,0,0,0,0,0,1,1,0,0,0,0
5526.75,89.14112903225806,61,88.1,0,0,0,0,0,0,0,1,1,0,1,0
1195.25,23.436274509803923,50,24.9,0,0,0,0,1,0,0,0,1,0,0,0
2007.25,100.3625,19,105.0,1,0,0,0,0,1,1,0,0,0,0,0
1099.6,18.326666666666664,59,19.35,0,0,0,0,1,0,0,0,1,0,0,1
1732.95,24.06875,71,24.25,0,0,0,0,0,1,0,1,1,0,0,0
1511.2,88.89411764705882,16,94.45,1,1,1,0,0,1,1,0,0,1,0,1
3450.15,59.48534482758621,57,59.75,0,0,1,0,1,1,0,1,1,0,0,0
24.8,12.4,1,24.8,1,1,0,1,1,0,0,0,0,1,0,1
2172.05,103.43095238095239,20,107.05,1,1,1,0,1,0,1,1,0,0,0,0
70.6,35.3,1,70.6,1,1,0,1,1,0,1,0,0,1,0,1
401.1,66.85000000000001,5,85.4,1,1,1,0,1,1,1,1,0,0,0,1
5624.85,106.12924528301888,52,105.05,1,1,1,1,0,1,1,1,0,0,0,1
1339.8,60.9,21,64.95,1,0,0,1,1,1,0,1,0,0,0,0
771.95,51.46333333333334,14,55.0,1,1,1,0,1,1,0,0,0,1,0,0
244.75,40.791666666666664,5,50.55,1,1,0,1,0,0,0,0,0,0,0,0
322.9,46.128571428571426,6,55.15,1,0,0,1,0,0,0,0,0,0,0,0
498.25,45.29545454545455,10,51.2,1,1,1,1,0,0,0,0,0,0,0,0
25.4,12.7,1,25.4,1,0,0,0,0,0,0,0,0,0,1,0
3687.75,53.44565217391305,68,54.45,1,0,0,1,0,0,0,0,0,1,0,0
1779.95,93.68157894736842,18,95.15,1,1,0,1,1,0,1,1,0,1,1,1
1783.6,77.54782608695652,22,76.0,0,1,0,1,0,1,1,0,0,1,0,0
927.15,44.15,20,44.35,1,1,1,1,0,1,0,0,0,1,0,0
70.0,35.0,1,70.0,1,1,1,1,1,0,1,1,0,1,0,1
606.55,67.39444444444445,8,74.5,1,1,1,1,1,1,1,0,0,0,0,1
435.4,39.58181818181818,10,44.85,1,1,0,1,1,1,0,0,0,1,0,1
1712.7,68.508,24,76.1,1,1,1,1,1,1,1,0,0,1,0,1
2021.2,56.144444444444446,35,61.2,0,0,0,1,1,0,0,0,0,0,0,0
1940.8,80.86666666666666,23,86.8,0,1,0,0,1,0,1,1,0,0,1,0
567.8,81.11428571428571,6,89.35,1,1,1,1,0,1,1,0,0,1,0,0
220.35,16.95,12,19.7,1,0,0,0,0,0,0,0,0,0,0,0
20.25,10.125,1,20.25,1,0,0,0,1,0,0,0,0,0,0,0
5436.45,75.50625,71,76.05,0,1,1,1,0,0,1,1,1,1,1,0
3437.5,95.48611111111111,35,100.8,1,1,1,1,1,1,1,1,0,1,0,0
3015.75,73.5548780487805,40,74.55,1,1,1,1,1,1,0,1,0,1,1,0
73.6,36.8,1,73.6,1,0,0,1,0,1,1,0,0,1,1,1
1509.8,62.90833333333333,23,64.9,0,1,0,1,1,1,0,0,0,1,0,0
396.1,79.22,4,95.45,1,1,1,1,0,1,1,0,0,1,0,1
356.65,71.33,4,90.4,1,1,1,0,1,1,1,0,0,1,0,0
4109.0,59.55072463768116,68,60.3,0,1,0,0,0,0,0,1,1,0,1,0
3141.7,80.55641025641025,38,81.85,1,1,0,1,1,1,1,0,0,0,1,0
1229.1,23.19056603773585,52,24.8,0,0,0,0,1,0,0,1,1,0,1,0
2303.35,69.79848484848485,32,74.9,1,1,1,1,1,1,1,1,0,1,0,1
2054.4,68.48,29,75.55,0,1,0,0,1,0,0,1,1,1,1,0
3741.85,95.94487179487179,38,101.15,1,1,1,1,1,0,1,1,0,0,1,0
3682.45,75.15204081632653,48,78.75,0,0,0,1,1,1,0,0,0,1,1,0
19.25,9.625,1,19.25,1,0,0,0,0,1,0,0,0,0,0,0
1886.25,82.01086956521739,22,89.05,1,0,1,0,0,1,1,0,0,1,0,0
4895.1,111.25227272727274,43,115.05,0,0,0,0,0,0,1,0,1,0,0,0
341.6,56.93333333333334,5,69.35,1,1,1,1,0,1,1,1,0,1,0,0
415.55,69.25833333333334,5,80.6,1,1,1,1,1,1,1,0,0,1,0,1
5686.4,109.35384615384615,51,110.05,0,0,0,0,1,0,1,1,0,0,1,0
1355.1,18.820833333333333,71,19.9,0,0,0,0,1,1,0,0,1,0,0,0
3058.65,78.42692307692307,38,80.3,0,0,0,0,0,0,0,1,0,0,1,1
2231.05,89.242,24,93.15,1,1,1,1,1,1,1,1,0,1,0,1
3236.35,89.89861111111111,35,91.5,1,1,0,0,1,1,1,1,0,1,0,0
4350.1,79.09272727272727,54,82.45,0,0,0,0,0,0,0,0,0,0,0,1
4264.0,58.41095890410959,72,60.0,0,1,1,0,0,1,0,1,1,0,1,0
44.8,22.4,1,44.8,1,1,1,1,1,1,0,0,0,1,0,0
422.3,42.230000000000004,9,48.6,0,0,0,1,0,0,0,1,0,1,1,0
4176.7,59.667142857142856,69,60.05,0,0,0,0,1,1,0,0,1,0,0,0
5138.1,96.94528301886793,52,102.7,1,1,0,0,0,1,1,1,0,0,0,0
880.05,73.33749999999999,11,82.9,1,1,1,0,0,1,1,1,0,1,0,0
139.05,46.35,2,70.35,1,1,1,1,0,1,1,0,0,1,0,1
973.65,33.574137931034485,28,35.9,1,1,1,1,0,1,0,1,0,1,1,0
1470.05,81.66944444444444,17,82.65,1,1,0,1,0,1,1,0,0,1,0,0
739.35,20.5375,35,19.85,0,0,0,0,0,1,0,1,1,0,1,0
161.95,17.994444444444444,8,19.2,0,0,0,0,0,1,0,0,0,0,0,0
4422.95,94.10531914893616,46,94.9,0,1,0,1,1,1,1,0,0,0,0,0
511.25,63.90625,7,73.85,1,1,1,1,0,1,1,0,0,1,0,1
155.8,51.93333333333334,2,80.6,1,1,0,1,0,0,1,0,0,1,0,1
5293.95,76.72391304347826,68,75.8,0,1,0,0,1,1,0,1,0,0,1,1
4759.85,108.1784090909091,43,104.6,0,1,1,1,0,1,1,0,1,0,0,1
6148.45,89.10797101449275,68,88.15,0,0,1,0,0,1,0,0,1,0,0,0
3565.65,96.36891891891892,36,94.8,1,1,0,1,0,1,1,0,0,0,0,0
6603.0,103.171875,63,103.4,1,1,1,1,1,1,1,1,0,0,0,1
1830.1,55.45757575757575,32,54.65,1,1,0,0,0,0,0,0,0,0,0,0
6223.8,86.44166666666666,71,85.75,0,0,0,0,0,0,0,1,1,0,0,0
4508.65,67.29328358208954,66,67.45,1,0,0,1,0,1,0,1,0,0,1,0
1328.15,20.75234375,63,20.5,0,0,0,0,1,0,0,0,0,0,0,0
865.0,20.595238095238095,41,20.25,0,0,0,0,0,1,0,0,0,0,1,0
72.1,36.05,1,72.1,1,1,1,1,0,1,1,0,0,1,0,0
168.2,56.06666666666666,2,90.4,1,1,1,1,0,1,1,0,0,1,0,1
1303.5,18.359154929577464,70,19.45,0,0,0,0,0,0,0,1,1,0,0,0
996.85,41.53541666666667,23,44.95,1,1,1,1,0,1,0,0,0,1,0,0
6430.9,98.93692307692307,64,97.0,0,0,0,1,0,0,1,1,0,0,0,0
2278.75,59.9671052631579,37,62.8,0,0,0,0,1,1,0,1,1,1,1,0
681.4,37.855555555555554,17,44.6,0,1,0,1,1,0,0,0,0,1,1,0
574.35,71.79375,7,89.15,1,1,1,1,0,1,1,0,0,1,0,0
371.9,74.38,4,84.8,1,1,0,1,1,1,1,1,0,0,1,1
840.1,38.18636363636364,21,41.9,1,0,1,1,0,1,0,0,0,1,0,1
846.0,76.9090909090909,10,80.25,1,1,0,1,0,1,1,0,0,1,0,1
889.0,52.294117647058826,16,54.1,1,0,1,1,0,1,0,0,0,1,0,0
6823.4,104.97538461538461,64,105.25,0,1,1,0,1,1,1,1,1,0,0,0
805.1,28.75357142857143,27,30.75,1,0,0,1,1,0,0,1,0,1,0,1
4016.75,93.41279069767442,42,97.1,0,0,1,1,1,0,1,1,0,1,1,0
83.75,13.958333333333334,5,20.2,1,0,0,0,1,0,0,0,0,0,1,0
3959.15,94.26547619047619,41,98.8,0,1,0,0,0,1,1,0,1,0,0,0
2878.55,48.78898305084746,58,50.3,0,1,0,1,1,0,0,1,0,1,0,0
945.7,19.702083333333334,47,20.55,0,0,0,0,0,1,0,0,1,0,0,0
1373.05,72.26578947368421,18,75.9,1,1,0,0,1,1,1,0,0,1,0,0
492.55,82.09166666666667,5,96.5,1,1,0,1,1,0,1,0,0,1,0,1
1406.0,58.583333333333336,23,59.95,1,0,0,1,1,1,0,1,0,1,0,0
19.15,9.575,1,19.15,1,0,0,0,0,0,0,0,0,0,0,0
6962.85,96.70625000000001,71,98.65,0,1,0,1,1,1,1,1,0,1,0,0
8126.65,111.32397260273972,72,112.6,0,0,0,0,1,1,1,1,1,0,1,0
690.25,20.301470588235293,33,20.6,0,0,0,0,1,0,0,1,0,0,1,0
181.5,60.5,2,85.65,1,1,1,1,1,1,1,0,0,1,0,1
830.8,33.232,24,35.75,0,0,0,0,1,0,0,0,1,1,1,0
5608.4,98.39298245614034,56,99.75,0,1,0,0,0,1,1,1,0,0,1,0
3646.8,95.96842105263158,37,96.1,1,1,0,1,1,1,1,0,0,0,0,0
3662.25,83.23295454545455,43,85.1,0,1,0,0,0,0,0,0,0,0,0,0
25.35,12.675,1,25.35,1,1,0,1,1,0,0,0,0,1,0,0
2566.5,98.71153846153847,25,104.95,1,1,0,0,0,1,1,1,0,1,0,1
5308.7,85.6241935483871,61,89.65,0,0,1,0,0,0,0,0,1,0,0,0
1410.25,78.34722222222223,17,86.75,0,1,1,0,1,0,1,0,0,1,0,0
3339.05,79.50119047619049,41,86.2,0,1,0,0,0,1,1,1,0,0,0,0
50.65,25.325,1,50.65,1,1,0,1,1,0,0,0,0,0,0,1
4732.35,64.82671232876713,72,64.8,0,0,0,0,1,1,0,1,1,0,1,0
90.85,45.425,1,90.85,1,1,0,1,1,1,1,0,0,0,0,1
5067.45,103.41734693877551,48,108.1,0,1,0,1,1,1,1,0,1,0,0,0
214.75,17.895833333333332,11,19.95,1,0,0,0,1,0,0,1,0,0,0,1
4874.7,87.04821428571428,55,85.45,1,1,1,1,0,1,1,1,0,0,0,1
2348.45,54.61511627906976,42,54.75,0,0,1,0,0,1,0,0,0,0,0,0
4063.0,90.28888888888889,44,90.4,1,1,0,1,1,1,1,0,0,1,0,0
44.0,22.0,1,44.0,1,1,1,1,1,0,0,0,0,1,1,0
2595.25,92.6875,27,95.6,1,1,0,1,0,1,1,0,0,1,0,0
2309.55,82.48392857142858,27,84.8,1,1,0,0,1,1,0,1,0,0,0,0
89.3,29.766666666666666,2,44.3,1,1,1,1,0,1,0,0,0,1,0,0
367.55,18.3775,19,19.9,1,0,0,0,0,0,0,0,0,0,0,0
3944.5,91.73255813953489,42,95.05,1,1,1,1,0,1,1,1,0,1,0,0
5965.95,89.04402985074627,66,90.05,0,0,0,0,0,1,0,0,1,0,0,0
3694.7,108.66764705882352,33,109.9,1,0,0,0,1,1,1,1,0,1,0,0
2524.45,72.12714285714286,34,73.95,1,1,0,1,0,1,1,0,0,0,0,1
1803.7,53.050000000000004,33,54.6,1,1,1,0,1,1,0,0,0,1,0,0
415.1,17.295833333333334,23,20.05,0,0,0,0,0,0,0,1,0,0,1,0
624.15,18.913636363636364,32,19.75,0,0,0,0,0,0,0,0,0,0,0,0
237.7,19.808333333333334,11,20.05,0,0,0,0,0,0,0,0,0,0,0,0
7007.6,100.10857142857144,69,99.45,1,1,0,1,1,1,1,1,0,1,1,1
3848.8,55.77971014492754,68,55.9,0,0,0,0,0,0,0,1,0,1,0,0
419.4,19.97142857142857,20,19.7,0,0,0,0,1,1,0,0,1,0,0,0
1468.75,20.11986301369863,72,19.8,0,0,0,0,1,1,0,0,1,0,0,0
5812.0,95.27868852459017,60,95.4,0,0,0,1,1,1,1,1,0,1,1,0
2861.45,86.71060606060605,32,93.95,1,1,0,1,1,1,1,1,0,0,1,0
19.9,9.95,1,19.9,1,0,0,0,0,1,0,0,0,0,0,1
19.6,9.8,1,19.6,1,0,0,0,1,1,0,0,0,0,0,1
233.7,58.425,3,81.35,1,1,1,1,1,1,1,0,0,0,0,1
1066.15,22.684042553191492,46,24.45,0,0,0,0,0,1,0,1,0,0,0,0
2149.05,71.635,29,74.95,1,1,1,1,0,1,1,1,0,1,0,0
4473.0,86.01923076923077,51,87.35,1,1,1,0,1,1,1,0,0,0,0,0
3545.05,72.34795918367347,48,70.65,1,1,0,1,0,1,1,1,0,1,0,0
1195.75,70.33823529411765,16,73.25,1,1,0,1,0,0,1,1,0,0,1,0
6858.9,96.60422535211266,70,98.7,0,1,0,0,1,1,1,1,1,0,0,0
1024.7,24.992682926829268,40,24.8,0,0,0,0,0,1,0,1,1,0,1,0
1845.9,80.25652173913043,22,83.3,1,1,1,1,0,0,1,1,0,0,1,1
75.3,37.65,1,75.3,1,1,0,1,0,1,1,0,0,1,0,1
132.25,22.041666666666668,5,24.3,1,0,0,0,0,1,0,1,0,0,1,0
515.45,64.43125,7,69.85,1,1,0,1,0,1,1,0,0,1,0,0
2830.45,94.34833333333333,29,100.55,0,1,0,0,1,0,1,0,0,0,1,0
1110.5,24.677777777777777,44,25.7,0,0,0,0,1,0,0,1,0,0,1,0
449.3,40.845454545454544,10,40.7,1,0,0,1,0,0,0,0,0,0,0,0
2838.55,50.68839285714286,55,51.65,1,1,0,1,0,0,0,1,0,1,0,0
5376.4,101.44150943396225,52,105.1,0,1,0,1,1,1,1,1,0,0,0,0
858.6,78.05454545454546,10,85.95,1,1,1,1,0,0,1,1,0,1,1,0
1395.05,73.42368421052632,18,75.6,1,1,0,1,1,1,1,0,0,1,0,0
3975.7,57.618840579710145,68,58.25,0,0,0,0,0,0,0,1,0,1,0,0
1182.55,19.073387096774194,61,19.4,1,0,0,0,0,1,0,1,0,0,1,1
4784.45,65.5404109589041,72,65.2,0,0,0,0,0,1,0,1,1,0,1,0
119.5,39.833333333333336,2,53.45,1,0,1,1,1,0,0,0,0,1,0,0
518.9,39.91538461538461,12,45.4,1,1,0,1,1,1,0,0,0,1,0,1
899.45,21.41547619047619,41,19.75,0,0,1,0,1,1,0,1,1,0,0,0
1183.8,43.84444444444444,26,44.45,1,1,0,0,0,1,0,0,0,1,0,0
720.05,19.46081081081081,36,20.85,0,0,0,0,1,0,0,1,0,0,0,0
8468.2,116.00273972602741,72,114.05,0,0,0,0,1,1,1,1,1,0,1,0
3161.2,87.8111111111111,35,89.85,1,1,0,0,1,1,1,1,0,1,0,0
55.05,27.525,1,55.05,1,1,0,0,1,0,0,0,0,1,0,0
1882.55,110.73823529411764,16,112.95,1,0,1,0,0,1,1,1,0,1,1,0
5070.4,101.40799999999999,49,101.55,1,0,0,1,0,0,1,0,0,1,0,0
6049.5,109.99090909090908,54,114.65,0,0,0,0,0,1,1,1,0,0,0,0
1166.7,61.40526315789474,18,64.8,1,0,1,1,0,0,0,0,0,1,1,0
2937.65,79.39594594594595,36,80.4,1,1,1,1,0,0,1,1,0,1,0,0
6396.45,104.85983606557377,60,105.9,1,1,1,1,0,1,1,0,0,0,0,1
69.55,34.775,1,69.55,1,1,0,1,0,0,1,0,0,1,0,1
1270.25,23.96698113207547,52,25.05,0,0,0,0,0,1,0,1,1,0,1,0
759.55,84.39444444444445,8,94.75,1,1,1,1,1,1,1,1,0,1,1,0
7611.55,104.26780821917808,72,105.5,0,0,0,0,1,0,1,1,1,0,1,0
1642.75,25.273076923076925,64,24.7,0,0,0,0,0,0,0,0,0,0,0,0
1545.4,67.19130434782609,22,69.75,1,0,0,0,0,1,0,0,0,1,0,0
3582.4,58.72786885245902,60,60.2,1,1,0,0,1,1,0,1,0,0,0,0
2227.1,76.79655172413793,28,81.05,1,1,1,1,0,1,1,1,0,1,1,1
1417.9,22.86935483870968,61,24.4,0,0,0,0,0,0,0,1,1,0,0,0
2494.65,99.786,24,104.15,1,1,1,1,0,1,1,0,0,0,0,0
2768.35,95.4603448275862,28,92.9,0,1,0,0,1,0,1,1,0,0,1,0
2369.3,76.42903225806452,30,80.8,0,1,0,0,0,0,0,1,1,0,1,0
38.0,12.666666666666666,2,20.0,1,0,0,0,1,0,0,1,0,0,0,0
75.1,37.55,1,75.1,1,1,1,1,1,1,1,0,0,1,0,0
100.9,14.414285714285715,6,19.65,1,0,0,0,1,0,0,0,0,0,1,0
1614.05,64.562,24,69.45,1,1,0,1,0,1,0,1,0,0,0,0
385.9,77.17999999999999,4,101.15,1,1,1,1,1,0,1,1,0,1,1,1
673.25,84.15625,7,99.8,1,1,1,1,1,1,1,0,0,0,0,1
8404.9,115.13561643835617,72,116.05,0,0,0,0,1,1,1,1,1,0,0,0
2799.75,39.433098591549296,70,40.05,0,1,0,0,1,1,0,0,1,1,0,0
6538.45,100.59153846153846,64,102.1,0,1,1,0,1,0,1,1,1,1,0,0
6588.95,90.2595890410959,72,89.7,0,1,1,1,1,1,1,1,0,0,1,0
868.1,19.29111111111111,44,19.9,0,0,0,0,0,0,0,0,1,0,1,0
734.35,52.45357142857143,13,55.95,1,1,1,1,0,0,0,1,0,1,1,1
330.6,18.366666666666667,17,20.65,0,0,0,0,0,0,0,0,0,0,0,0
55.0,27.5,1,55.0,1,1,1,1,1,1,0,0,0,1,0,1
564.4,56.44,9,70.05,1,1,0,1,1,1,0,1,0,1,0,0
1315.35,52.614,24,53.6,1,0,0,0,1,0,0,1,0,1,0,0
74.7,37.35,1,74.7,1,1,1,1,0,1,1,1,0,0,1,1
1861.5,74.46,24,80.25,1,1,1,1,1,1,1,0,0,0,0,1
2747.2,76.3111111111111,35,76.05,1,1,1,0,1,1,0,1,0,0,1,0
554.05,69.25625,7,75.7,1,0,1,0,0,1,0,1,0,0,1,0
453.4,75.56666666666666,5,96.1,1,1,1,0,1,1,1,0,0,1,0,1
994.8,62.175,15,69.0,1,1,0,1,0,0,1,0,0,1,1,1
225.75,18.8125,11,19.65,0,0,0,0,1,0,0,1,1,0,1,0
2145.0,43.775510204081634,48,45.3,1,0,0,1,0,1,0,1,0,1,0,1
1671.6,79.6,20,81.45,1,1,1,1,0,1,1,0,0,1,0,0
8003.8,109.64109589041097,72,108.5,0,1,0,0,0,1,1,1,0,0,0,0
680.05,75.5611111111111,8,83.55,1,1,1,1,0,1,1,1,0,0,1,1
6130.85,83.98424657534247,72,84.5,0,1,0,1,1,1,1,1,1,1,1,0
1415.0,88.4375,15,100.15,1,1,1,1,0,1,1,0,0,0,0,0
6201.95,84.95821917808219,72,88.6,0,1,0,0,1,1,0,0,1,0,0,0
1397.475,1397.475,0,52.55,0,0,0,0,0,1,0,1,1,1,1,0
74.35,37.175,1,74.35,1,1,1,1,1,1,1,0,0,1,1,1
6597.25,103.08203125,63,104.8,0,1,0,1,1,1,1,1,1,0,1,0
114.15,38.050000000000004,2,59.0,1,1,1,1,0,1,0,0,0,0,0,0
139.4,46.46666666666667,2,74.4,1,0,1,1,0,1,1,1,0,1,0,1
3902.6,62.94516129032258,61,64.05,0,1,0,1,1,0,0,1,0,0,0,0
20.4,10.2,1,20.4,1,0,0,0,1,0,0,0,0,0,0,0
903.6,39.28695652173913,22,43.75,0,1,0,1,1,1,0,0,0,0,0,1
1785.65,61.574137931034485,28,60.9,1,0,0,0,1,0,0,1,0,0,0,0
1397.65,19.685211267605634,70,19.8,0,0,0,0,0,0,0,1,1,0,0,0
131.05,21.84166666666667,5,28.45,1,1,1,1,0,0,0,0,0,0,0,1
1238.45,95.26538461538462,12,99.7,1,0,0,1,0,1,1,0,0,0,0,1
3899.05,111.40142857142858,34,116.25,0,0,0,0,1,0,1,0,0,0,0,0
5676.0,78.83333333333333,71,80.7,0,0,0,1,0,1,1,1,1,1,0,0
4543.15,63.98802816901408,70,65.2,0,0,0,1,0,0,0,1,0,1,1,0
4326.8,81.63773584905661,52,84.05,1,0,0,0,0,1,1,1,0,1,1,0
5502.55,78.60785714285714,69,79.45,0,0,0,0,1,1,0,0,1,0,1,0
1782.4,84.87619047619049,20,94.1,1,1,1,1,0,1,1,0,0,0,0,1
851.8,70.98333333333333,11,78.0,1,1,0,1,1,1,1,0,0,1,1,0
167.5,55.833333333333336,2,94.2,1,1,1,0,1,1,1,1,0,1,0,1
502.85,71.83571428571429,6,80.5,1,1,1,0,0,1,1,1,0,1,1,1
19.85,9.925,1,19.85,1,0,0,0,0,0,0,0,0,0,0,0
1818.3,86.58571428571429,20,94.3,0,0,0,0,1,0,1,1,0,1,1,0
6300.15,101.61532258064516,61,106.45,1,0,1,1,1,1,1,0,0,1,0,0
334.8,55.800000000000004,5,74.35,1,1,1,1,0,1,1,1,0,1,0,1
5916.95,103.80614035087719,56,105.45,1,1,0,0,0,1,1,0,0,0,0,0
2852.4,92.01290322580645,30,95.0,1,0,0,0,1,1,1,0,0,0,0,0
4131.95,100.77926829268293,40,104.8,1,1,0,0,1,0,1,0,0,1,0,1
1546.3,53.320689655172416,28,54.3,0,0,0,0,0,0,0,0,0,1,0,0
302.6,50.43333333333334,5,70.05,1,1,1,1,0,0,1,1,0,1,0,0
1929.35,68.90535714285714,27,75.2,1,0,0,1,0,1,1,1,0,1,0,1
265.45,20.41923076923077,12,20.05,1,0,0,0,1,0,0,0,0,0,0,0
6989.45,102.7860294117647,67,105.4,0,1,1,1,1,1,1,1,0,0,1,0
1442.0,48.06666666666667,29,51.6,1,1,1,1,1,1,0,1,0,1,0,0
4713.4,84.16785714285713,55,85.5,1,1,0,1,1,0,1,1,0,1,1,0
1758.6,73.27499999999999,23,75.6,1,1,0,1,0,0,1,0,0,1,0,1
3480.0,99.42857142857143,34,100.05,1,1,1,1,1,1,1,1,0,1,0,1
4738.3,89.40188679245283,52,91.25,0,0,1,1,1,0,1,0,0,1,0,0
8399.15,115.05684931506849,72,115.75,0,0,0,0,1,1,1,1,1,0,1,0
5430.35,92.03983050847458,58,94.7,0,1,0,0,1,1,1,1,0,0,1,0
686.95,19.081944444444446,35,19.6,0,0,0,0,1,0,0,1,1,0,1,0
5706.3,100.11052631578947,56,99.9,0,1,0,0,0,1,1,0,1,0,0,0
490.65,19.625999999999998,24,21.1,0,0,0,0,0,1,0,1,1,0,1,0
1360.25,19.158450704225352,70,20.05,0,0,0,0,1,0,0,1,1,0,1,0
174.45,58.15,2,79.95,1,1,1,1,1,1,1,0,0,1,0,0
7379.8,106.9536231884058,68,107.15,0,1,0,0,1,1,1,1,0,1,1,0
85.0,42.5,1,85.0,1,1,1,1,0,1,1,0,0,1,0,1
1021.75,78.59615384615384,12,89.55,1,1,1,1,1,1,1,0,0,1,0,0
5029.05,78.57890625,63,81.55,1,1,0,1,0,1,1,1,0,0,0,0
1955.4,57.51176470588236,33,58.45,0,0,0,1,0,1,0,1,0,0,1,0
6744.2,96.34571428571428,69,95.65,0,1,0,1,0,1,1,1,0,0,0,0
4946.7,81.09344262295082,60,80.6,0,1,0,0,0,1,0,1,1,0,1,0
8248.5,112.9931506849315,72,113.1,0,0,0,0,0,1,1,1,1,0,1,0
601.6,50.13333333333333,11,58.95,1,1,0,1,0,1,0,0,0,1,0,0
19.55,9.775,1,19.55,1,0,0,0,0,0,0,0,0,0,0,0
834.1,75.82727272727273,10,86.05,1,1,0,1,1,1,1,0,0,1,0,1
597.0,42.642857142857146,13,45.55,1,0,0,0,1,1,0,0,0,1,0,1
2647.2,75.63428571428571,34,78.95,0,1,0,1,1,1,1,1,0,1,1,0
3266.0,81.65,39,86.3,1,1,0,1,1,1,1,1,0,0,1,1
6744.25,102.18560606060606,65,105.05,0,1,0,0,0,1,1,0,0,0,0,0
5265.5,103.24509803921569,50,101.9,0,0,0,1,1,1,1,1,0,0,0,0
311.6,19.475,15,19.75,1,0,0,0,1,0,0,0,0,0,0,0
7966.9,109.13561643835617,72,110.3,0,0,0,1,1,1,1,1,1,0,1,0
8220.4,112.60821917808218,72,115.6,0,0,0,0,0,1,1,1,1,0,1,0
1153.25,20.59375,55,19.35,0,0,0,0,1,0,0,1,1,0,1,0
514.75,21.447916666666668,23,25.6,0,0,0,0,0,1,0,1,1,0,1,0
2596.15,78.67121212121212,32,80.35,1,1,0,1,1,1,1,0,0,0,0,1
3808.0,66.80701754385964,56,68.75,0,0,0,1,0,1,0,1,0,1,1,0
19.9,9.95,1,19.9,1,0,0,0,0,0,0,0,0,0,0,0
2708.2,69.44102564102563,38,70.6,0,0,0,0,1,0,0,0,0,0,0,0
760.05,63.3375,11,70.2,1,1,1,1,1,0,1,0,0,1,0,0
49.3,24.65,1,49.3,1,1,1,0,1,1,0,0,0,1,0,0
6033.3,105.84736842105264,56,107.25,0,1,1,0,1,1,1,1,0,0,0,0
89.05,22.2625,3,23.6,1,0,0,0,1,1,0,1,0,0,0,0
516.15,64.51875,7,69.7,1,0,0,1,1,0,0,1,0,1,1,0
5861.75,97.69583333333334,59,99.5,0,1,0,1,1,1,1,1,1,1,1,0
445.95,55.74375,7,64.3,1,1,0,0,1,0,0,0,0,1,0,0
4973.4,69.07499999999999,71,70.85,0,0,0,0,1,1,0,1,1,1,1,0
1667.25,104.203125,15,101.9,0,0,1,0,1,0,1,1,0,1,1,0
5357.75,74.41319444444444,71,73.5,0,0,0,0,1,0,0,1,1,0,0,0
3527.6,97.98888888888888,35,100.25,1,1,1,1,0,1,1,0,0,1,0,1
422.6,35.21666666666667,11,40.4,0,1,0,0,0,1,0,0,0,0,0,0
1103.25,18.08606557377049,60,19.25,0,0,0,0,0,1,0,1,1,0,1,0
2754.0,57.375,47,59.6,0,1,0,0,1,0,0,0,1,0,0,0
697.25,58.104166666666664,11,64.9,0,1,0,0,0,0,0,0,0,1,0,0
5614.45,98.49912280701754,56,100.3,0,1,0,1,1,0,1,1,0,0,0,1
3204.4,110.49655172413793,28,110.85,1,1,1,0,0,1,1,1,0,0,0,0
4747.65,76.57499999999999,61,81.05,0,0,0,0,1,1,0,1,1,0,0,0
3082.1,96.315625,31,98.05,0,0,0,1,1,0,1,1,0,1,1,0
597.9,59.79,9,70.5,1,1,1,1,1,1,1,0,0,1,0,0
3365.4,93.48333333333333,35,94.55,1,0,1,1,1,1,1,1,0,0,0,0
38.8,12.933333333333332,2,19.65,1,0,0,0,1,1,0,0,0,0,0,0
233.55,17.965384615384615,12,19.0,1,0,0,0,0,0,0,1,0,0,1,1
75.3,37.65,1,75.3,1,0,0,1,0,0,1,0,0,1,0,1
346.2,69.24,4,89.2,1,1,1,1,0,1,1,0,0,1,0,1
19.0,9.5,1,19.0,1,0,0,0,0,1,0,1,0,0,1,0
61.7,15.425,3,20.0,1,0,0,0,0,1,0,0,0,0,0,0
85.7,42.85,1,85.7,1,1,1,1,0,1,1,0,0,1,0,1
3342.45,63.06509433962264,52,63.25,0,0,0,1,1,1,0,0,1,0,0,0
85.1,14.183333333333332,5,20.1,0,0,0,0,1,0,0,1,0,0,1,0
7422.1,101.67260273972603,72,99.15,0,0,1,1,1,1,1,1,1,0,0,0
6668.05,92.61180555555556,71,90.4,0,0,1,0,1,0,0,1,1,0,1,0
8071.05,110.56232876712329,72,111.9,0,0,0,0,1,1,1,1,1,1,0,0
1174.8,24.995744680851065,46,24.9,0,0,1,0,1,0,0,1,0,0,1,0
5435.0,84.921875,63,83.5,0,0,0,1,1,0,0,1,1,0,1,0
2438.6,78.66451612903225,30,84.3,1,0,0,1,1,1,1,0,0,0,0,0
45.6,22.8,1,45.6,1,1,0,1,1,0,0,0,0,1,0,0
713.75,54.90384615384615,12,61.65,1,0,0,0,0,1,0,0,0,1,0,1
916.15,53.891176470588235,16,54.85,0,0,0,0,1,0,0,0,1,0,0,0
237.2,47.44,4,65.55,1,1,0,0,1,0,0,0,0,1,0,0
4614.55,88.74134615384615,51,90.35,0,1,0,1,1,1,1,1,0,0,0,0
1414.45,21.43106060606061,65,20.4,0,0,0,0,1,1,0,1,1,0,0,0
1170.5,68.8529411764706,16,74.55,1,1,0,0,1,1,1,0,0,1,0,0
47.7,15.9,2,19.95,0,0,0,0,1,0,0,0,0,0,0,0
4859.25,72.52611940298507,66,74.25,0,1,0,1,0,1,1,1,0,1,1,0
4903.2,104.32340425531915,46,108.65,0,1,1,0,1,0,1,0,1,0,0,0
3608.0,109.33333333333333,32,109.55,0,0,0,0,0,1,1,0,0,1,0,0
6094.25,83.48287671232876,72,86.65,0,0,0,0,1,0,0,1,1,1,0,0
3084.9,79.10000000000001,38,81.0,0,0,0,0,1,0,0,1,1,1,1,0
2356.75,45.32211538461539,51,47.85,0,1,0,0,1,0,0,0,0,1,1,0
8306.05,113.78150684931506,72,114.55,0,0,0,0,1,0,1,1,1,0,1,0
6786.4,102.82424242424241,65,105.25,1,0,0,1,0,0,1,1,0,1,0,1
248.95,24.895,9,29.95,1,1,1,1,1,1,0,1,0,0,1,1
663.05,66.30499999999999,9,65.0,1,0,0,0,0,0,0,1,0,0,1,1
1357.1,20.255223880597015,66,20.55,0,0,0,0,1,0,0,0,1,0,1,0
4860.35,108.00777777777779,44,109.8,0,0,0,1,0,1,1,0,0,0,0,0
3418.2,67.0235294117647,50,69.5,0,1,0,0,1,0,0,0,1,1,0,0
631.4,39.4625,15,48.85,1,1,0,1,0,0,0,0,0,1,0,0
186.3,20.700000000000003,8,25.25,1,1,0,1,1,1,0,0,0,1,0,0
6976.75,104.13059701492537,66,102.85,0,1,0,0,0,1,1,0,0,1,0,0
4884.85,84.22155172413794,57,87.55,1,0,0,0,0,1,1,0,0,0,0,0
522.95,65.36875,7,78.55,1,1,0,1,0,1,1,0,0,0,0,0
362.6,32.96363636363637,10,34.55,1,1,0,1,1,1,0,1,0,1,1,0
5755.8,91.36190476190477,62,92.05,0,0,1,1,0,1,1,0,0,0,0,0
3355.65,81.84512195121951,40,85.05,0,1,1,1,1,1,1,1,0,1,1,0
406.95,19.378571428571426,20,19.7,0,0,0,0,0,0,0,0,1,0,0,0
137.6,17.2,7,20.0,1,0,0,0,0,0,0,0,0,0,0,1
2395.7,92.14230769230768,25,95.15,1,1,1,0,0,1,1,1,0,1,0,0
1968.1,82.00416666666666,23,84.25,1,1,1,1,1,0,1,1,0,0,0,0
6819.45,101.78283582089551,66,104.6,0,1,0,1,0,0,1,1,0,0,0,0
7943.45,108.81438356164384,72,111.65,0,1,1,0,0,0,1,0,1,0,0,0
4547.25,90.945,49,90.05,1,1,0,1,1,0,1,1,0,0,0,1
4687.9,106.54318181818181,43,110.75,1,1,0,0,1,1,1,1,0,0,1,1
2473.95,52.63723404255319,46,55.0,1,0,0,1,0,0,0,1,0,1,0,0
6562.9,89.90273972602739,72,89.85,0,0,0,0,1,0,0,1,1,0,1,0
176.3,16.027272727272727,10,20.35,0,0,0,0,1,0,0,0,0,0,0,0
2236.2,54.541463414634144,40,54.55,0,0,0,0,0,1,0,0,0,1,0,0
6985.65,105.84318181818182,65,105.5,1,1,1,1,0,1,1,1,0,0,1,1
3109.9,97.184375,31,99.45,0,1,0,0,1,0,1,0,1,1,0,0
4911.35,71.17898550724638,68,70.9,0,0,0,0,0,0,0,1,1,0,0,0
5794.65,101.66052631578947,56,104.55,0,0,0,1,1,1,1,1,0,1,1,1
855.3,77.75454545454545,10,85.25,1,1,1,1,1,1,1,1,0,1,0,1
1620.2,23.481159420289856,68,25.4,0,0,0,0,1,0,0,1,1,0,1,0
2499.3,56.80227272727273,43,56.15,1,1,1,1,0,0,0,1,0,1,1,1
89.55,44.775,1,89.55,1,1,1,1,1,1,1,0,0,1,0,1
4287.2,85.744,49,89.85,0,1,0,1,0,1,1,0,0,0,0,0
394.85,24.678125,15,25.25,1,0,1,0,0,1,0,1,0,0,1,0
1899.65,90.45952380952382,20,94.55,1,1,1,1,1,1,1,1,0,1,0,1
45.7,22.85,1,45.7,1,1,0,1,1,1,0,0,0,1,0,1
3442.15,67.49313725490197,50,69.65,0,1,1,0,1,1,0,1,0,1,1,0
161.5,53.833333333333336,2,89.5,1,1,1,1,0,0,1,0,0,0,0,1
1732.6,69.304,24,70.0,1,1,0,1,1,0,1,0,0,1,0,0
222.3,55.575,3,69.55,1,1,0,1,0,1,1,0,0,1,0,1
74.6,37.3,1,74.6,1,1,0,1,0,1,1,0,0,1,0,1
655.3,18.202777777777776,35,20.1,0,0,0,0,1,0,0,1,1,0,1,0
475.25,26.40277777777778,17,24.8,1,0,0,0,0,0,0,0,0,0,0,0
164.3,18.255555555555556,8,19.65,1,0,1,0,0,0,0,0,0,0,0,1
865.1,78.64545454545454,10,95.1,1,1,0,0,1,1,1,0,0,1,0,0
6132.7,88.87971014492753,68,88.85,0,0,0,0,1,1,0,1,1,0,1,0
3597.5,78.20652173913044,45,78.8,0,0,0,1,1,0,0,1,0,0,0,0
35.9,11.966666666666667,2,19.85,0,0,0,0,1,0,0,1,0,0,1,1
697.65,18.35921052631579,37,20.35,1,0,0,0,1,0,0,1,0,0,0,0
96.05,19.21,4,24.25,1,1,0,1,0,1,0,0,0,1,0,1
428.7,38.97272727272727,10,45.25,1,1,0,1,0,0,0,0,0,1,0,0
20.05,10.025,1,20.05,1,0,0,0,1,0,0,0,0,0,0,0
4459.15,67.56287878787879,65,69.55,0,0,0,1,1,1,0,1,1,0,1,0
1167.6,20.13103448275862,57,19.5,0,0,0,0,0,0,0,1,1,0,1,0
238.1,59.525,3,74.75,1,1,0,1,0,1,1,0,0,1,0,0
145.15,48.38333333333333,2,69.65,1,1,1,1,0,0,1,0,0,1,0,1
1453.1,29.061999999999998,49,30.2,1,1,0,1,1,1,0,0,0,1,0,0
191.05,38.21,4,45.65,1,1,0,1,0,0,0,0,0,1,0,1
4039.3,56.89154929577465,70,57.8,0,1,0,0,0,0,0,1,1,0,0,0
1039.45,19.249074074074073,53,19.85,0,0,0,0,0,1,0,1,0,0,1,0
1336.1,24.74259259259259,53,25.55,0,0,0,0,1,0,0,1,1,0,1,0
75.05,37.525,1,75.05,1,1,0,1,0,1,1,0,0,1,0,1
493.4,21.452173913043477,22,24.85,1,0,0,0,1,1,0,0,0,0,0,0
2550.9,48.130188679245286,52,49.15,1,1,1,1,1,1,0,0,0,0,0,1
7246.15,109.7901515151515,65,110.35,0,0,1,0,1,1,1,0,1,1,0,0
1203.95,24.570408163265306,48,24.55,0,0,0,0,0,0,0,0,0,0,0,0
62.25,20.75,2,34.7,1,1,1,1,0,1,0,0,0,1,0,1
313.6,78.4,3,107.95,1,1,0,1,1,0,1,0,0,0,0,0
3775.85,82.08369565217392,45,81.4,1,1,0,1,1,0,1,1,0,0,0,0
80.0,40.0,1,80.0,1,1,1,1,1,0,1,1,0,1,1,1
4616.05,74.45241935483871,61,73.8,0,1,0,0,0,1,0,1,1,1,1,0
195.65,48.9125,3,64.4,1,0,0,0,1,1,0,0,0,1,0,0
4188.4,102.1560975609756,40,103.75,0,1,0,0,0,1,1,0,0,1,0,0
71.1,35.55,1,71.1,1,1,0,1,0,0,1,0,0,1,0,0
49.9,24.95,1,49.9,1,1,1,0,0,1,0,0,0,1,0,0
1266.4,24.353846153846156,51,24.6,0,0,0,0,1,1,0,0,0,0,0,0
91.1,30.366666666666664,2,49.25,1,0,1,1,1,1,0,0,0,1,0,1
1623.4,30.630188679245286,52,30.1,0,1,0,1,1,0,0,0,0,0,0,0
4149.45,79.79711538461538,51,83.4,1,1,0,1,1,0,1,0,0,1,0,0
20.45,10.225,1,20.45,1,0,0,0,1,1,0,0,0,0,0,0
2344.5,73.265625,31,75.25,0,0,0,0,1,1,0,1,0,0,1,0
1013.05,21.105208333333334,47,20.55,0,0,0,0,1,0,0,0,0,0,1,0
270.7,67.675,3,75.1,1,1,0,1,0,1,1,0,0,1,0,1
417.0,18.130434782608695,22,20.05,0,0,0,0,0,1,0,0,0,0,0,0
20.65,10.325,1,20.65,1,0,0,0,0,1,0,1,0,0,0,0
6316.2,86.52328767123288,72,85.15,0,1,0,0,1,1,0,1,1,0,0,0
168.15,42.0375,3,50.15,1,1,1,1,1,1,0,1,0,1,1,1
4018.05,83.70937500000001,47,84.95,0,1,0,1,1,1,1,1,0,0,1,0
4811.6,65.9123287671233,72,66.5,0,0,0,0,1,1,0,1,1,1,1,0
4189.7,62.53283582089552,66,63.3,0,1,0,1,1,1,0,1,1,1,1,0
2848.45,79.1236111111111,35,83.15,1,1,1,1,1,0,1,0,0,1,0,0
2516.2,83.87333333333332,29,84.9,1,1,1,1,1,1,1,0,0,1,0,0
33.6,11.200000000000001,2,20.55,1,0,0,0,0,1,0,0,0,0,0,0
208.45,41.69,4,49.25,1,1,0,1,1,0,0,0,0,0,0,0
2015.35,77.51346153846154,25,79.85,1,0,0,1,0,1,1,0,0,0,0,1
3739.8,56.663636363636364,65,59.6,0,0,0,0,0,1,0,0,1,0,0,0
2964.0,105.85714285714286,27,104.65,0,1,0,0,1,1,1,0,0,0,0,0
2263.4,75.44666666666667,29,75.3,1,1,0,1,1,1,1,1,0,1,0,0
2211.8,73.72666666666667,29,80.1,1,1,0,1,1,0,0,1,0,0,1,0
19.55,9.775,1,19.55,1,0,0,0,1,0,0,0,0,0,0,1
1683.7,80.17619047619048,20,81.0,1,1,0,0,0,1,1,1,0,1,0,0
1519.0,25.74576271186441,58,24.7,0,0,0,0,0,1,0,0,1,0,0,0
1164.05,77.60333333333332,14,86.0,1,0,0,0,0,1,1,0,0,1,1,0
1710.9,23.436986301369863,72,25.4,0,0,0,0,1,0,0,1,1,0,0,0
4245.55,90.3308510638298,46,89.15,1,0,0,1,1,1,1,0,0,1,0,0
4145.9,57.58194444444444,71,58.25,0,1,0,0,0,0,0,1,1,0,0,0
2664.3,80.73636363636365,32,85.65,1,1,0,1,1,1,1,0,0,1,0,0
1277.5,47.31481481481482,26,50.35,1,1,0,1,0,1,0,0,0,1,0,0
5589.3,81.00434782608696,68,80.35,1,1,0,1,1,1,1,1,0,1,0,0
34.75,11.583333333333334,2,20.2,0,0,0,0,1,0,0,1,0,0,1,0
1305.95,21.063709677419357,61,20.55,0,0,0,0,1,0,0,1,1,0,1,0
381.3,76.26,4,85.95,1,1,1,1,0,1,1,1,0,1,1,1
141.5,35.375,3,45.35,1,1,1,1,1,1,0,0,0,1,0,1
3105.55,91.33970588235294,33,94.5,1,1,1,1,1,1,1,1,0,1,0,1
204.55,20.455000000000002,9,21.25,1,0,0,0,1,1,0,1,0,0,0,0
605.9,26.343478260869563,22,26.25,0,0,0,0,0,0,0,0,1,0,0,0
356.1,59.35,5,80.85,1,1,1,1,0,1,1,1,0,1,1,0
2758.15,88.97258064516129,30,91.7,1,0,0,1,0,0,1,0,0,0,0,1
4805.65,72.81287878787879,65,74.2,0,1,0,0,1,1,0,0,1,0,0,0
3941.7,85.6891304347826,45,87.25,1,1,1,0,0,1,1,0,0,1,0,1
92.75,15.458333333333334,5,20.35,1,0,0,0,1,0,0,0,0,0,0,0
1901.05,73.11730769230769,25,75.5,1,1,1,1,1,1,1,1,0,0,1,0
5730.7,78.5027397260274,72,79.05,0,0,0,1,0,0,1,1,1,1,1,0
2423.4,86.55,27,90.15,1,1,0,1,0,0,1,1,0,1,0,0
1653.45,50.10454545454546,32,50.6,1,1,0,1,1,0,0,1,0,1,1,0
3327.05,107.3241935483871,30,110.45,0,1,0,0,0,0,1,0,0,0,0,0
7085.5,99.79577464788733,70,101.0,0,0,0,0,1,0,1,1,1,0,0,0
3344.1,77.76976744186047,42,79.35,1,1,0,1,1,1,1,0,0,0,0,0
6697.35,91.74452054794521,72,89.85,0,0,0,0,0,1,0,1,1,0,0,0
2879.9,59.99791666666667,47,65.0,0,0,0,0,0,1,0,0,1,1,0,0
137.1,45.699999999999996,2,80.45,1,0,1,1,0,1,1,0,0,1,0,0
1008.55,91.68636363636364,10,98.55,1,0,1,1,1,0,1,0,0,1,0,1
1551.6,25.0258064516129,61,24.1,0,0,0,0,0,1,0,1,1,0,1,0
202.15,33.69166666666667,5,44.05,1,1,0,1,0,1,0,0,0,1,0,0
7882.25,107.97602739726027,72,110.8,0,1,0,0,0,1,1,1,1,0,0,0
8196.4,112.27945205479452,72,114.95,0,0,0,0,1,1,1,1,1,0,1,0
202.9,50.725,3,75.05,1,1,0,1,0,0,1,0,0,1,0,0
855.1,17.451020408163266,48,19.25,0,0,0,0,1,0,0,1,1,0,0,0
5817.0,90.890625,63,90.05,0,1,0,0,0,1,1,0,0,1,0,0
1652.95,59.033928571428575,27,56.7,1,0,0,1,0,1,0,0,0,0,0,0
5600.15,78.87535211267605,70,80.15,0,0,0,1,1,1,0,1,1,0,1,0
515.75,64.46875,7,71.35,1,0,0,0,1,1,0,1,0,1,1,0
1397.475,1397.475,0,20.25,0,0,0,0,1,0,0,0,1,0,1,0
190.5,63.5,2,90.35,1,0,1,1,0,0,1,1,0,0,0,0
1842.8,87.75238095238095,20,98.55,1,1,1,1,1,1,1,0,0,1,0,1
1253.8,18.713432835820896,66,19.7,0,0,0,0,1,0,0,0,1,0,0,0
57.2,14.3,3,19.85,1,0,0,0,0,0,0,0,0,0,0,0
1269.55,79.346875,15,85.9,1,1,0,1,0,1,1,0,0,0,1,1
6563.4,89.90958904109588,72,90.35,0,0,0,0,0,1,1,1,1,0,1,0
20.8,10.4,1,20.8,1,0,0,0,1,0,0,0,0,0,0,0
1907.85,82.95,22,89.25,1,1,1,1,0,0,1,0,0,1,0,1
208.85,52.2125,3,70.3,1,1,1,1,1,1,1,1,0,1,0,1
4758.8,65.18904109589042,72,66.85,0,0,0,0,0,0,0,1,1,1,1,0
1292.6,19.584848484848482,65,19.9,0,0,0,0,1,0,0,1,1,0,1,0
363.15,30.2625,11,35.8,1,1,0,1,0,1,0,0,0,1,0,0
1600.25,69.57608695652173,22,78.85,1,1,0,1,1,1,1,0,0,0,0,0
275.7,18.38,14,20.4,0,0,0,0,1,0,0,0,0,0,0,0
3089.1,73.55,41,74.25,1,1,1,0,1,1,1,0,0,1,0,0
1175.6,65.3111111111111,17,64.8,0,0,0,1,1,0,0,1,0,0,0,0
237.3,19.775000000000002,11,20.45,1,0,0,0,1,1,0,0,0,0,0,0
1444.65,90.290625,15,93.35,1,1,1,1,1,1,1,0,0,1,0,1
19.9,9.95,1,19.9,1,0,0,0,0,0,0,0,0,0,0,1
454.15,75.69166666666666,5,88.9,1,0,0,1,0,1,1,1,0,1,0,1
3036.75,89.31617647058823,33,95.8,0,1,1,1,1,1,1,1,0,1,0,1
8065.65,110.48835616438356,72,110.65,0,0,0,1,0,1,1,1,1,0,0,0
92.5,23.125,3,40.3,1,1,0,1,0,0,0,1,0,0,1,0
184.65,61.550000000000004,2,82.0,1,1,1,1,1,1,1,0,0,0,0,1
6152.3,102.53833333333334,59,107.0,0,0,0,0,0,1,1,1,0,0,0,0
89.5,29.833333333333332,2,45.35,1,1,1,1,1,0,0,0,0,1,0,1
5154.5,71.59027777777777,71,73.35,0,1,0,0,1,1,0,1,1,0,1,0
220.45,36.74166666666667,5,44.8,1,1,0,1,0,0,0,1,0,1,1,0
1510.3,53.93928571428571,27,54.75,1,0,0,1,1,1,0,1,0,0,1,0
52.2,26.1,1,52.2,1,1,1,0,0,1,0,0,0,1,0,1
2588.95,40.45234375,63,40.6,0,0,0,0,1,1,0,0,0,0,1,0
4874.8,103.71914893617021,46,110.0,0,0,1,1,0,1,1,0,0,0,0,1
3983.6,54.56986301369863,72,55.3,0,0,0,1,1,0,0,1,1,1,1,0
2003.6,57.245714285714286,34,60.85,1,0,0,0,0,1,0,1,0,1,0,0
1832.4,73.296,24,78.4,0,0,1,1,0,0,0,1,0,0,1,0
4908.25,67.23630136986301,72,69.65,0,0,0,0,1,0,0,0,1,0,0,0
3590.2,58.85573770491803,60,59.85,0,0,0,0,0,0,0,1,1,1,1,0
5023.0,72.79710144927536,68,76.9,0,0,0,1,1,1,0,0,0,0,0,0
146.6,16.288888888888888,8,19.85,0,0,0,0,0,1,0,1,1,0,1,0
2339.3,66.83714285714287,34,67.65,0,0,0,0,0,0,0,0,1,1,1,0
298.7,42.67142857142857,6,45.0,1,1,0,1,0,0,0,0,0,1,0,0
143.65,47.88333333333333,2,64.2,1,1,0,0,1,1,0,1,0,0,0,0
2548.65,79.6453125,31,81.7,0,1,0,0,1,0,1,0,0,1,0,0
507.4,24.16190476190476,20,25.55,1,0,0,0,0,1,0,1,0,0,1,0
20.0,10.0,1,20.0,1,0,1,0,0,0,0,1,0,0,1,0
6125.4,97.22857142857143,62,96.75,0,1,1,1,1,1,1,0,0,1,0,1
5411.4,76.2169014084507,70,75.65,0,1,0,1,0,1,1,1,1,1,0,0
1058.25,96.20454545454545,10,98.5,1,1,1,0,0,1,1,0,0,1,0,1
903.8,22.595,39,23.8,0,0,0,0,1,1,0,1,1,0,1,0
3009.5,64.03191489361703,46,64.2,0,1,0,0,0,1,0,1,1,0,0,0
489.45,69.92142857142856,6,85.35,1,1,1,1,1,1,1,0,0,0,0,1
5468.45,74.91027397260274,72,76.8,0,1,0,1,0,1,0,1,1,1,1,0
1058.1,55.68947368421052,18,55.2,1,1,0,0,1,0,0,0,0,1,0,0
7616.0,105.77777777777777,71,108.55,0,0,0,0,1,1,1,1,1,1,0,0
4113.1,100.31951219512196,40,101.3,1,1,1,1,1,1,1,1,0,0,0,1
69.55,34.775,1,69.55,1,1,1,1,1,1,1,0,0,1,0,1
6017.65,101.99406779661017,58,103.25,0,1,0,1,1,1,1,0,0,0,0,1
7250.15,102.11478873239436,70,104.0,0,0,0,0,1,1,1,0,1,1,0,1
1108.2,25.772093023255817,42,25.25,0,0,1,0,0,0,0,1,1,0,0,0
938.65,26.818571428571428,34,30.4,0,0,0,1,1,0,0,1,0,1,1,0
94.15,15.691666666666668,5,20.05,1,0,0,0,1,0,0,0,0,0,0,0
2088.05,80.3096153846154,25,84.6,1,1,0,1,0,1,1,0,0,1,0,0
178.7,59.56666666666666,2,86.2,1,1,0,1,0,1,1,0,0,1,0,1
5656.75,101.01339285714286,55,103.7,0,1,0,0,0,1,1,1,0,0,1,0
2317.1,105.32272727272726,21,111.2,1,1,1,0,1,1,1,1,0,0,0,1
5986.45,84.3161971830986,70,88.0,0,0,0,0,1,1,1,1,1,0,0,0
6751.35,108.89274193548388,61,106.35,1,1,1,0,0,1,1,1,0,1,0,0
3566.6,81.05909090909091,43,79.15,0,0,0,0,1,1,0,1,1,1,1,0
4889.3,101.86041666666667,47,103.1,0,1,1,1,1,1,1,0,0,0,0,0
318.1,53.01666666666667,5,63.95,1,1,0,0,1,1,0,0,0,1,0,0
1563.95,24.824603174603176,62,25.8,0,0,0,0,0,1,0,0,1,0,0,0
1430.25,84.13235294117646,16,89.45,1,1,0,1,0,1,1,1,0,0,1,1
644.35,80.54375,7,95.6,1,1,0,1,1,1,1,1,0,1,0,1
372.45,24.83,14,25.55,1,0,0,0,0,0,0,1,0,0,1,0
5453.4,89.39999999999999,60,90.95,0,1,1,1,1,0,1,1,0,0,1,1
1442.6,41.21714285714285,34,44.85,1,1,1,0,1,1,0,1,0,1,1,0
5610.7,110.01372549019608,50,108.55,0,0,1,0,0,0,1,1,0,0,0,1
963.95,24.71666666666667,38,25.05,0,0,0,0,1,0,0,1,1,0,1,0
5222.3,73.55352112676057,70,74.1,0,0,0,0,0,0,0,1,0,0,1,0
3340.55,87.90921052631579,37,88.8,1,1,1,1,0,1,1,1,0,0,1,0
292.8,58.56,4,78.85,1,1,1,1,0,1,1,0,0,1,0,1
5774.55,94.66475409836066,60,93.25,1,0,1,1,1,1,1,1,0,0,1,0
4487.3,71.22698412698414,62,71.4,0,0,0,0,1,0,0,1,0,1,1,0
44.4,22.2,1,44.4,1,1,0,1,1,0,0,0,0,1,0,1
2854.95,77.1608108108108,36,79.2,1,0,0,0,1,1,0,0,0,1,0,0
905.55,20.12333333333333,44,20.4,0,0,0,0,1,0,0,0,1,0,0,0
5509.3,98.38035714285715,55,100.0,0,1,1,1,0,1,1,0,0,1,0,1
7589.8,103.96986301369863,72,105.0,0,0,0,1,0,1,1,1,1,1,0,0
229.6,17.661538461538463,12,19.8,0,0,0,0,0,0,0,1,0,0,1,1
394.1,28.150000000000002,13,30.85,1,0,0,1,0,1,0,0,0,1,0,0
89.9,44.95,1,89.9,1,1,1,1,1,1,1,0,0,1,0,1
295.95,18.496875,15,20.55,0,0,0,0,0,0,0,1,0,0,1,0
5459.2,82.71515151515152,65,84.85,0,0,0,0,0,1,0,0,1,0,0,0
444.75,34.21153846153846,12,33.15,0,0,0,0,0,0,0,1,0,1,1,0
6782.15,92.90616438356165,72,92.0,0,0,0,0,1,1,0,1,1,0,0,0
6510.45,89.18424657534246,72,89.8,0,0,0,0,0,0,0,1,1,0,1,0
8476.5,116.11643835616438,72,115.8,0,0,0,0,0,1,1,1,1,0,1,0
4461.85,84.18584905660379,52,85.15,0,0,0,0,1,1,0,0,1,0,1,0
62.0,20.666666666666668,2,24.85,1,0,0,0,1,0,0,0,0,0,0,0
352.65,58.775,5,64.35,1,0,1,0,0,1,0,0,0,1,0,0
1424.9,20.65072463768116,68,20.5,0,0,0,0,0,0,0,0,1,0,0,0
6413.65,101.80396825396825,62,100.15,0,1,1,1,0,1,1,0,0,1,1,1
6309.65,86.43356164383562,72,86.05,0,0,0,0,1,0,0,0,1,0,0,0
50.8,25.4,1,50.8,1,1,1,1,1,0,0,0,0,0,0,1
5898.6,88.03880597014926,66,89.0,0,0,1,0,0,0,1,1,0,0,0,0
4719.75,64.6541095890411,72,64.8,0,0,0,0,1,1,0,1,1,0,1,0
457.3,16.937037037037037,26,19.8,0,0,0,0,1,0,0,0,0,0,0,0
5822.3,89.57384615384616,64,93.4,0,0,0,1,1,0,1,1,1,1,1,0
1463.5,69.69047619047619,20,73.65,1,1,1,1,1,1,1,1,0,0,0,1
307.4,76.85,3,95.1,1,1,1,1,0,1,1,0,0,0,0,1
2104.55,91.50217391304349,22,94.65,1,1,0,1,1,1,1,0,0,1,0,1
319.15,63.83,4,80.6,1,1,0,0,1,1,1,1,0,1,0,1
2337.45,37.10238095238095,62,39.0,0,1,0,0,1,1,0,1,1,1,0,0
104.3,17.383333333333333,5,20.5,1,0,0,0,0,1,0,0,0,0,0,0
5084.65,84.74416666666666,59,85.55,0,1,1,1,1,0,1,1,0,1,0,1
121.25,30.3125,3,26.4,0,0,0,0,1,1,0,0,1,0,1,0
7015.9,96.10821917808218,72,98.2,0,0,0,0,0,1,1,1,1,1,0,0
5598.0,96.51724137931035,57,97.55,0,1,0,1,1,1,1,1,0,0,1,0
1269.1,18.941791044776117,66,19.95,0,0,0,0,1,0,0,0,1,0,1,0
3027.4,49.62950819672131,60,50.8,1,1,1,1,0,1,0,0,0,0,0,1
4634.35,100.74673913043479,45,99.7,0,1,0,1,1,0,1,0,1,1,1,0
113.95,28.4875,3,34.8,1,1,0,1,0,1,0,0,0,1,0,0
1582.75,98.921875,15,105.1,1,0,1,0,0,0,1,0,0,1,0,1
3077.0,59.17307692307692,51,60.15,0,0,0,0,0,0,0,0,0,1,1,0
4039.5,66.22131147540983,60,64.75,0,0,1,0,0,0,0,0,0,1,0,0
1665.2,48.976470588235294,33,54.65,1,1,0,1,1,1,0,0,0,0,0,0
1043.3,94.84545454545454,10,110.1,1,0,1,0,1,1,1,0,0,0,0,1
504.2,18.674074074074074,26,19.3,0,0,0,0,1,0,0,0,0,0,0,0
497.55,71.07857142857144,6,83.9,1,1,1,1,0,0,1,0,0,1,0,1
7511.65,110.46544117647058,67,111.25,0,0,1,0,0,1,1,1,0,1,0,0
1782.0,35.64,49,35.8,0,0,0,0,0,1,0,1,0,1,1,0
20.05,10.025,1,20.05,1,0,0,0,1,1,0,0,0,0,0,0
609.65,76.20625,7,84.35,1,1,1,1,0,1,1,0,0,1,0,0
2857.6,102.05714285714285,27,110.5,0,0,0,1,0,1,1,0,0,0,0,0
3247.55,85.46184210526316,37,91.2,0,1,0,1,1,0,1,1,0,1,1,0
6215.35,97.11484375,63,100.55,1,0,1,1,0,1,1,1,0,0,1,1
2823.0,88.21875,31,89.3,1,0,1,0,1,0,1,1,0,1,1,0
5017.9,98.39019607843136,50,103.85,1,1,0,1,1,1,1,1,0,0,1,1
2619.25,79.37121212121212,32,81.1,1,1,0,1,1,1,1,0,0,1,0,0
24.6,12.3,1,24.6,1,1,1,1,0,0,0,0,0,1,0,1
4965.1,77.5796875,63,81.2,0,1,0,0,0,1,1,1,0,1,0,0
2679.7,86.44193548387096,30,94.3,1,0,0,1,1,1,1,0,0,0,0,0
8310.55,115.42430555555555,71,116.1,0,0,0,0,1,1,1,1,1,0,0,0
5682.25,105.22685185185185,53,105.55,0,1,1,1,0,0,1,0,1,0,0,0
1120.95,86.22692307692309,12,98.9,1,0,0,0,0,1,1,0,0,1,0,1
4914.9,96.37058823529411,50,94.4,1,0,0,1,1,1,1,1,0,0,0,0
27.55,9.183333333333334,2,19.5,1,0,0,0,0,0,0,0,0,0,0,0
923.5,92.35,9,98.3,1,1,0,1,0,0,1,0,0,1,0,1
1625.65,90.3138888888889,17,93.85,1,0,1,1,1,0,1,0,0,1,0,1
6068.65,106.46754385964911,56,105.6,0,0,0,1,0,1,1,1,0,0,0,0
5398.6,79.39117647058823,67,81.35,0,0,0,1,1,0,0,1,1,0,1,0
918.6,91.86,9,100.5,1,1,1,1,1,1,1,0,0,1,0,1
234.85,46.97,4,56.4,1,1,1,1,1,1,0,0,0,1,0,0
1231.85,61.592499999999994,19,65.35,0,1,0,0,1,1,0,0,0,0,0,0
170.9,18.98888888888889,8,19.95,1,0,0,0,0,0,0,0,0,0,1,0
7984.15,110.89097222222222,71,111.25,0,1,1,0,0,1,1,0,1,0,0,0
688.65,62.60454545454545,10,72.85,1,1,1,1,1,1,1,0,0,0,0,1
1288.3,80.51875,15,89.0,1,1,0,1,0,0,1,0,0,0,0,0
7848.5,107.51369863013699,72,106.1,0,0,0,1,1,1,1,1,0,1,1,0
267.0,20.53846153846154,12,20.05,0,0,0,0,1,0,0,0,0,0,0,0
1798.9,24.64246575342466,72,25.2,0,0,0,0,1,1,0,1,1,0,1,0
73.55,36.775,1,73.55,1,1,1,1,1,1,1,1,0,1,0,1
1643.55,68.48125,23,75.4,1,0,0,1,0,1,1,0,0,1,0,0
4807.45,65.8554794520548,72,65.55,0,0,0,0,1,1,0,0,1,0,0,0
2193.0,81.22222222222223,26,80.7,1,1,1,1,0,1,1,0,0,1,0,0
2239.4,101.7909090909091,21,104.55,0,1,0,0,0,1,1,0,0,0,0,0
1505.9,24.686885245901642,60,24.15,0,0,0,0,1,0,0,1,0,0,0,0
255.35,19.642307692307693,12,20.45,1,0,0,0,1,0,0,0,0,0,0,0
1189.4,69.96470588235294,16,75.4,1,1,1,1,1,1,1,1,0,1,0,0
4786.15,74.78359375,63,79.7,0,0,0,1,0,1,0,1,0,0,0,0
1820.9,79.16956521739131,22,81.7,1,0,1,1,0,0,1,0,0,0,0,0
2404.15,72.85303030303031,32,76.3,1,0,0,0,0,0,0,1,0,0,1,0
205.05,51.2625,3,79.4,1,1,1,1,0,1,1,0,0,0,0,1
952.3,68.02142857142857,13,81.15,1,1,1,1,0,1,1,0,0,0,0,1
7039.45,102.02101449275362,68,103.75,0,1,0,0,0,1,1,1,1,0,1,0
2538.05,81.87258064516129,30,86.45,0,1,1,1,0,0,1,1,0,1,1,0
1212.85,71.34411764705882,16,75.1,1,1,0,1,0,0,1,0,0,0,0,0
2651.1,77.9735294117647,33,80.6,0,1,0,0,1,0,1,0,1,0,0,0
1304.8,17.873972602739727,72,19.3,0,0,0,0,1,0,0,1,1,0,0,0
360.1,72.02000000000001,4,84.6,1,1,1,1,0,1,1,0,0,1,0,1
435.45,33.496153846153845,12,33.6,0,0,0,0,0,1,0,0,0,1,0,0
308.05,61.61,4,83.25,1,1,1,1,0,1,1,1,0,1,0,0
1397.475,1397.475,0,80.85,0,0,0,1,0,0,0,1,1,0,1,0
434.5,62.07142857142857,6,79.05,1,0,1,1,0,1,1,0,0,1,0,1
7118.9,107.86212121212121,65,108.05,0,1,0,0,0,1,1,1,0,0,0,0
320.45,20.028125,15,19.9,1,0,0,0,0,0,0,0,0,0,0,0
531.55,21.261999999999997,24,21.05,0,0,0,0,0,0,0,0,0,0,1,0
382.2,27.3,13,30.15,1,1,1,1,0,0,0,0,0,0,1,0
2001.0,80.04,24,79.85,1,1,0,1,1,1,1,0,0,1,0,0
4919.7,67.3931506849315,72,65.5,0,0,0,0,0,0,0,1,1,0,0,0
5645.8,102.6509090909091,54,104.1,1,0,0,1,0,1,1,1,0,0,1,0
215.8,53.95,3,74.4,1,1,0,1,0,0,1,0,0,1,0,1
77.6,15.52,4,20.5,1,0,0,0,1,1,0,1,0,0,1,0
2896.55,87.77424242424243,32,91.35,1,1,0,1,0,1,1,1,0,1,1,0
3395.8,94.32777777777778,35,99.05,1,1,1,1,1,1,1,0,0,1,0,1
759.35,21.093055555555555,35,20.5,0,0,0,0,1,0,0,1,1,0,1,0
85.15,28.383333333333336,2,44.95,1,1,0,1,1,0,0,0,0,1,0,1
535.55,59.50555555555555,8,75.6,1,1,1,1,0,0,1,0,0,0,0,0
1253.15,54.48478260869565,22,55.1,1,0,0,0,1,0,0,0,0,1,0,0
955.15,59.696875,15,58.95,1,0,1,0,0,0,0,0,0,1,0,0
2162.6,94.02608695652174,22,95.1,1,1,1,1,1,1,1,0,0,1,0,0
44.7,22.35,1,44.7,1,1,0,1,1,0,0,1,0,1,0,1
1813.35,25.185416666666665,71,25.45,0,0,0,0,0,0,0,1,1,0,1,0
245.15,49.03,4,56.75,1,0,1,1,1,0,0,0,0,1,0,0
2028.8,78.03076923076922,25,81.75,1,0,0,0,1,0,0,0,0,0,0,0
2723.75,82.53787878787878,32,86.1,1,1,1,1,0,1,1,1,0,0,1,0
220.45,27.55625,7,29.8,1,0,0,1,1,0,0,1,0,1,0,0
365.8,20.322222222222223,17,20.5,0,0,0,0,1,1,0,0,0,0,0,0
551.95,61.32777777777778,8,60.9,1,0,0,1,1,0,0,1,0,1,0,0
4054.2,71.12631578947368,56,73.25,0,0,0,0,0,0,0,0,1,1,0,0
45.7,22.85,1,45.7,1,1,0,1,1,1,0,0,0,1,0,1
832.35,92.48333333333333,8,100.3,1,0,0,0,1,0,1,0,0,1,0,1
112.3,14.0375,7,19.25,1,0,1,0,1,0,0,0,0,0,0,1
60.65,15.1625,3,20.85,1,0,0,0,1,0,0,0,0,0,1,0
5550.1,77.08472222222223,71,77.35,0,0,0,0,0,0,0,0,1,0,0,0
174.8,58.26666666666667,2,96.0,1,1,1,1,0,1,1,0,0,1,0,1
90.55,45.275,1,90.55,1,1,1,1,0,0,1,0,0,1,0,1
4733.1,94.662,49,93.85,1,0,0,1,1,1,1,1,0,0,0,0
4048.95,68.62627118644068,58,70.1,0,1,0,0,1,0,0,0,1,0,0,0
1359.7,30.215555555555557,44,30.35,1,1,1,1,1,1,0,1,0,0,0,1
4542.35,75.70583333333335,59,75.95,0,1,0,0,0,1,0,1,1,0,1,0
7532.15,104.61319444444445,71,108.05,0,0,1,0,1,1,1,0,1,1,0,1
69.9,34.95,1,69.9,1,1,1,1,1,1,1,0,0,1,0,1
888.65,74.05416666666666,11,75.25,1,1,1,1,0,0,1,0,0,1,0,0
6383.35,101.32301587301588,62,103.75,0,1,1,1,1,1,1,1,0,0,0,1
1916.0,53.22222222222222,35,54.95,0,0,0,0,0,1,0,1,0,1,1,0
413.0,19.666666666666668,20,19.5,1,0,0,0,0,1,0,0,0,0,0,0
808.95,19.73048780487805,40,19.6,0,0,0,0,1,0,0,1,1,0,1,0
1886.4,47.160000000000004,39,47.85,0,0,1,1,0,1,0,0,0,1,0,0
86.6,43.3,1,86.6,1,1,1,1,1,1,1,0,0,1,0,1
1679.25,23.003424657534246,72,23.75,0,0,0,0,0,0,0,1,1,0,1,0
2656.5,78.13235294117646,33,80.6,1,1,0,1,0,1,1,1,0,0,0,1
540.95,41.611538461538466,12,43.8,1,1,0,1,0,0,0,0,0,1,0,0
19.75,9.875,1,19.75,1,0,0,0,1,0,0,0,0,0,0,0
537.35,19.19107142857143,27,19.15,1,0,0,0,1,0,0,0,0,0,1,0
678.8,19.39428571428571,34,19.6,0,0,0,0,1,0,0,1,0,0,1,0
4513.65,79.18684210526315,56,80.3,0,0,0,1,0,0,1,1,1,1,0,0
1423.85,24.133050847457625,58,24.35,0,0,0,0,0,0,0,0,1,0,0,0
555.4,24.14782608695652,22,25.25,0,0,0,0,0,0,0,1,1,0,1,0
225.55,20.504545454545454,10,26.1,0,0,0,0,0,0,0,1,1,0,1,0
268.45,19.175,13,20.0,0,0,0,0,1,0,0,0,1,0,0,0
2917.5,81.04166666666667,35,85.3,1,1,0,0,0,0,1,0,0,0,0,1
2416.1,69.03142857142856,34,70.0,1,1,0,1,0,1,1,0,0,1,0,1
424.45,84.89,4,94.3,1,1,1,1,0,1,1,0,0,1,0,1
1492.1,20.43972602739726,72,20.7,0,0,0,0,1,0,0,1,1,0,0,0
132.4,44.13333333333333,2,70.3,1,1,1,0,1,0,0,0,0,1,0,0
660.9,82.6125,7,95.35,1,1,1,1,0,1,1,0,0,1,0,1
1893.95,67.64107142857144,27,75.5,1,1,1,1,1,1,1,1,0,1,0,1
284.9,56.98,4,69.55,1,1,0,1,1,1,1,1,0,1,1,0
784.25,20.638157894736842,37,19.85,0,0,0,0,0,0,0,0,1,0,0,0
417.7,18.986363636363635,21,20.0,1,0,0,0,1,0,0,0,0,0,0,0
5016.25,92.89351851851852,53,95.85,0,1,0,1,0,1,1,1,0,1,0,0
1612.75,84.88157894736842,18,90.1,1,1,1,0,0,1,1,0,0,1,0,1
119.75,39.916666666666664,2,68.95,1,1,1,1,0,0,1,0,0,1,0,1
3204.65,97.11060606060606,32,99.55,1,0,0,1,1,1,1,1,0,1,1,1
485.2,20.216666666666665,23,20.75,0,0,1,0,1,1,0,1,0,0,0,0
160.85,40.2125,3,50.15,1,0,0,1,1,1,0,0,0,1,0,0
4145.25,57.572916666666664,71,58.65,0,0,0,0,0,0,0,1,1,0,1,0
827.45,82.745,9,95.9,1,1,0,0,1,1,1,0,0,1,0,0
49.5,24.75,1,49.5,1,1,1,1,0,0,0,0,0,0,0,0
990.85,52.15,18,57.45,1,1,1,1,1,0,0,1,0,1,1,1
696.35,53.565384615384616,12,53.65,0,1,0,1,1,0,0,1,0,1,1,1
5585.4,77.57499999999999,71,80.1,0,0,0,0,1,1,0,1,1,0,0,0
1601.2,24.633846153846154,64,24.4,0,0,0,0,0,1,0,0,0,0,0,0
162.45,32.489999999999995,4,40.05,1,1,1,0,1,1,0,0,0,1,0,0
470.2,19.591666666666665,23,19.5,1,0,0,0,0,1,0,0,0,0,0,0
2066.0,51.65,39,51.05,1,0,0,1,0,0,0,1,0,1,1,0
1426.45,49.18793103448276,28,54.35,0,0,0,0,1,0,0,1,0,1,0,0
392.5,65.41666666666667,5,84.7,1,1,1,1,0,1,1,0,0,0,0,0
3861.45,83.9445652173913,45,86.1,1,1,1,1,0,1,1,1,0,1,0,0
2552.9,67.18157894736842,37,70.35,1,1,0,1,1,1,1,0,0,1,0,0
6668.35,109.31721311475411,60,110.0,0,0,0,0,0,1,1,1,1,0,0,0
819.4,91.04444444444444,8,100.6,1,1,1,1,1,1,1,0,0,1,0,1
4615.25,96.15104166666667,47,94.9,0,0,0,1,0,0,1,0,0,1,0,0
2070.6,76.68888888888888,26,83.75,1,1,1,1,1,1,1,1,0,1,1,1
273.75,68.4375,3,88.3,1,0,0,0,0,1,1,1,0,1,1,1
3557.7,69.75882352941176,50,69.75,1,1,0,1,0,1,1,1,0,1,1,0
1957.1,69.89642857142857,27,71.6,1,1,0,0,1,0,0,1,0,1,1,0
729.95,81.10555555555555,8,92.1,1,1,1,1,0,1,1,0,0,1,0,1
1416.75,22.488095238095237,62,23.65,0,0,0,0,0,0,0,1,1,0,0,0
5924.4,82.28333333333333,71,81.85,0,0,0,0,0,0,0,1,1,1,0,0
1697.7,25.338805970149256,66,25.1,0,0,0,0,1,0,0,0,1,0,0,0
7849.85,113.7659420289855,68,114.7,0,0,0,0,1,1,1,1,1,0,1,0
649.4,46.385714285714286,13,49.15,1,1,1,1,0,0,0,0,0,1,0,0
4557.5,79.95614035087719,56,80.9,0,1,1,1,1,1,1,1,0,1,0,0
3013.05,77.25769230769231,38,79.45,1,0,1,1,1,1,1,1,0,0,0,1
1266.1,84.40666666666667,14,90.45,1,1,0,1,1,0,1,0,0,1,0,1
360.35,21.197058823529414,16,19.3,0,0,0,0,0,1,0,0,0,0,1,0
1046.5,69.76666666666667,14,70.2,1,1,1,1,0,0,1,1,0,1,1,0
2347.9,71.14848484848486,32,69.75,1,1,0,1,1,1,1,1,0,1,1,1
447.75,49.75,8,54.25,0,0,0,0,0,0,0,0,0,1,0,0
4209.95,95.68068181818181,43,99.3,1,1,0,1,0,1,1,1,0,1,1,0
3877.65,73.16320754716982,52,74.0,0,0,0,0,0,0,0,0,0,1,0,0
152.3,38.075,3,50.25,1,1,0,0,1,1,0,0,0,1,0,0
572.2,19.073333333333334,29,19.8,0,0,0,0,1,1,0,0,0,0,0,0
19.65,9.825,1,19.65,1,0,0,0,0,0,0,0,0,0,0,1
526.95,40.534615384615385,12,43.65,1,1,1,0,1,1,0,0,0,1,0,1
552.7,32.51176470588236,16,35.5,1,1,0,1,0,1,0,1,0,1,1,0
3208.65,78.25975609756098,40,80.75,0,1,0,0,0,1,0,0,0,1,0,0
210.75,35.125,5,39.5,1,1,1,1,0,0,0,0,0,1,0,1
3706.95,90.41341463414633,40,97.1,1,1,0,1,1,1,1,1,0,1,0,1
620.75,16.777027027027028,36,19.55,0,0,0,0,0,0,0,0,0,0,0,0
412.5,68.75,5,80.0,1,1,1,1,0,1,1,0,0,1,0,1
832.05,75.64090909090909,10,84.7,1,0,0,1,0,1,1,0,0,1,0,1
185.55,61.85,2,89.55,1,1,0,1,1,1,1,1,0,1,1,1
1943.2,80.96666666666667,23,90.6,1,1,1,0,1,1,1,0,0,1,0,1
505.9,18.737037037037037,26,20.05,0,0,0,0,1,1,0,1,0,0,1,0
8046.85,110.23082191780823,72,112.4,0,0,1,1,0,1,1,1,1,0,0,0
1815.3,51.86571428571428,34,50.2,1,1,0,0,0,0,0,1,0,1,0,0
612.95,55.722727272727276,10,62.25,1,0,0,0,1,0,0,0,0,1,0,0
795.15,53.01,14,55.7,0,0,0,0,0,0,0,0,0,1,0,0
2169.8,90.40833333333335,23,90.05,1,0,0,1,0,1,1,0,0,1,0,1
973.1,20.272916666666667,47,19.65,0,0,0,0,1,0,0,1,1,0,0,0
2210.2,88.40799999999999,24,89.25,1,0,1,0,1,1,1,1,0,1,0,0
4853.75,97.075,49,99.05,1,1,0,1,1,1,1,1,0,0,0,1
1055.9,50.280952380952385,20,54.0,0,0,0,0,1,0,0,0,0,1,0,0
144.55,48.18333333333334,2,69.75,1,1,0,1,0,0,1,0,0,1,0,1
91.1,30.366666666666664,2,49.05,1,1,0,1,0,1,0,0,0,0,0,1
1304.85,56.73260869565217,22,56.75,0,1,0,0,1,0,0,0,1,1,0,0
713.0,89.125,7,98.05,1,1,0,1,1,1,1,0,0,1,0,1
21.1,10.55,1,21.1,1,0,0,0,1,0,0,0,0,0,0,0
5580.8,93.01333333333334,59,96.65,1,1,0,0,0,1,1,1,0,0,1,0
1497.9,25.38813559322034,58,24.5,0,0,0,0,0,1,0,1,0,0,1,0
4527.45,107.79642857142856,41,114.5,1,0,0,0,0,1,1,0,0,0,0,1
4590.35,76.50583333333334,59,79.2,0,1,0,1,0,1,1,0,1,0,0,0
200.2,50.05,3,69.55,1,1,1,1,0,1,1,1,0,1,1,0
614.45,18.61969696969697,32,20.05,0,0,0,0,1,1,0,0,1,0,0,0
4564.9,97.12553191489361,46,98.85,1,1,1,1,1,1,1,1,0,1,0,0
1397.475,1397.475,0,25.75,0,0,0,0,1,0,0,1,1,0,1,0
171.15,57.050000000000004,2,80.95,1,1,1,1,1,1,1,0,0,1,0,1
1012.4,19.10188679245283,52,19.6,0,0,0,0,0,0,0,1,0,0,1,0
940.35,67.16785714285714,13,74.3,1,1,1,1,0,1,1,0,0,1,0,1
1047.7,87.30833333333334,11,89.7,1,1,0,1,0,0,1,0,0,1,0,1
2766.4,83.83030303030303,32,87.65,1,0,0,0,1,0,1,0,0,1,0,0
1622.45,90.13611111111112,17,100.45,1,1,0,1,1,1,1,1,0,1,0,1
1129.35,66.43235294117646,16,74.75,1,1,0,1,0,1,1,0,0,1,0,0
5680.9,109.24807692307692,51,107.45,0,0,0,1,0,0,1,0,0,0,0,0
2243.9,74.79666666666667,29,75.35,0,1,0,0,1,1,0,0,0,1,0,0
4523.25,63.70774647887324,70,64.95,0,0,0,0,1,0,0,1,1,0,0,0
7159.7,99.44027777777778,71,100.45,0,0,1,0,0,0,1,1,1,1,1,0
2839.95,67.61785714285713,41,68.5,0,1,0,1,1,0,0,1,0,0,1,0
80.55,40.275,1,80.55,1,1,1,1,1,1,1,0,0,1,0,0
580.1,72.5125,7,81.25,1,0,0,0,0,0,0,1,0,1,0,0
2178.6,83.79230769230769,25,90.4,0,1,1,1,1,1,1,1,0,1,1,1
6038.55,88.80220588235295,67,89.55,0,0,1,0,1,0,1,1,0,0,1,0
259.4,43.23333333333333,5,55.7,1,1,0,0,1,1,0,1,0,1,1,0
324.15,20.259375,15,24.8,1,0,1,0,1,1,0,0,0,0,1,0
417.65,19.888095238095236,20,20.0,1,0,1,0,0,0,0,1,0,0,1,0
168.15,42.0375,3,56.15,1,1,0,1,1,1,0,1,0,0,1,1
5637.85,102.50636363636364,54,105.2,0,1,1,0,1,1,1,1,0,0,1,0
839.4,19.52093023255814,42,19.55,0,0,0,0,1,1,0,0,0,0,0,0
769.1,76.91,9,79.75,1,1,1,1,0,1,1,1,0,1,0,0
6253.0,97.703125,63,97.45,0,1,0,1,0,0,1,0,1,0,0,0
1641.8,23.454285714285714,69,24.25,0,0,0,0,0,0,0,1,1,0,0,0
1678.05,23.972142857142856,69,24.6,0,0,0,0,0,0,0,0,1,0,0,0
2058.5,50.207317073170735,40,50.15,1,1,0,1,1,1,0,1,0,0,0,0
2424.5,39.74590163934426,60,39.6,0,0,0,1,1,0,0,0,1,0,0,0
387.2,77.44,4,94.4,1,0,0,0,0,1,1,0,0,1,0,1
6293.45,87.40902777777778,71,89.85,0,0,0,0,0,0,0,0,1,0,0,0
2839.65,74.72763157894737,37,78.95,1,1,0,1,0,1,1,1,0,1,0,1
3145.9,95.33030303030303,32,98.85,1,1,0,1,1,1,1,1,0,0,0,0
2200.7,55.0175,39,53.85,0,1,0,0,1,1,0,0,1,1,0,0
914.4,23.446153846153845,38,24.25,0,0,1,0,0,1,0,0,0,0,0,0
4577.75,86.37264150943396,52,89.45,0,1,0,1,1,1,1,0,1,1,0,0
4997.5,101.98979591836735,48,105.25,1,0,0,1,0,1,1,1,0,0,1,0
4144.8,58.3774647887324,70,59.5,0,0,0,0,1,0,0,1,1,1,1,0
1493.55,71.12142857142857,20,70.55,1,1,0,1,1,0,1,0,0,1,0,0
4179.1,81.94313725490197,50,82.5,0,0,0,0,0,1,0,0,0,1,0,0
893.55,44.677499999999995,19,44.85,0,1,0,1,0,1,0,0,0,1,0,1
1611.0,61.96153846153846,25,61.6,0,0,0,1,1,1,0,1,0,0,1,0
593.05,45.61923076923077,12,49.05,1,1,0,1,1,1,0,0,0,0,0,0
4284.8,107.12,39,105.65,1,1,1,1,1,1,1,1,0,0,0,1
544.55,68.06875,7,74.65,1,1,0,1,1,0,1,0,0,1,0,1
1533.8,63.90833333333333,23,66.25,0,0,0,0,0,1,0,1,0,0,1,0
529.8,18.92142857142857,27,19.4,1,0,1,0,1,1,0,0,0,0,0,0
3865.6,80.53333333333333,47,86.05,1,1,0,1,1,1,1,0,0,1,0,0
515.75,19.10185185185185,26,19.15,0,0,0,0,1,1,0,1,1,0,1,0
941.0,62.733333333333334,14,64.7,1,0,0,1,0,1,0,1,0,1,0,1
1133.65,94.47083333333335,11,104.05,1,1,0,0,0,1,1,1,0,1,0,1
48.35,16.116666666666667,2,19.25,1,0,0,0,1,0,0,0,0,0,1,0
2070.05,76.66851851851852,26,81.95,1,0,1,1,0,0,1,1,0,0,1,0
8333.95,114.16369863013699,72,114.65,0,0,0,0,0,1,1,1,1,0,0,0
1209.25,18.89453125,63,20.0,0,0,0,0,0,0,0,1,1,0,1,0
1396.25,19.39236111111111,71,19.8,0,0,0,0,1,0,0,1,1,0,1,0
723.35,60.27916666666667,11,65.15,1,0,0,1,1,1,0,1,0,1,1,0
228.65,15.243333333333334,14,19.65,0,0,0,0,1,0,0,1,0,0,0,0
1161.75,82.98214285714286,13,88.95,0,0,0,0,0,0,0,0,1,0,1,0
98.35,14.049999999999999,6,20.2,1,0,0,0,1,1,0,0,0,0,1,0
775.3,64.60833333333333,11,75.2,1,1,0,1,1,1,1,1,0,1,1,0
1074.65,56.56052631578948,18,56.8,1,1,0,1,1,0,0,1,0,0,0,0
35.55,17.775,1,35.55,1,1,1,1,1,1,0,0,0,1,0,1
2324.7,70.44545454545454,32,75.5,1,0,0,1,0,1,1,1,0,1,0,0
1072.6,35.75333333333333,29,35.6,0,0,0,0,1,0,0,0,0,1,0,0
170.5,42.625,3,60.25,1,1,1,1,0,1,0,0,0,1,0,0
196.9,65.63333333333334,2,95.15,1,1,1,1,0,1,1,0,0,1,0,1
1162.85,83.06071428571428,13,96.65,1,1,0,1,1,1,1,1,0,1,1,1
1677.85,39.94880952380952,41,40.35,1,1,1,1,0,1,0,0,0,0,0,0
18.85,9.425,1,18.85,1,0,1,0,0,0,0,0,0,0,0,0
370.4,46.3,7,54.85,1,1,0,1,1,0,0,0,0,1,0,0
3410.6,64.35094339622641,52,64.3,0,0,0,1,0,1,0,1,0,1,0,0
1138.8,24.756521739130434,45,24.65,0,0,0,0,0,1,0,1,1,0,1,0
5264.25,74.1443661971831,70,76.1,0,1,0,0,1,0,0,1,1,0,0,0
1005.7,18.624074074074073,53,18.7,0,0,0,0,0,0,0,0,1,0,0,0
5936.55,94.23095238095239,62,97.95,0,1,0,1,0,1,1,1,0,0,0,0
5475.9,89.76885245901639,60,94.1,1,0,0,1,0,1,1,1,0,0,0,0
224.05,56.0125,3,80.4,1,1,1,1,0,1,1,1,0,1,0,1
2326.05,96.91875,23,95.1,1,0,1,1,0,1,1,1,0,1,0,0
31.35,15.675,1,31.35,1,1,0,1,1,1,0,0,0,0,1,1
4991.5,73.40441176470588,67,72.35,0,0,0,0,0,1,0,0,0,1,0,0
1052.4,80.95384615384616,12,89.75,1,1,0,1,0,1,1,0,0,0,0,1
5831.2,80.98888888888888,71,82.7,0,0,0,0,0,1,0,1,1,0,0,0
510.8,19.646153846153847,25,19.9,0,0,0,0,1,0,0,0,0,0,0,0
283.95,47.324999999999996,5,53.8,1,0,1,1,0,1,0,0,0,1,0,0
1295.4,47.97777777777778,26,51.55,0,1,0,1,1,1,0,0,0,1,0,0
19.65,9.825,1,19.65,0,0,0,0,1,0,0,1,0,0,1,0
3011.65,42.417605633802815,70,44.05,0,1,0,1,1,1,0,0,0,0,0,0
8093.15,110.86506849315067,72,114.0,0,0,1,0,1,1,1,1,1,0,1,0
5610.25,91.97131147540983,60,94.4,0,1,1,1,1,1,1,1,0,0,0,1
3217.65,97.50454545454545,32,100.4,1,1,1,1,0,1,1,1,0,0,1,0
19.85,9.925,1,19.85,1,0,1,0,1,1,0,0,0,0,0,1
773.2,51.54666666666667,14,54.25,0,1,0,1,0,1,0,0,0,0,0,0
1029.35,73.52499999999999,13,80.0,1,0,0,1,0,1,1,0,0,1,0,0
669.45,95.63571428571429,6,109.9,1,1,0,0,0,1,1,0,0,0,0,1
3593.8,76.46382978723405,46,79.2,0,0,0,1,0,0,0,0,1,1,0,0
1553.95,97.121875,15,101.35,1,1,1,0,1,1,1,0,0,1,0,1
3953.15,89.84431818181818,43,94.3,1,1,1,0,1,1,1,1,0,0,0,0
1971.15,49.27875,39,49.8,0,1,0,0,1,1,0,0,1,1,0,0
1236.15,56.18863636363637,21,60.05,1,1,0,1,1,1,0,0,0,1,0,1
3196.0,55.10344827586207,57,53.75,1,0,1,1,1,1,0,0,0,1,0,0
4872.2,90.22592592592592,53,93.45,0,1,1,0,0,1,1,1,0,1,0,0
1500.5,78.97368421052632,18,87.9,1,0,0,1,1,1,1,1,0,1,1,0
60.15,30.075,1,60.15,1,1,1,1,0,1,0,0,0,1,0,1
3478.75,58.96186440677966,58,61.05,0,0,0,0,0,1,0,1,0,1,0,0
7413.55,102.96597222222222,71,104.05,0,1,0,1,0,0,1,0,1,1,0,0
3532.0,98.11111111111111,35,99.25,0,1,1,0,0,1,1,0,0,1,0,0
256.75,64.1875,3,85.7,1,1,0,1,1,0,1,0,0,1,0,0
3887.25,99.67307692307692,38,104.85,0,0,1,1,1,1,1,0,0,0,0,0
2490.15,69.17083333333333,35,69.15,0,0,0,0,1,1,0,1,1,0,1,0
593.45,74.18125,7,90.45,1,1,1,1,1,1,1,0,0,1,0,1
3510.3,73.13125000000001,47,74.45,0,1,0,0,0,0,0,0,1,1,0,0
765.45,51.03,14,50.45,1,1,1,1,0,0,0,0,0,0,0,0
1259.35,59.969047619047615,20,60.0,1,1,1,1,0,1,0,1,0,0,0,0
5538.35,82.66194029850747,66,85.25,0,0,1,0,1,0,0,1,1,0,0,0
340.85,21.303125,15,19.45,1,0,0,0,1,1,0,1,0,0,0,0
844.45,19.638372093023257,42,20.75,0,0,0,0,0,1,0,0,1,0,0,0
1348.95,74.94166666666666,17,78.9,1,0,1,1,0,0,1,1,0,1,0,0
3778.0,99.42105263157895,37,104.5,0,1,0,0,1,1,1,0,0,0,0,0
611.65,47.05,12,49.4,1,1,1,1,0,1,0,0,0,0,0,0
4867.95,90.14722222222223,53,94.25,0,1,0,1,1,1,1,1,0,0,0,1
1505.05,24.67295081967213,60,25.0,0,0,0,0,0,0,0,0,1,0,0,0
467.85,24.623684210526317,18,25.55,1,1,0,1,1,0,0,1,0,1,1,0
74.9,37.45,1,74.9,1,1,1,1,1,1,1,0,0,1,0,1
194.2,48.55,3,70.15,1,1,1,1,0,1,1,0,0,1,0,0
571.45,57.145,9,69.4,1,1,0,0,0,1,0,0,0,1,1,0
80.25,40.125,1,80.25,1,1,1,1,0,1,1,0,0,1,0,1
5253.95,92.17456140350878,56,93.15,0,0,1,1,1,1,1,1,0,0,0,0
1149.65,63.86944444444445,17,69.0,1,1,1,1,1,1,1,1,0,1,1,1
740.8,61.73333333333333,11,66.35,1,1,1,0,0,1,0,1,0,1,1,1
521.35,65.16875,7,69.55,1,1,1,1,1,1,1,0,0,1,0,0
1412.65,20.180714285714288,69,20.2,0,0,0,0,0,0,0,1,1,0,1,0
1532.45,76.6225,19,86.0,1,1,0,1,1,1,1,0,0,1,0,1
250.05,62.5125,3,80.3,1,1,1,1,0,1,1,1,0,1,1,1
1090.6,19.829090909090908,54,20.4,0,0,0,0,1,0,0,1,1,0,1,0
1446.8,22.965079365079365,62,23.75,0,0,0,0,1,1,0,1,0,0,0,0
2282.55,91.302,24,90.55,1,1,0,1,1,1,1,0,0,0,0,1
4300.45,68.2611111111111,62,70.45,1,1,0,1,0,1,0,1,0,1,1,0
1111.2,61.733333333333334,17,65.75,1,0,0,1,1,0,0,0,0,1,0,0
190.1,19.009999999999998,9,24.6,1,1,0,1,1,1,0,0,0,1,0,0
4447.75,68.42692307692307,64,69.25,0,0,0,0,1,0,0,1,1,1,1,0
143.35,47.78333333333333,2,75.9,1,1,1,1,0,1,1,0,0,1,0,1
45.85,22.925,1,45.85,1,1,0,1,1,1,0,1,0,1,1,1
810.2,47.65882352941177,16,49.95,1,1,1,0,0,1,0,1,0,1,0,1
1830.05,25.06917808219178,72,24.65,0,0,0,0,0,0,0,1,1,0,0,0
2820.65,90.98870967741935,30,90.4,0,0,0,1,1,0,1,0,0,0,0,0
4847.35,96.947,49,100.85,1,0,0,1,0,1,1,1,0,1,0,0
4729.3,76.27903225806452,61,75.35,0,0,0,0,1,0,0,1,1,1,0,0
4017.45,83.69687499999999,47,87.2,1,1,1,1,1,0,1,1,0,0,1,0
1398.6,66.6,20,64.4,1,0,0,1,1,0,0,0,0,1,0,0
2564.3,73.2657142857143,34,78.3,1,1,1,1,1,0,1,1,0,1,1,1
1685.9,23.745070422535214,70,24.7,0,0,0,0,0,0,0,1,1,0,1,0
5826.65,105.93909090909091,54,105.85,0,0,1,0,1,1,1,0,0,0,1,0
6066.55,97.84758064516129,61,98.3,0,1,0,0,1,1,1,1,0,0,0,0
228.4,57.1,3,76.95,1,1,1,1,1,1,1,0,0,1,0,1
270.2,19.3,13,19.45,0,0,0,0,1,0,0,0,0,0,0,0
1529.2,89.95294117647059,16,96.15,1,1,1,1,0,1,1,0,0,1,0,1
168.6,42.15,3,58.7,1,1,0,1,0,1,0,1,0,0,1,0
536.35,20.628846153846155,25,20.15,1,0,0,0,1,1,0,0,0,0,0,0
1888.45,60.917741935483875,30,64.5,1,0,0,1,1,1,0,0,0,1,0,0
629.35,28.606818181818184,21,28.5,1,0,1,1,0,0,0,1,0,1,0,0
45.3,22.65,1,45.3,1,1,1,1,1,0,0,0,0,1,0,1
289.3,18.08125,15,19.4,1,0,0,0,0,0,0,0,0,0,0,1
2117.25,88.21875,23,90.45,1,1,1,1,1,1,1,1,0,1,0,0
4730.9,102.84565217391304,45,105.15,1,0,1,1,0,1,1,1,0,0,1,0
2033.05,81.322,24,83.15,0,1,0,1,0,0,1,1,0,0,1,0
987.95,82.32916666666667,11,90.15,1,1,1,0,0,0,1,0,0,1,0,1
45.05,22.525,1,45.05,1,1,0,1,1,0,0,0,0,1,0,1
5744.35,100.7780701754386,56,103.2,0,1,0,0,0,0,1,1,1,1,0,0
75.8,37.9,1,75.8,1,1,1,1,0,0,1,0,0,0,0,1
19.45,9.725,1,19.45,1,0,1,0,1,0,0,0,0,0,0,0
523.15,65.39375,7,79.3,1,1,1,1,0,1,1,0,0,1,0,1
4805.3,85.80892857142858,55,88.8,0,1,0,0,0,0,1,1,1,1,0,0
59.05,19.683333333333334,2,30.9,1,1,1,0,0,1,0,0,0,1,0,1
6110.75,83.70890410958904,72,85.9,0,0,0,0,0,1,0,1,1,1,1,0
1596.6,34.70869565217391,45,34.2,0,1,1,1,0,0,0,0,0,1,0,0
1046.2,21.795833333333334,47,20.15,0,0,0,0,0,0,0,0,1,0,0,0
4424.2,94.13191489361702,46,95.25,0,1,0,1,0,0,1,0,0,0,0,1
92.75,30.916666666666668,2,50.3,1,1,0,1,1,1,0,0,0,0,0,0
194.55,64.85000000000001,2,80.15,1,0,1,0,0,1,1,1,0,1,0,0
612.1,47.08461538461539,12,51.25,1,1,1,1,0,1,0,1,0,0,0,0
6127.6,88.80579710144929,68,89.6,1,1,0,1,0,1,1,1,0,0,0,1
6671.7,95.31,69,95.2,0,1,0,0,1,1,1,1,1,1,1,0
5264.3,92.3561403508772,56,94.8,0,0,0,1,1,0,1,0,0,1,1,0
303.7,60.739999999999995,4,80.25,1,0,1,1,0,1,1,0,0,1,0,0
4818.8,74.13538461538462,64,76.1,0,1,0,0,1,1,0,1,1,0,0,0
6448.05,107.4675,59,110.15,0,0,1,1,1,1,1,1,0,0,0,1
7159.05,113.63571428571429,62,115.55,0,0,0,0,1,0,1,1,1,0,1,0
1574.5,24.6015625,63,24.65,0,0,0,0,1,0,0,1,1,0,1,0
2879.2,53.318518518518516,53,53.6,0,0,1,0,0,1,0,0,0,0,0,0
86.05,14.341666666666667,5,19.45,1,0,0,0,1,0,0,1,0,0,1,0
4159.45,83.189,49,88.2,1,0,1,1,1,1,1,1,0,0,0,0
6638.35,105.37063492063493,62,101.15,0,0,0,1,0,1,1,1,1,1,1,0
3112.05,55.572321428571435,55,56.8,0,0,0,0,0,0,0,1,1,0,0,0
7168.25,99.55902777777777,71,99.4,0,0,1,0,0,1,1,1,1,0,0,0
1326.25,18.16780821917808,72,20.1,0,0,0,0,0,1,0,1,1,0,1,0
2234.55,60.39324324324325,36,60.7,0,0,0,0,1,0,0,1,0,1,1,0
495.15,19.04423076923077,25,20.95,0,0,0,0,1,1,0,1,0,0,0,0
8317.95,113.94452054794522,72,114.85,0,0,0,0,0,1,1,1,1,0,0,0
679.8,18.37297297297297,36,19.25,0,0,0,0,0,1,0,0,0,0,0,0
62.8,31.4,1,62.8,1,1,0,1,1,1,0,0,0,1,0,0
7544.0,103.34246575342466,72,105.5,0,0,1,1,0,1,1,1,1,1,0,0
1188.25,19.804166666666667,59,19.85,0,0,0,0,1,0,0,1,1,0,1,0
676.7,84.5875,7,89.5,1,1,1,1,1,1,1,1,0,1,0,1
74.1,37.05,1,74.1,0,1,0,0,0,0,0,0,0,1,0,0
3242.5,104.59677419354838,30,107.5,1,1,1,0,0,1,1,1,0,0,1,0
1240.15,19.079230769230772,64,19.55,0,0,0,0,1,0,0,0,1,0,0,0
4111.35,64.23984375,63,68.8,0,0,0,0,1,0,0,0,0,0,0,0
5899.85,80.81986301369864,72,84.45,0,0,0,1,1,0,0,1,1,0,0,0
632.95,70.32777777777778,8,75.0,1,0,1,1,1,0,1,1,0,1,0,1
5193.2,82.43174603174603,62,84.5,0,1,0,0,0,0,0,0,1,0,0,0
7530.8,110.74705882352941,67,111.2,0,1,0,0,1,1,1,1,1,0,1,0
270.95,38.707142857142856,6,44.75,1,1,1,1,1,0,0,0,0,1,0,1
5460.2,76.90422535211268,70,80.6,0,0,0,0,0,1,0,1,1,1,1,0
1614.2,76.86666666666667,20,80.7,1,1,0,1,0,0,1,0,0,1,0,0
402.5,67.08333333333333,5,75.6,1,1,1,1,0,0,1,0,0,1,0,0
1367.75,54.71,24,57.6,0,0,1,1,0,0,0,1,0,0,1,0
483.7,40.30833333333333,11,44.05,1,1,1,1,0,1,0,1,0,1,0,1
7962.2,109.07123287671233,72,110.6,0,1,0,0,1,1,1,1,1,0,0,0
3810.8,56.87761194029851,66,58.2,0,0,0,0,0,1,0,1,1,0,1,0
3533.6,76.81739130434782,45,81.0,0,0,0,0,0,1,0,1,1,1,1,0
1396.9,19.955714285714286,69,19.7,0,0,0,0,0,0,0,1,1,0,1,0
1345.55,84.096875,15,85.6,1,1,0,1,1,1,1,1,0,1,0,1
1646.45,56.77413793103448,28,59.55,1,1,0,1,0,1,0,0,0,1,0,0
8127.6,114.47323943661972,70,115.55,0,0,0,0,0,0,1,0,0,0,0,1
2680.15,72.43648648648649,36,75.55,0,0,0,0,0,1,0,0,0,0,0,0
1281.0,75.3529411764706,16,86.6,1,1,1,1,1,1,1,0,0,1,0,1
1553.9,81.78421052631579,18,85.2,1,1,1,1,0,1,1,0,0,1,0,1
3207.55,91.64428571428572,34,97.65,1,1,1,1,0,1,1,1,0,1,0,1
2049.05,47.65232558139535,42,45.1,0,1,0,1,1,1,0,1,0,0,1,0
3629.2,74.06530612244897,48,70.95,0,0,0,0,1,1,0,0,0,1,0,0
5124.55,106.76145833333334,47,109.55,1,1,1,0,1,1,1,1,0,0,0,1
3474.45,86.86125,39,89.55,0,1,1,0,0,1,1,1,0,0,1,1
202.3,16.858333333333334,11,20.9,0,0,0,0,0,0,0,1,1,0,1,0
147.5,18.4375,7,19.95,1,0,0,0,1,1,0,0,0,0,0,0
86.35,21.5875,3,24.6,1,0,0,0,0,0,0,0,0,0,0,0
579.0,64.33333333333333,8,66.7,1,0,1,1,1,1,0,0,0,1,0,0
19.45,9.725,1,19.45,1,0,0,0,1,1,0,0,0,0,1,1
3131.55,94.89545454545456,32,94.8,0,0,0,1,1,0,1,1,0,0,1,0
3928.3,64.3983606557377,60,65.85,0,0,0,0,1,1,0,1,0,0,1,0
187.75,17.068181818181817,10,19.95,1,0,0,0,0,1,0,1,0,0,0,0
1710.15,23.752083333333335,71,24.65,0,0,0,0,0,1,0,1,1,0,0,0
76.35,15.27,4,20.35,1,0,0,0,0,0,0,1,0,0,1,1
69.25,34.625,1,69.25,1,1,1,1,0,1,1,0,0,1,0,1
2151.6,48.9,43,51.25,0,0,0,0,0,1,0,1,0,0,1,0
5961.1,99.35166666666667,59,99.5,0,1,0,1,1,1,1,1,0,1,0,1
1221.55,50.89791666666667,23,54.25,1,1,1,0,0,0,0,1,0,1,0,0
1496.45,20.49931506849315,72,19.4,0,0,0,0,0,0,0,1,1,0,0,0
1292.2,56.18260869565218,22,56.25,0,0,0,0,1,1,0,1,0,1,0,0
25.15,12.575,1,25.15,1,1,0,1,0,1,0,0,0,1,0,0
1713.1,24.47285714285714,69,23.95,0,0,0,0,1,0,0,0,1,0,0,0
1748.9,34.2921568627451,50,35.4,0,0,0,0,1,1,0,0,0,1,0,0
25.2,12.6,1,25.2,1,1,1,1,0,1,0,0,0,1,0,1
96.45,32.15,2,45.0,1,1,0,1,1,1,0,0,0,1,0,1
1114.55,69.659375,15,75.35,1,1,0,1,0,0,1,1,0,0,0,0
609.1,19.034375,31,20.4,0,0,0,0,1,0,0,0,1,0,0,0
20.15,10.075,1,20.15,1,0,0,0,1,0,0,0,0,0,0,1
7133.25,106.46641791044776,66,105.0,1,1,0,1,1,1,1,1,0,0,0,1
1397.475,1397.475,0,56.05,0,0,0,0,0,0,0,1,1,0,1,0
169.45,42.3625,3,54.7,1,1,0,1,1,1,0,0,0,1,1,1
141.6,15.733333333333333,8,20.0,0,0,0,0,0,0,0,0,1,0,0,0
4688.65,72.13307692307691,64,73.05,0,0,0,1,1,1,0,1,0,1,1,0
563.05,19.41551724137931,28,20.5,1,0,0,0,0,0,0,1,0,0,0,0
5985.0,103.1896551724138,57,100.75,0,1,0,1,0,1,1,1,0,1,0,0
1258.6,83.90666666666667,14,87.25,1,1,1,1,0,1,1,1,0,1,1,1
373.5,18.675,19,19.95,0,0,0,0,1,1,0,0,1,0,0,0
857.2,77.92727272727274,10,79.95,1,1,1,1,1,1,1,1,0,1,0,1
2553.35,49.10288461538461,51,49.65,1,1,1,1,0,1,0,1,0,0,0,0
4322.85,63.57132352941177,67,65.65,0,0,0,1,0,0,0,1,1,0,0,0
250.8,20.900000000000002,11,20.45,1,0,1,0,1,1,0,1,0,0,1,0
4549.05,62.31575342465754,72,60.95,0,0,0,0,1,0,0,1,1,1,1,0
1359.5,20.291044776119403,66,20.35,0,0,1,0,1,1,0,1,0,0,1,0
1639.3,86.27894736842104,18,88.35,1,1,1,0,0,1,1,0,0,1,0,1
178.85,17.884999999999998,9,19.5,1,0,1,0,0,1,0,0,0,0,0,0
633.85,63.385000000000005,9,75.2,1,1,0,1,0,1,1,0,0,1,0,0
5315.1,108.47142857142858,48,111.45,1,0,0,1,1,1,1,1,0,0,0,0
735.5,66.86363636363636,10,70.15,1,1,0,1,1,0,1,0,0,1,0,0
889.9,88.99,9,94.75,1,1,1,1,0,1,1,0,0,1,0,1
1290.0,92.14285714285714,13,95.05,1,1,1,1,0,1,1,0,0,1,0,1
330.05,66.01,4,78.45,1,1,1,1,1,0,1,0,0,0,0,1
237.95,47.589999999999996,4,70.2,1,1,1,1,1,1,1,0,0,1,0,1
6474.4,88.69041095890411,72,92.0,0,0,0,0,0,0,0,1,1,0,0,0
4421.95,85.0375,51,85.5,0,0,0,0,0,0,0,1,1,0,1,0
2452.7,40.87833333333333,59,41.05,1,1,0,1,1,1,0,1,0,0,0,1
813.85,73.98636363636363,10,85.6,1,1,1,1,1,1,1,1,0,1,0,1
4904.85,79.11048387096774,61,82.15,1,1,1,1,1,1,1,1,0,0,0,0
4484.05,81.52818181818182,54,84.4,0,0,1,0,1,0,1,0,0,1,0,0
2033.85,59.81911764705882,33,60.9,1,0,0,1,0,1,0,0,0,0,0,0
538.2,19.22142857142857,27,20.25,0,0,0,0,0,1,0,0,1,0,0,0
79.2,39.6,1,79.2,1,1,1,1,0,1,1,0,0,1,0,1
2192.9,91.37083333333334,23,95.3,1,1,0,1,1,0,1,0,0,0,0,0
19.85,9.925,1,19.85,1,0,0,0,1,0,0,0,0,0,1,0
3858.05,83.87065217391304,45,84.35,0,0,0,0,1,1,0,1,1,0,1,0
854.8,21.369999999999997,39,19.85,0,0,0,0,0,1,0,1,1,0,1,0
347.4,57.9,5,70.0,0,1,0,1,1,1,0,0,0,1,0,1
5815.15,79.65958904109588,72,82.3,0,0,0,0,1,0,0,1,1,0,1,0
3970.4,67.2949152542373,58,66.8,1,1,0,1,0,1,0,1,0,0,1,0
3058.15,43.072535211267606,70,44.6,0,0,0,0,0,1,0,0,1,0,0,0
6145.2,99.11612903225806,61,98.45,0,1,0,0,1,1,1,1,0,0,1,0
129.2,43.06666666666666,2,70.7,1,1,0,1,1,0,1,0,0,1,0,0
1165.9,24.806382978723406,46,24.95,0,0,0,0,0,0,0,1,0,0,1,0
49.95,24.975,1,49.95,1,1,0,1,0,1,0,0,0,1,0,1
1554.0,67.56521739130434,22,69.25,1,1,1,1,0,1,1,1,0,1,0,1
4904.25,100.08673469387755,48,102.5,0,0,0,0,0,1,1,0,1,1,0,0
5632.55,86.65461538461538,64,86.55,0,1,0,0,1,0,0,0,1,0,0,0
1643.25,22.51027397260274,72,24.3,0,0,0,0,1,0,0,1,1,0,1,0
740.55,56.965384615384615,12,58.35,1,1,0,1,0,1,0,1,0,1,1,0
3217.55,91.93,34,94.25,1,1,1,1,0,1,1,1,0,0,0,1
4888.2,66.96164383561644,72,68.75,0,0,0,1,0,0,0,1,1,0,1,0
2440.25,81.34166666666667,29,85.8,1,1,1,1,1,1,1,1,0,0,0,0
620.55,18.251470588235293,33,20.1,0,0,0,0,1,0,0,1,0,0,1,0
20.35,10.175,1,20.35,1,0,0,0,0,0,0,0,0,0,0,0
6840.95,108.58650793650793,62,110.8,0,1,1,0,0,1,1,1,0,0,1,0
3001.2,71.45714285714286,41,73.0,0,1,1,1,1,1,0,1,0,1,0,1
6254.2,96.21846153846154,64,100.05,0,1,0,1,0,1,1,0,0,1,0,1
319.6,63.92,4,82.85,1,1,0,1,0,1,1,0,0,1,0,0
1938.05,77.52199999999999,24,84.35,1,0,1,0,0,1,1,0,0,1,0,0
294.5,19.633333333333333,14,19.55,0,0,0,0,0,0,0,1,0,0,1,0
58.3,14.575,3,19.95,1,0,0,0,1,0,0,0,0,0,1,0
442.85,88.57000000000001,4,99.8,1,1,0,1,0,1,1,0,0,0,0,1
553.0,29.105263157894736,18,35.0,1,1,1,1,0,1,0,0,0,1,1,1
546.45,60.71666666666667,8,66.25,1,1,1,1,1,1,0,0,0,1,0,0
797.1,22.141666666666666,35,23.3,0,0,0,0,0,0,0,0,1,0,0,0
76.0,38.0,1,76.0,1,1,1,1,0,0,1,0,0,1,0,1
1673.8,24.982089552238804,66,25.3,0,0,0,0,1,1,0,0,1,0,1,0
343.45,38.16111111111111,8,44.55,0,0,0,0,1,1,0,0,1,1,1,0
7412.25,102.94791666666667,71,104.1,0,0,0,1,0,1,1,1,0,1,0,0
4039.0,91.79545454545455,43,92.55,1,1,0,1,0,1,1,1,0,1,1,0
170.85,56.949999999999996,2,93.85,1,1,1,1,0,1,1,0,0,1,0,1
2948.6,98.28666666666666,29,101.45,1,1,0,1,1,1,1,0,0,0,0,0
1308.4,81.775,15,84.3,1,1,1,1,0,1,1,1,0,1,0,1
6078.75,92.10227272727273,65,94.55,0,0,0,0,1,0,1,1,1,0,1,0
3418.2,94.94999999999999,35,95.5,1,1,1,0,1,0,1,0,0,1,0,0
6603.8,101.59692307692308,64,100.3,0,0,0,1,1,1,1,0,0,0,0,0
3166.9,53.67627118644068,58,55.5,0,1,0,0,0,1,0,1,1,1,1,0
865.75,45.56578947368421,18,49.85,1,1,0,1,0,1,0,0,0,0,0,0
6373.1,93.72205882352942,67,89.55,1,1,0,1,1,1,1,1,0,0,1,0
1177.05,18.39140625,63,19.15,0,0,0,0,1,1,0,1,1,0,1,0
5985.75,98.12704918032787,60,99.8,1,1,1,1,0,1,1,1,0,0,0,0
732.5,73.25,9,84.4,1,1,0,1,1,1,1,0,0,1,0,1
7869.05,110.83169014084507,70,113.05,0,0,0,0,0,1,1,1,1,0,1,0
1504.05,94.003125,15,101.1,1,1,1,1,1,1,1,1,0,1,0,1
936.7,19.116326530612245,48,19.95,0,0,0,0,0,0,0,0,0,0,1,0
741.4,57.03076923076923,12,74.15,1,1,1,0,1,1,0,1,0,1,0,0
6585.2,91.46111111111111,71,92.0,0,0,1,0,1,1,1,1,0,0,0,0
3122.4,69.38666666666667,44,73.85,1,1,1,1,1,0,1,0,0,1,0,0
50.45,25.225,1,50.45,1,1,1,1,1,1,0,0,0,1,0,1
1088.25,23.657608695652176,45,24.45,0,0,0,0,1,0,0,1,1,0,1,0
615.35,25.639583333333334,23,24.8,0,0,0,0,0,0,0,0,0,0,0,0
2908.2,66.09545454545454,43,64.85,0,1,0,0,0,1,0,1,0,1,0,0
739.9,20.552777777777777,35,20.75,1,0,0,0,1,0,0,0,0,0,0,0
593.85,59.385000000000005,9,68.95,1,0,0,0,1,1,0,1,0,0,0,0
1132.75,87.13461538461539,12,99.95,1,1,0,0,1,1,1,0,0,1,0,1
7227.45,109.50681818181818,65,109.4,1,0,0,1,0,1,1,1,0,0,0,0
193.6,64.53333333333333,2,91.4,1,1,1,1,0,1,1,0,0,1,0,1
1291.35,46.11964285714286,27,49.0,1,1,0,1,1,0,0,0,0,1,0,0
2023.55,49.354878048780485,40,50.25,0,1,0,1,0,1,0,0,0,1,0,0
349.65,58.275,5,75.55,1,1,0,1,0,1,1,0,0,1,0,1
153.95,17.105555555555554,8,19.9,0,0,0,0,1,0,0,1,0,0,1,0
5458.8,92.52203389830508,58,97.8,0,1,0,1,0,1,1,1,0,0,0,0
5244.45,98.95188679245283,52,100.3,0,0,1,1,0,0,1,1,0,1,1,0
154.55,38.6375,3,55.8,1,1,0,0,1,1,0,1,0,1,0,0
4507.15,107.31309523809523,41,111.15,0,0,1,0,1,1,1,0,1,0,1,0
2031.95,96.75952380952381,20,98.55,1,1,0,0,1,1,1,0,0,1,0,0
50.05,25.025,1,50.05,1,1,1,1,1,1,0,0,0,1,1,0
332.45,66.49,4,80.8,1,1,0,0,1,0,1,0,0,1,1,1
473.9,19.745833333333334,23,20.85,1,0,1,0,1,0,0,0,0,0,0,0
106.8,15.257142857142856,6,19.5,1,0,0,0,0,0,0,0,0,0,0,0
152.6,16.955555555555556,8,19.35,1,0,0,0,1,1,0,1,0,0,1,0
1199.4,63.126315789473686,18,69.5,1,0,0,1,1,0,0,0,0,1,0,0
2555.05,48.20849056603774,52,48.8,1,0,0,1,1,1,0,0,0,1,0,0
2979.2,93.1,31,94.5,1,1,1,1,1,1,1,0,0,0,0,0
654.85,21.828333333333333,29,20.65,1,0,0,0,1,1,0,1,0,0,1,0
3834.4,103.63243243243244,36,106.05,0,0,0,0,0,1,1,1,1,0,0,0
1534.75,90.27941176470588,16,100.0,1,1,1,1,0,1,1,1,0,0,0,1
4586.15,106.65465116279069,42,108.3,0,1,1,0,1,1,1,1,0,1,0,0
20.55,10.275,1,20.55,1,0,1,0,1,0,0,0,0,0,0,1
5941.05,97.39426229508197,60,99.65,0,1,1,1,0,1,1,0,1,0,0,0
424.15,70.69166666666666,5,85.3,1,1,1,1,1,1,1,0,0,0,0,1
2234.95,97.17173913043477,22,95.9,1,0,0,0,1,0,1,1,0,1,0,0
666.75,18.02027027027027,36,20.0,0,0,0,0,1,0,0,1,0,0,0,0
281.0,56.2,4,70.4,1,1,1,1,0,0,1,0,0,1,0,1
547.8,54.779999999999994,9,64.95,1,0,0,0,1,0,0,0,0,1,0,0
74.6,37.3,1,74.6,1,1,0,1,1,0,1,1,0,0,1,0
571.15,43.934615384615384,12,49.2,1,0,1,1,1,1,0,1,0,1,1,0
1756.6,73.19166666666666,23,73.75,0,1,0,0,0,1,0,0,0,1,0,0
5731.45,90.97539682539683,62,92.3,0,0,0,1,1,1,1,0,0,0,0,0
3475.55,91.46184210526316,37,98.8,1,1,0,0,1,0,1,0,0,1,0,1
156.85,17.427777777777777,8,19.2,1,0,0,0,0,0,0,0,0,0,0,0
2683.2,83.85,31,88.65,1,1,0,1,1,0,1,1,0,1,0,0
896.75,64.05357142857143,13,74.4,1,1,0,1,1,1,1,1,0,1,1,1
2407.3,96.292,24,98.75,1,1,1,1,0,1,1,0,0,1,0,1
4456.65,96.8836956521739,45,95.95,1,1,0,1,1,1,1,1,0,0,1,0
6998.95,99.985,69,105.4,0,1,0,0,0,0,1,1,1,0,0,0
36.8,12.266666666666666,2,20.25,1,0,0,0,1,0,0,0,0,0,0,0
6547.7,105.60806451612903,61,106.0,0,0,1,1,1,1,1,1,0,0,1,1
4346.4,103.48571428571428,41,104.7,1,1,1,1,1,1,1,0,0,0,0,1
2265.0,50.333333333333336,44,49.05,0,1,1,1,0,1,0,0,0,1,0,0
1309.15,32.728750000000005,39,35.55,0,1,0,0,1,0,0,0,0,1,0,0
4754.3,65.12739726027398,72,65.1,0,0,0,0,1,1,0,1,1,0,1,0
1235.55,88.25357142857142,13,96.85,1,1,1,1,0,1,1,0,0,1,0,0
3562.5,68.50961538461539,51,69.75,0,0,0,0,0,1,0,1,0,0,1,0
7213.75,100.19097222222223,71,99.2,0,1,1,1,0,1,1,1,1,0,0,0
2082.95,90.56304347826087,22,96.7,1,1,1,1,1,1,1,0,0,1,0,1
102.75,34.25,2,55.05,1,1,0,0,0,1,0,0,0,0,0,1
5914.4,103.76140350877192,56,106.8,0,1,1,1,0,1,1,0,0,0,0,0
51.25,25.625,1,51.25,1,0,0,1,1,0,0,0,0,1,0,0
1282.85,53.45208333333333,23,57.75,0,0,0,0,0,1,0,1,0,0,1,0
4738.85,70.72910447761194,66,70.85,0,1,0,1,0,1,0,1,0,0,0,0
19.55,9.775,1,19.55,1,0,0,0,0,0,0,0,0,0,0,0
1775.8,88.78999999999999,19,88.2,1,1,1,1,1,1,1,0,0,0,0,1
795.65,66.30416666666666,11,79.5,1,0,0,1,1,1,1,0,0,1,0,0
145.0,16.11111111111111,8,19.75,0,0,0,0,0,1,0,1,0,0,1,1
4993.4,94.21509433962264,52,98.15,1,0,0,1,0,0,1,1,0,0,1,0
61.45,15.3625,3,20.25,1,0,1,0,1,1,0,0,0,0,0,0
4018.55,77.2798076923077,51,79.15,1,0,0,1,0,1,1,1,0,0,1,0
1146.65,71.665625,15,75.65,1,1,1,1,1,0,1,0,0,1,0,1
6081.4,93.55999999999999,64,94.25,1,1,1,1,1,1,1,1,0,0,0,0
1478.85,38.91710526315789,37,40.2,1,1,0,1,0,1,0,0,0,1,0,0
243.65,17.40357142857143,13,19.95,0,0,0,0,1,0,0,0,1,0,0,0
2633.95,52.678999999999995,49,55.35,0,0,1,1,1,1,0,1,0,1,0,0
4735.35,102.94239130434784,45,102.15,0,1,0,1,0,1,1,0,0,1,0,0
1247.75,65.67105263157895,18,71.1,1,1,1,1,0,1,1,0,0,1,0,0
74.7,37.35,1,74.7,1,1,1,1,1,1,1,0,0,1,0,1
3794.5,54.992753623188406,68,54.1,0,0,0,1,1,1,0,1,1,1,0,0
1008.7,18.34,54,19.65,0,0,0,0,1,0,0,0,1,0,0,0
2130.55,88.77291666666667,23,88.45,1,1,0,1,0,1,1,1,0,0,1,0
1313.55,72.975,17,76.65,1,1,1,1,1,1,1,0,0,1,0,1
5727.15,79.54374999999999,71,80.4,0,0,0,0,1,0,0,1,1,0,0,0
1372.9,20.189705882352943,67,19.25,0,0,0,0,0,1,0,1,1,0,1,0
1203.9,80.26,14,84.8,1,1,1,1,0,1,1,1,0,1,1,0
25.8,12.9,1,25.8,1,1,0,1,0,1,0,0,0,1,0,1
1215.1,18.9859375,63,19.5,0,0,0,0,0,0,0,0,1,0,1,0
2877.05,68.50119047619049,41,68.6,0,1,1,0,0,1,0,0,0,1,0,0
1579.7,87.76111111111112,17,92.6,1,1,1,1,0,0,1,1,0,1,0,0
5514.95,96.75350877192982,56,100.55,0,0,1,1,1,1,1,1,0,1,0,0
96.1,16.016666666666666,5,20.55,1,0,0,0,0,0,0,0,0,0,0,0
72.4,24.133333333333336,2,42.6,1,0,1,1,0,1,0,0,0,0,0,1
55.25,13.8125,3,19.6,1,0,0,0,0,1,0,1,0,0,0,0
2443.3,64.29736842105264,37,67.45,0,0,1,0,1,0,0,0,0,0,0,0
1970.5,65.68333333333334,29,68.85,1,0,0,1,0,1,0,0,0,0,0,1
335.4,37.266666666666666,8,43.55,1,1,0,1,1,0,0,0,0,1,0,0
7002.95,109.42109375,63,109.85,1,1,0,0,0,1,1,0,0,0,0,0
158.95,19.86875,7,20.65,1,0,0,0,0,0,0,1,0,0,1,0
293.15,73.2875,3,95.4,1,1,1,1,0,0,1,0,0,0,0,0
1493.75,20.46232876712329,72,21.0,0,0,0,0,1,0,0,1,1,0,1,0
1093.4,54.67,19,56.2,1,1,1,1,0,1,0,0,0,1,0,0
1057.85,17.63083333333333,59,18.4,0,0,0,0,0,0,0,1,1,0,0,0
190.05,63.35,2,90.0,1,1,0,0,1,0,1,1,0,1,1,1
882.55,24.515277777777776,35,25.75,1,0,1,0,0,1,0,1,0,0,1,0
300.4,20.026666666666664,14,19.6,1,0,0,0,1,0,0,0,0,0,0,0
1025.95,68.39666666666668,14,75.35,1,1,1,1,0,0,1,0,0,1,0,1
1436.95,20.527857142857144,69,19.8,0,0,0,0,0,0,0,1,1,0,1,0
475.0,59.375,7,64.2,1,0,1,0,1,0,0,1,0,0,0,0
5388.15,76.97357142857142,69,75.75,0,0,0,0,1,1,0,1,1,0,1,0
5730.15,78.49520547945205,72,78.95,0,1,1,0,0,1,0,1,1,0,1,0
819.55,91.0611111111111,8,100.85,1,1,1,1,1,0,1,0,0,0,0,1
217.1,43.42,4,50.3,1,0,1,1,0,0,0,1,0,1,1,0
4896.35,76.50546875,63,80.3,1,1,0,1,1,1,1,1,0,0,1,0
1434.1,19.645205479452052,72,19.85,0,0,0,0,1,0,0,0,1,0,0,0
937.1,19.938297872340424,46,21.1,0,0,1,0,0,1,0,0,1,0,0,0
330.15,55.025,5,69.95,1,1,1,1,0,0,1,1,0,1,0,1
1474.9,47.57741935483871,30,50.0,1,1,0,1,1,1,0,1,0,1,0,0
6536.5,102.1328125,63,104.75,0,1,0,1,1,1,1,0,1,0,0,0
1128.1,18.49344262295082,60,19.85,0,0,0,0,0,0,0,0,1,0,0,0
6873.75,107.40234375,63,107.5,0,1,1,1,0,1,1,1,0,0,0,1
2199.05,84.57884615384616,25,85.9,1,1,1,0,1,0,1,1,0,1,1,0
45.85,22.925,1,45.85,1,1,0,1,1,1,0,0,0,1,0,1
457.1,65.3,6,80.8,1,1,1,1,1,1,1,1,0,1,0,0
566.5,24.630434782608695,22,25.25,0,0,0,0,1,0,0,0,1,0,0,0
2471.6,77.2375,31,80.55,0,1,0,0,0,0,0,1,1,0,1,0
3107.3,77.6825,39,81.5,1,1,0,0,0,1,1,1,0,1,1,0
518.3,19.196296296296296,26,20.9,1,0,0,0,1,0,0,0,0,0,0,0
5769.75,106.84722222222223,53,106.1,0,0,0,1,0,1,1,1,0,0,0,1
91.7,45.85,1,91.7,1,1,1,0,0,0,1,0,0,0,0,1
832.3,64.02307692307691,12,67.25,1,0,1,0,1,1,0,0,0,0,0,0
1555.65,91.50882352941177,16,95.6,1,1,0,1,0,1,1,0,0,0,0,1
45.3,15.1,2,20.35,1,0,0,0,0,0,0,0,0,0,0,0
1790.6,44.765,39,45.05,0,0,0,0,1,0,0,0,0,1,1,0
74.95,37.475,1,74.95,1,1,1,1,1,1,1,0,0,1,0,1
246.6,30.825,7,34.65,1,0,0,0,0,0,0,1,0,1,1,0
261.65,52.33,4,69.35,1,1,1,1,1,0,1,0,0,1,0,0
898.35,81.66818181818182,10,95.35,1,1,1,1,1,1,1,0,0,1,0,1
4509.5,80.52678571428571,55,81.55,1,1,1,1,0,1,1,0,0,0,0,0
5480.25,75.07191780821918,72,75.4,0,1,0,1,1,1,0,1,1,0,1,0
653.15,59.377272727272725,10,67.8,1,1,0,1,0,1,0,1,0,1,0,0
1183.05,98.58749999999999,11,111.4,1,1,1,0,1,1,1,0,0,0,0,0
639.45,39.965625,15,46.3,1,1,1,1,0,0,0,1,0,1,1,0
478.75,19.947916666666668,23,20.4,0,0,0,0,0,0,0,1,1,0,1,0
20.05,10.025,1,20.05,1,0,0,0,1,0,0,0,0,0,1,0
127.1,31.775,3,45.0,1,1,1,1,0,0,0,0,0,1,0,1
4391.45,91.48854166666666,47,96.1,0,0,1,1,1,1,1,1,0,0,1,0
270.6,16.9125,15,19.65,0,0,0,0,0,0,0,0,0,0,1,0
6710.5,100.15671641791045,66,99.5,1,1,1,1,1,0,1,0,0,0,0,1
3975.9,57.62173913043478,68,60.65,0,1,0,0,0,1,0,1,0,0,0,0
1704.95,94.71944444444445,17,98.6,0,1,0,0,0,0,1,1,0,1,1,1
415.95,51.99375,7,59.5,1,1,0,0,0,1,0,0,0,1,0,1
950.2,73.0923076923077,12,80.45,1,1,1,1,1,1,1,1,0,1,0,1
1497.05,68.04772727272727,21,71.7,0,1,0,1,0,0,0,1,0,0,0,0
780.15,35.461363636363636,21,36.0,1,1,0,0,1,1,0,0,0,0,0,0
3512.15,61.61666666666667,56,65.2,0,0,0,1,0,0,0,1,0,1,1,0
273.25,39.035714285714285,6,48.95,1,1,0,1,0,1,0,1,0,1,1,0
3517.9,53.301515151515154,65,53.5,0,1,0,1,0,1,0,0,1,0,0,0
3375.9,78.5093023255814,42,80.45,0,0,0,0,1,0,0,1,0,1,0,0
7508.55,108.8195652173913,68,109.05,0,0,0,0,0,1,1,1,1,1,1,0
1245.05,25.409183673469386,48,26.3,0,0,0,0,1,0,0,1,1,0,1,0
5347.95,104.86176470588235,50,106.8,0,1,1,0,0,1,1,0,0,0,0,0
493.65,61.70625,7,64.95,1,1,1,1,0,1,0,0,0,0,0,0
1263.85,19.74765625,63,19.35,0,0,1,0,0,0,0,1,1,0,1,0
385.55,21.419444444444444,17,21.1,1,0,0,0,1,0,0,0,0,0,0,0
3384.0,78.69767441860465,42,77.95,1,1,0,1,0,1,1,1,0,1,1,1
84.2,16.84,4,18.85,1,0,0,0,1,0,0,1,0,0,1,0
1638.7,26.011111111111113,62,26.0,0,0,0,0,0,0,0,0,1,0,1,0
165.4,55.13333333333333,2,74.7,1,1,1,1,1,1,1,0,0,0,0,1
120.25,40.083333333333336,2,70.35,1,1,1,1,0,1,1,1,0,1,0,0
4473.45,91.29489795918367,48,96.9,0,0,0,1,1,1,1,1,1,0,0,0
520.55,18.59107142857143,27,19.55,0,0,0,0,1,0,0,1,1,0,0,0
5717.85,80.5330985915493,70,80.4,0,1,0,0,0,1,0,1,1,0,1,0
88.8,44.4,1,88.8,1,1,1,1,1,1,1,0,0,1,0,1
4312.5,91.75531914893617,46,94.65,0,1,1,1,1,1,1,1,0,0,0,0
2755.35,88.88225806451612,30,90.25,1,1,1,1,1,1,1,0,0,1,0,1
994.55,62.159375,15,64.65,1,0,0,1,0,1,0,0,0,1,0,1
6511.25,93.01785714285714,69,95.75,0,1,0,1,1,0,1,1,0,0,1,0
1218.65,18.46439393939394,65,19.55,0,0,0,0,1,1,0,0,1,0,0,0
7447.7,102.02328767123288,72,104.1,0,0,0,0,1,1,1,1,1,1,1,0
1169.35,83.52499999999999,13,89.05,1,1,0,0,1,1,1,1,0,0,0,1
279.5,15.527777777777779,17,20.1,0,0,0,0,1,1,0,0,0,0,0,0
5720.35,110.00673076923077,51,111.55,0,0,1,0,1,1,1,1,0,1,0,0
3121.45,60.027884615384615,51,60.5,0,0,0,0,1,0,0,1,1,0,1,0
6468.6,88.6109589041096,72,90.95,0,0,0,0,0,1,0,1,1,0,0,0
5918.8,87.04117647058824,67,87.4,0,1,1,1,1,0,1,1,0,0,1,1
675.6,19.302857142857142,34,19.7,1,0,0,0,1,0,0,0,0,0,0,0
3521.7,51.78970588235294,67,50.95,0,0,0,0,1,1,0,1,1,0,0,0
923.1,18.462,49,20.05,0,0,0,0,0,1,0,1,0,0,0,0
1110.35,20.562037037037037,53,19.4,0,0,0,0,1,1,0,1,1,0,1,0
1611.65,57.558928571428574,27,59.45,1,1,1,0,1,0,0,0,0,1,0,0
2293.6,95.56666666666666,23,94.75,1,1,1,1,0,1,1,0,0,0,0,1
5553.25,79.33214285714286,69,81.5,0,0,0,0,1,1,0,0,1,0,0,0
44.75,14.916666666666666,2,29.05,1,1,0,0,0,0,0,1,0,1,1,0
3029.1,84.14166666666667,35,86.45,1,1,1,1,0,1,1,0,0,1,0,1
3231.05,68.74574468085106,46,70.6,0,0,0,0,0,0,0,1,0,0,0,0
5129.45,93.26272727272728,54,97.2,0,1,0,1,0,1,1,0,1,0,0,0
5508.35,96.63771929824561,56,98.25,0,1,1,1,0,1,1,1,0,0,0,1
655.9,65.59,9,75.75,1,1,0,1,0,1,1,1,0,1,0,1
1191.2,56.72380952380953,20,59.2,1,0,0,0,1,0,0,0,0,1,0,0
866.4,72.2,11,75.9,1,1,0,1,1,1,1,0,0,0,0,0
2627.2,84.74838709677418,30,90.05,1,1,1,1,0,1,1,1,0,0,0,0
4741.45,68.71666666666667,68,70.95,0,0,0,1,1,0,0,1,1,0,0,0
4009.2,102.8,38,102.6,1,1,1,1,1,1,1,1,0,0,0,0
1463.45,81.30277777777778,17,85.35,1,0,0,1,0,1,1,1,0,1,0,1
5082.8,103.73061224489797,48,106.1,0,1,0,1,1,1,1,0,0,0,0,1
43.8,21.9,1,43.8,1,1,1,1,0,0,0,0,0,1,0,0
3707.6,57.93125,63,59.0,0,0,1,1,1,0,0,1,1,0,1,0
220.45,55.1125,3,69.95,0,1,1,1,0,1,0,0,0,1,0,0
1133.7,23.136734693877553,48,24.35,0,0,0,0,0,0,0,0,0,0,0,0
1983.15,29.599253731343286,66,29.45,0,1,0,0,1,0,0,0,0,1,0,0
5746.75,83.28623188405797,68,84.4,0,1,0,1,0,1,1,1,1,0,1,0
770.6,42.81111111111111,17,45.05,1,1,1,1,1,1,0,0,0,1,0,1
134.05,16.75625,7,20.65,0,0,0,0,0,0,0,1,0,0,1,0
6230.1,85.34383561643835,72,87.1,0,0,0,0,1,1,0,1,1,0,0,0
573.05,19.101666666666667,29,19.85,1,0,0,0,0,0,0,1,0,0,0,0
3419.3,89.98157894736842,37,90.35,1,1,1,0,1,1,1,1,0,1,0,0
3587.25,102.49285714285715,34,109.8,1,0,0,1,0,1,1,0,0,0,0,1
3541.35,82.35697674418604,42,84.65,1,1,1,1,0,1,1,0,0,1,0,1
3801.3,63.355000000000004,59,65.5,0,0,0,0,0,0,0,1,0,0,1,0
868.5,72.375,11,79.5,1,1,0,1,1,1,1,1,0,1,1,1
4859.1,79.65737704918034,60,80.95,1,0,1,1,1,1,1,1,0,1,1,0
1439.35,51.40535714285714,27,56.15,1,1,0,0,0,1,0,0,0,0,0,0
85.8,42.9,1,85.8,1,1,0,1,0,0,1,0,0,1,0,1
79.1,39.55,1,79.1,1,1,1,1,1,1,1,0,0,1,0,1
592.75,32.93055555555556,17,34.4,1,0,0,1,1,0,0,1,0,1,0,0
1185.95,20.10084745762712,58,20.75,0,0,0,0,1,0,0,1,1,0,0,0
18.8,9.4,1,18.8,0,0,0,0,1,0,0,1,0,0,1,0
134.5,33.625,3,44.3,1,1,0,1,0,0,0,1,0,1,1,1
4921.2,91.13333333333333,53,90.8,1,0,1,1,0,0,1,0,0,0,0,0
901.25,25.03472222222222,35,25.6,1,0,1,0,1,1,0,0,0,0,0,0
5341.8,104.74117647058824,50,105.95,1,0,0,1,1,0,1,1,0,1,1,1
4859.95,70.4340579710145,68,70.8,0,1,0,0,1,0,0,1,1,0,1,0
1139.2,23.733333333333334,47,25.4,1,0,1,0,1,0,0,1,0,0,0,0
7082.45,107.30984848484849,65,108.8,1,1,0,1,0,1,1,1,0,0,0,0
324.6,54.1,5,69.75,1,1,1,1,1,1,1,0,0,1,0,1
4812.75,92.55288461538461,51,94.65,1,1,1,1,1,1,1,1,0,1,0,1
4399.5,93.6063829787234,46,96.05,1,1,0,1,0,0,1,0,0,1,0,1
663.55,66.35499999999999,9,76.85,1,1,1,1,0,1,1,0,0,1,0,0
174.65,19.405555555555555,8,20.25,0,0,0,0,0,0,0,0,1,0,0,0
321.7,21.446666666666665,14,24.8,0,0,0,0,1,1,0,0,0,0,0,0
5125.5,111.42391304347827,45,115.65,1,0,1,0,0,1,1,0,0,0,0,0
548.9,60.98888888888889,8,74.6,1,1,0,1,0,1,1,0,0,1,0,0
50.15,25.075,1,50.15,1,1,0,1,1,1,0,0,0,1,1,1
7031.3,104.94477611940299,66,103.15,0,0,0,1,1,1,1,1,0,0,1,0
5016.65,68.72123287671232,72,72.1,0,0,0,0,1,0,0,1,1,0,1,0
4594.95,109.40357142857142,41,113.6,1,0,0,0,0,1,1,1,0,0,0,1
611.45,25.477083333333336,23,25.1,0,0,0,0,0,0,0,1,1,0,1,0
2384.15,79.47166666666666,29,78.9,1,1,1,1,0,1,1,0,0,1,0,1
319.85,63.970000000000006,4,80.15,1,0,1,1,0,1,1,0,0,1,0,0
153.3,21.900000000000002,6,25.4,0,0,0,0,1,0,0,1,1,0,1,0
7035.6,103.46470588235294,67,105.4,0,0,0,0,0,1,1,1,0,0,0,0
344.2,43.025,7,45.75,1,1,0,1,1,1,0,0,0,1,1,0
1431.65,25.116666666666667,56,24.45,0,0,0,0,1,1,0,1,0,0,1,0
1849.2,25.33150684931507,72,25.0,0,0,0,0,0,0,0,1,1,0,0,0
6083.1,83.33013698630137,72,85.25,0,0,1,1,1,1,0,1,1,0,0,0
426.65,17.777083333333334,23,19.6,0,0,0,0,1,0,0,1,1,0,1,0
1655.35,45.981944444444444,35,50.15,1,1,0,1,0,0,0,0,0,1,1,0
1943.9,69.425,27,70.55,1,1,1,1,1,1,1,1,0,1,0,0
1616.15,59.85740740740741,26,60.05,1,1,1,0,0,1,0,1,0,0,1,1
314.95,24.226923076923075,12,26.4,0,0,0,0,1,0,0,1,0,0,1,0
804.85,19.63048780487805,40,20.15,0,0,0,0,0,0,0,0,1,0,0,0
465.7,58.2125,7,58.85,1,0,0,1,1,0,0,1,0,0,1,0
6669.05,93.93028169014084,70,97.55,1,0,0,1,1,1,1,1,0,0,1,0
1161.75,19.045081967213115,60,19.65,0,0,0,0,1,0,0,1,1,0,1,0
947.75,23.69375,39,25.25,0,1,0,1,1,1,0,1,0,1,1,0
8375.05,114.7267123287671,72,114.45,0,0,0,0,1,0,1,1,1,0,0,0
34.7,17.35,1,34.7,1,1,1,1,0,1,0,0,0,1,0,1
3770.0,68.54545454545455,54,70.7,0,1,1,0,1,1,0,1,0,0,1,0
264.8,66.2,3,85.3,1,1,1,1,1,1,1,0,0,1,0,1
4707.85,73.56015625,63,75.55,0,0,0,0,0,0,0,1,1,0,1,0
6152.4,85.44999999999999,71,84.8,0,1,1,0,1,1,1,1,1,0,1,0
958.1,22.28139534883721,42,20.65,0,0,0,0,0,1,0,0,0,0,0,0
943.0,19.645833333333332,47,20.45,0,0,0,0,1,0,0,0,1,0,0,0
6615.15,98.73358208955223,66,102.45,0,1,0,1,0,1,1,1,0,0,1,1
2200.25,100.01136363636364,21,104.4,1,0,0,1,0,1,1,1,0,1,0,1
425.1,35.425000000000004,11,35.65,1,1,1,0,1,1,0,0,0,0,0,0
99.75,49.875,1,99.75,1,1,1,1,1,1,1,0,0,1,1,1
5044.8,90.08571428571429,55,90.45,1,1,1,0,0,0,1,1,0,0,0,0
6743.55,96.33642857142857,69,97.65,0,1,0,0,1,1,1,0,1,0,0,0
196.4,49.1,3,73.85,1,1,1,1,0,0,1,0,0,1,0,0
299.7,59.94,4,74.4,1,1,1,0,1,1,0,0,0,1,0,1
2093.9,67.54516129032258,30,69.1,0,1,0,0,1,1,0,0,1,1,0,0
417.75,69.625,5,82.75,1,1,1,0,0,1,1,0,0,1,0,0
1725.4,23.96388888888889,71,24.4,0,0,0,0,0,1,0,1,1,0,0,0
1620.2,54.00666666666667,29,55.25,0,1,1,1,0,1,0,0,0,0,0,0
3169.55,59.80283018867925,52,61.35,1,1,0,0,1,0,0,1,0,0,0,0
5233.25,75.84420289855072,68,76.75,0,0,0,1,1,0,0,0,0,0,0,0
967.85,20.592553191489362,46,19.4,0,0,0,0,0,0,0,1,1,0,1,0
438.05,48.672222222222224,8,54.75,1,1,0,1,1,1,0,0,0,1,0,0
1421.9,19.478082191780825,72,19.7,0,0,0,0,1,0,0,1,1,0,0,0
323.15,17.952777777777776,17,19.9,0,0,0,0,0,0,0,0,0,0,0,0
318.6,79.65,3,107.95,1,1,1,0,1,1,1,0,0,0,0,0
163.7,54.56666666666666,2,83.8,1,1,0,1,0,1,1,0,0,0,0,0
639.65,63.964999999999996,9,74.25,1,0,0,1,0,1,1,0,0,1,0,1
2928.5,56.31730769230769,51,56.4,0,1,0,1,0,1,0,0,0,0,0,0
100.35,14.335714285714285,6,20.1,0,0,0,0,0,0,0,1,1,0,1,0
273.2,68.3,3,94.9,1,1,1,1,0,0,1,1,0,1,0,0
1608.15,89.34166666666667,17,94.2,1,1,1,1,0,1,1,0,0,1,0,0
1441.95,46.51451612903226,30,49.9,1,1,1,1,1,0,0,1,0,1,0,0
2168.15,67.7546875,31,71.05,1,1,1,0,1,1,0,0,0,0,0,0
3618.7,78.66739130434782,45,81.65,0,0,0,0,0,0,0,0,1,1,0,0
5692.65,87.57923076923076,64,89.45,0,0,0,1,1,0,1,1,0,0,0,0
59.85,29.925,1,59.85,1,1,1,1,1,1,0,0,0,1,0,1
69.6,34.8,1,69.6,1,1,1,1,0,1,1,0,0,1,0,1
5969.3,96.27903225806452,61,99.0,0,1,1,1,1,0,1,1,0,0,1,0
19.05,9.525,1,19.05,1,0,0,0,1,0,0,0,0,0,0,0
418.8,41.88,9,45.4,1,1,1,1,1,1,0,0,0,1,0,1
8100.55,110.96643835616439,72,114.45,0,0,0,0,1,0,1,1,1,0,1,0
19.5,9.75,1,19.5,1,0,0,0,0,0,0,0,0,0,0,1
313.45,39.18125,7,44.25,1,1,0,1,0,1,0,1,0,1,0,0
6130.95,91.50671641791044,66,90.55,0,1,0,0,0,1,1,1,0,0,0,0
69.9,34.95,1,69.9,1,1,1,1,1,1,1,0,0,1,0,1
745.3,18.178048780487803,40,20.4,1,0,0,0,1,1,0,1,0,0,1,0
1212.1,71.3,16,71.4,1,1,0,1,1,1,0,0,0,0,0,0
183.75,61.25,2,87.15,1,1,0,1,0,1,1,0,0,0,0,1
1583.5,23.28676470588235,67,24.85,0,0,0,0,1,0,0,1,1,0,0,0
4162.05,99.09642857142858,41,104.45,0,0,0,1,0,1,1,1,0,0,0,0
1119.9,19.647368421052633,56,19.8,0,0,0,0,0,1,0,1,1,0,1,0
8013.55,109.77465753424657,72,116.45,0,0,0,0,0,1,1,0,1,0,0,0
264.85,66.2125,3,84.75,1,1,0,1,0,1,1,1,0,1,1,1
1102.4,20.043636363636367,54,20.05,0,0,0,0,0,0,0,1,1,0,0,0
5832.0,110.0377358490566,52,110.75,1,1,1,0,1,1,1,0,0,0,0,0
4304.5,84.40196078431373,50,89.7,0,1,0,0,0,1,1,0,1,1,0,0
1178.4,78.56,14,89.95,1,1,1,0,1,1,1,0,0,1,0,1
1421.75,50.776785714285715,27,48.7,0,0,0,1,1,0,0,1,0,1,0,0
6827.5,93.52739726027397,72,96.6,0,0,0,0,0,1,1,1,1,0,0,0
4698.05,74.57222222222222,62,74.3,0,0,0,1,1,1,0,0,0,0,0,0
654.5,50.34615384615385,12,54.3,1,1,1,0,0,1,0,0,0,0,0,0
3268.05,72.62333333333333,44,74.85,0,1,0,0,0,0,0,0,0,1,0,0
4362.05,79.31,54,79.95,0,1,0,0,1,1,1,1,1,0,1,0
1386.9,20.1,68,20.05,0,0,0,0,0,0,0,0,1,0,0,0
415.4,19.780952380952378,20,19.4,1,0,0,0,1,0,0,0,0,0,0,0
2614.1,51.25686274509804,50,54.9,0,1,0,1,1,0,0,1,0,1,1,0
1513.6,25.65423728813559,58,24.45,0,0,0,0,1,1,0,0,1,0,0,0
3161.6,87.82222222222222,35,89.65,1,1,0,1,1,1,1,1,0,0,1,0
80.95,26.983333333333334,2,45.4,1,1,1,1,0,1,0,0,0,1,0,0
4676.7,73.0734375,63,75.7,0,0,0,0,1,0,0,1,1,1,1,0
6526.65,110.62118644067796,58,110.65,0,0,0,1,0,1,1,1,0,0,0,0
583.3,20.832142857142856,27,20.55,0,0,0,0,0,1,0,1,0,0,1,0
8078.1,112.19583333333334,71,115.15,0,0,0,0,0,1,1,1,1,0,0,0
3503.5,54.7421875,63,58.55,0,1,0,1,0,0,0,0,0,1,0,0
6669.45,92.63125,71,93.25,1,1,0,1,1,1,1,1,0,0,0,0
4689.5,111.6547619047619,41,113.2,1,0,1,1,0,1,1,0,0,0,0,1
1201.15,85.79642857142858,13,90.5,1,1,1,1,1,1,1,0,0,1,0,1
143.65,47.88333333333333,2,79.0,1,1,1,1,1,0,1,0,0,1,0,1
1292.65,18.734057971014494,68,19.35,0,0,0,0,0,1,0,1,1,0,1,0
48.75,24.375,1,48.75,1,0,0,1,1,1,0,1,0,1,1,0
7108.2,107.7,65,109.05,0,0,1,0,1,1,1,0,1,1,0,0
1802.55,24.692465753424656,72,25.0,0,0,0,0,1,1,0,1,1,0,0,0
1505.15,51.90172413793104,28,54.9,1,1,0,0,0,1,0,0,0,1,0,0
1859.1,25.46712328767123,72,24.75,0,0,0,0,1,0,0,1,1,0,1,0
168.5,56.166666666666664,2,91.15,1,0,1,1,0,1,1,0,0,0,0,0
390.85,20.571052631578947,18,20.15,0,0,0,0,0,0,0,0,0,0,1,1
6339.45,103.92540983606557,60,104.35,0,1,1,1,1,1,1,1,0,0,0,0
1652.4,61.2,26,66.05,1,1,1,0,0,1,0,0,0,1,0,0
71.65,35.825,1,71.65,1,1,1,1,1,1,1,0,0,1,1,1
77.5,15.5,4,20.35,1,0,0,0,0,0,0,0,0,0,0,1
6392.85,92.65,68,92.2,0,0,0,0,1,1,0,1,1,0,1,0
3264.5,83.7051282051282,38,84.25,1,1,0,0,0,1,1,0,0,0,0,1
4599.15,106.95697674418604,42,105.2,0,0,0,1,0,1,1,1,0,1,0,0
1134.25,19.55603448275862,57,19.6,0,0,0,0,0,1,0,1,1,0,0,0
1621.35,29.479090909090907,54,30.4,1,1,1,1,1,0,0,1,0,0,0,0
947.3,72.86923076923077,12,78.1,1,1,0,1,0,0,1,0,0,1,0,1
2722.2,60.49333333333333,44,61.5,0,0,0,1,0,1,0,1,0,0,0,0
3058.3,71.12325581395349,42,69.4,1,0,0,1,1,1,0,1,0,0,1,0
1769.6,24.241095890410957,72,24.75,0,0,0,0,1,0,0,1,1,0,1,0
6293.75,87.41319444444444,71,91.05,0,0,0,0,0,0,0,1,1,0,1,0
1761.05,88.0525,19,89.65,1,1,0,1,0,0,1,1,0,1,0,1
1642.75,68.44791666666667,23,73.65,1,1,0,0,0,1,0,1,0,1,0,0
578.5,18.661290322580644,30,19.4,0,0,0,0,0,0,0,0,1,0,0,0
954.9,26.525,35,26.2,0,0,0,0,1,0,0,0,0,0,0,0
973.25,88.47727272727273,10,98.7,1,0,1,1,0,1,1,0,0,1,0,1
43.85,21.925,1,43.85,1,1,0,1,1,1,0,0,0,1,0,0
1490.4,64.8,22,69.7,1,1,0,1,1,1,1,0,0,1,0,0
280.0,35.0,7,38.55,0,0,0,1,1,0,0,1,1,0,1,0
1901.25,51.38513513513514,36,53.1,0,0,0,0,0,1,0,0,1,0,0,0
716.4,20.468571428571426,34,20.65,1,0,0,0,0,0,0,1,0,0,1,0
4720.0,64.65753424657534,72,64.45,0,0,0,1,1,0,0,1,1,0,1,0
930.95,25.160810810810812,36,25.1,0,0,0,0,1,0,0,1,1,0,1,0
76.35,38.175,1,76.35,1,1,1,1,0,0,1,0,0,1,0,1
1676.95,69.87291666666667,23,79.15,1,1,1,1,0,1,1,0,0,0,0,1
2642.05,80.06212121212121,32,85.0,1,1,1,1,1,1,1,1,0,1,0,1
6770.85,94.03958333333334,71,95.15,0,0,0,0,0,1,1,1,0,0,1,0
1835.3,76.47083333333333,23,79.35,1,1,0,1,0,1,1,0,0,1,0,0
1588.25,88.23611111111111,17,96.65,0,1,0,1,1,1,1,1,0,1,0,0
75.5,37.75,1,75.5,1,1,1,0,1,1,0,0,0,1,0,0
258.35,19.873076923076926,12,19.7,0,0,0,0,1,0,0,1,1,0,1,0
1502.25,20.578767123287673,72,20.5,0,0,0,0,0,0,0,1,1,0,0,0
19.2,9.6,1,19.2,1,0,0,0,1,0,0,0,0,0,0,0
6929.4,94.92328767123287,72,98.35,0,1,0,1,1,0,1,1,1,0,0,0
4453.3,73.00491803278689,60,74.35,1,1,0,1,1,0,1,1,0,1,1,0
3244.4,52.329032258064515,61,51.35,0,1,0,0,0,0,0,1,1,0,1,0
323.45,46.207142857142856,6,45.65,1,1,0,1,0,0,0,1,0,1,0,0
2661.1,80.63939393939394,32,85.3,1,1,1,1,1,0,1,1,0,1,0,1
2697.4,84.29375,31,86.55,1,1,0,1,0,1,1,0,0,1,1,1
1424.5,71.225,19,73.85,1,1,0,1,1,1,1,0,0,0,0,1
1401.15,19.193835616438356,72,20.3,0,0,0,0,1,0,0,1,1,0,1,0
1739.6,52.71515151515151,32,54.2,1,1,1,1,0,1,0,0,0,0,0,0
5931.0,89.86363636363636,65,90.65,1,1,1,1,1,1,1,1,0,0,0,0
2333.85,50.73586956521739,45,50.9,1,0,0,1,0,1,0,1,0,1,1,0
949.85,22.08953488372093,42,25.05,0,0,1,0,1,0,0,0,0,0,0,0
572.45,63.60555555555556,8,74.85,1,1,1,1,1,1,1,0,0,1,0,0
696.8,21.115151515151513,32,20.5,0,0,0,0,1,0,0,0,1,0,1,0
1381.8,60.07826086956521,22,63.55,1,0,0,0,0,1,0,1,0,0,0,0
2572.95,44.36120689655172,57,44.85,1,1,1,1,1,1,0,1,0,1,0,1
47.95,23.975,1,47.95,1,0,1,1,1,0,0,0,0,1,0,0
45.1,22.55,1,45.1,1,1,1,1,1,0,0,0,0,1,0,1
45.0,22.5,1,45.0,1,1,1,1,0,1,0,1,0,1,0,0
2122.45,84.898,24,96.0,1,1,1,0,1,1,1,0,0,1,0,1
20.05,10.025,1,20.05,1,0,0,0,1,0,0,0,0,0,0,1
4931.8,89.66909090909091,54,90.05,1,1,1,1,1,1,1,0,0,0,0,0
116.95,23.39,4,25.3,0,0,0,0,0,1,0,0,1,0,0,0
6937.95,105.12045454545455,65,108.65,0,0,0,0,1,0,1,1,1,1,1,1
1261.7,22.135087719298248,56,24.3,0,0,1,0,0,0,0,1,0,0,0,0
3273.8,71.16956521739131,45,75.95,1,0,1,1,1,1,0,0,0,1,0,0
1415.85,19.664583333333333,71,19.7,0,0,0,0,0,0,0,1,1,0,1,0
3958.2,65.97,59,66.4,0,0,0,1,1,0,0,1,0,0,0,0
2492.25,35.60357142857143,69,35.75,0,1,0,1,1,1,0,0,0,0,0,0
279.2,13.959999999999999,19,18.8,0,0,0,0,1,0,0,0,0,0,0,0
1083.0,19.339285714285715,55,19.4,0,0,0,0,0,0,0,1,1,0,1,0
755.5,19.371794871794872,38,19.3,0,0,0,0,0,0,0,0,0,0,0,0
402.6,36.6,10,45.55,1,1,1,1,1,1,0,0,0,1,0,1
3252.0,67.75,47,67.45,1,0,0,1,0,1,0,1,0,0,0,0
68.75,22.916666666666668,2,35.1,1,1,1,1,0,1,0,1,0,1,0,1
46.2,23.1,1,46.2,1,1,0,1,1,0,0,0,0,1,0,1
45.15,22.575,1,45.15,1,1,1,1,0,0,0,0,0,1,0,1
43.3,21.65,1,43.3,1,1,1,1,1,1,0,0,0,0,0,1
936.85,19.932978723404254,46,20.1,0,0,0,0,1,1,0,1,1,0,1,0
2250.65,57.70897435897436,38,57.15,1,0,0,1,0,1,0,0,0,0,0,1
3857.1,58.44090909090909,65,58.9,0,0,0,0,0,0,0,1,1,1,0,0
1441.1,72.05499999999999,19,73.2,1,0,1,1,0,1,1,1,0,1,0,1
4338.6,81.86037735849057,52,85.35,1,1,1,1,1,1,1,0,0,0,0,1
1378.45,19.14513888888889,71,19.45,0,0,0,0,1,0,0,1,1,0,1,0
45.95,22.975,1,45.95,1,1,0,1,0,0,0,0,0,1,0,1
2566.3,48.420754716981136,52,50.5,1,1,1,0,0,1,0,0,0,0,0,0
171.0,24.428571428571427,6,25.1,0,0,0,0,1,0,0,1,0,0,0,0
1597.4,59.162962962962965,26,60.7,0,1,0,1,0,0,0,1,0,1,0,0
4744.35,96.82346938775511,48,99.0,0,1,1,1,1,1,1,0,0,0,0,0
6721.6,103.40923076923077,64,104.4,0,0,0,0,0,1,1,1,0,1,1,0
247.25,61.8125,3,83.75,1,1,1,1,0,0,1,0,0,0,0,1
44.05,22.025,1,44.05,1,1,0,1,1,1,0,0,0,1,0,0
1734.65,23.76232876712329,72,24.1,0,0,0,0,1,0,0,1,1,0,1,0
45.55,22.775,1,45.55,1,1,0,1,1,1,0,0,0,1,0,0
4539.35,87.29519230769232,51,93.8,1,0,1,1,0,1,1,1,0,0,1,0
804.25,19.148809523809526,41,19.7,0,0,0,0,0,0,0,1,1,0,1,0
5011.15,68.6458904109589,72,70.65,0,0,0,1,0,1,0,1,1,0,1,0
3574.5,81.23863636363636,43,86.45,0,0,0,0,0,0,0,1,1,0,0,0
8086.4,110.77260273972603,72,114.1,0,0,0,0,1,1,1,1,1,0,0,0
4563.0,95.0625,47,95.2,0,1,0,1,1,1,1,1,0,1,0,0
6362.35,87.1554794520548,72,88.55,0,0,0,0,1,0,0,0,1,0,0,0
67.1,16.775,3,20.75,1,0,0,0,1,1,0,0,0,0,0,0
70.05,35.025,1,70.05,1,1,1,1,1,1,1,0,0,1,0,1
165.45,55.15,2,86.0,1,1,1,1,1,1,1,0,0,1,0,1
1156.55,42.83518518518518,26,44.65,1,0,0,1,1,1,0,0,0,0,0,0
1834.15,61.138333333333335,29,60.2,1,0,0,1,1,1,0,1,0,1,1,0
3653.35,101.48194444444444,35,100.5,1,0,0,0,0,1,1,1,0,0,0,1
1477.65,52.77321428571429,27,55.45,0,0,0,1,1,0,0,0,0,0,0,0
1706.45,68.258,24,70.3,1,0,0,0,1,1,0,1,0,0,1,0
3953.7,58.14264705882353,67,60.4,0,0,0,0,1,1,0,1,1,1,1,0
1194.3,70.25294117647059,16,72.65,1,1,1,1,0,0,1,0,0,1,0,1
1327.85,55.32708333333333,23,55.8,0,1,0,1,0,0,0,0,0,0,0,0
419.7,27.98,14,31.1,1,1,0,1,1,1,0,0,0,0,0,0
21.0,10.5,1,21.0,1,0,1,0,0,1,0,1,0,0,1,1
45.1,22.55,1,45.1,1,1,0,1,0,0,0,0,0,1,0,1
207.35,41.47,4,50.95,1,1,0,1,1,1,0,0,0,0,0,0
1083.7,63.747058823529414,16,69.1,1,0,1,1,1,1,0,0,0,0,1,0
2007.85,42.72021276595744,46,43.95,1,1,1,1,0,1,0,1,0,1,0,0
5882.75,85.2572463768116,68,86.5,0,0,0,0,1,1,0,0,1,0,1,0
2657.55,68.1423076923077,38,69.95,1,0,1,0,1,0,0,0,0,0,0,0
1527.5,49.274193548387096,30,50.4,1,1,0,1,1,1,0,1,0,0,0,1
378.4,63.06666666666666,5,78.95,1,1,1,1,0,0,1,0,0,1,0,1
1612.2,89.56666666666666,17,90.95,1,1,0,1,1,1,1,0,0,0,0,0
76.65,15.330000000000002,4,19.9,0,0,0,0,1,0,0,1,1,0,1,0
260.7,20.053846153846152,12,20.15,0,0,1,0,0,0,0,0,0,0,0,0
6441.85,88.24452054794521,72,90.6,0,0,0,0,1,1,0,1,1,0,1,0
266.8,66.7,3,92.0,1,1,1,1,1,1,1,0,0,1,0,0
5124.6,89.90526315789474,56,94.45,1,1,1,0,1,1,1,0,0,0,0,1
962.25,22.910714285714285,41,24.85,0,0,0,0,0,1,0,0,0,0,0,0
1382.9,33.72926829268293,40,36.0,0,1,0,0,1,0,0,0,0,0,0,0
571.05,71.38125,7,78.5,1,0,1,0,0,1,0,0,0,0,0,0
1399.35,19.990714285714283,69,19.95,0,0,0,0,1,0,0,0,1,0,0,0
150.0,18.75,7,20.65,0,0,0,0,1,0,0,1,0,0,1,0
167.2,27.866666666666664,5,30.5,1,1,1,1,0,1,0,1,0,0,1,0
7657.4,104.8958904109589,72,106.1,0,0,0,0,0,0,1,1,1,0,1,0
865.05,19.223333333333333,44,20.5,0,0,0,0,1,1,0,1,0,0,1,0
6153.85,93.24015151515152,65,95.5,0,1,1,1,0,1,1,0,0,0,0,0
174.2,43.55,3,64.6,1,1,1,0,0,0,0,0,0,1,0,0
1269.6,50.784,24,51.1,1,1,0,0,1,1,0,0,0,1,0,0
3862.55,85.83444444444444,44,84.8,1,1,0,1,0,1,1,0,0,0,0,1
6352.4,87.01917808219177,72,89.1,0,0,0,0,0,0,0,1,1,0,0,0
1348.5,53.94,24,54.95,1,0,1,0,1,0,0,0,0,1,0,0
50.9,25.45,1,50.9,1,1,0,1,1,0,0,0,0,1,0,1
471.55,20.502173913043478,22,20.45,1,0,0,0,1,1,0,1,0,0,0,0
5931.75,83.54577464788733,70,85.95,0,1,0,0,1,1,0,1,1,0,1,0
1404.65,54.025000000000006,25,60.35,1,1,1,1,1,0,0,1,0,1,1,0
726.1,19.107894736842105,37,19.8,0,0,0,0,1,0,0,1,1,0,1,0
1961.6,85.28695652173913,22,85.35,1,1,0,1,0,0,1,1,0,1,1,0
4194.85,69.91416666666667,59,72.1,0,1,0,0,0,1,0,1,1,1,1,0
4872.45,97.449,49,99.8,1,1,1,1,1,1,1,1,0,1,1,1
5118.95,106.64479166666666,47,107.35,1,1,0,0,1,1,1,1,0,1,1,1
658.95,20.5921875,31,19.55,1,0,0,0,0,1,0,1,0,0,1,1
81.05,40.525,1,81.05,1,1,1,1,1,1,1,1,0,1,1,0
76.95,19.2375,3,20.5,1,0,1,0,1,1,0,0,0,0,0,0
5809.75,107.58796296296296,53,111.8,0,1,0,0,0,1,1,1,0,0,0,0
20.2,10.1,1,20.2,1,0,0,0,1,0,0,0,0,0,0,0
415.9,19.804761904761904,20,19.7,0,0,0,0,1,1,0,0,0,0,0,0
246.5,61.625,3,79.1,1,0,1,1,0,1,1,0,0,0,0,1
996.95,19.172115384615385,51,19.85,0,0,0,0,0,1,0,0,0,0,0,0
3145.15,60.48365384615385,51,60.5,0,0,0,0,0,1,0,1,0,0,0,0
265.3,18.95,13,19.55,0,0,0,0,0,0,0,1,1,0,1,0
20.9,10.45,1,20.9,1,0,0,0,0,0,0,0,0,0,0,0
21.05,10.525,1,21.05,1,0,0,0,1,1,0,0,0,0,1,0
4576.3,71.5046875,63,71.5,0,0,1,0,1,0,0,0,0,0,0,0
189.1,47.275,3,54.65,1,1,0,1,1,0,0,0,0,1,0,0
908.15,19.322340425531916,46,19.2,0,0,0,0,1,0,0,0,1,0,0,0
49.8,24.9,1,49.8,1,1,0,1,1,1,0,0,0,1,0,0
215.2,23.91111111111111,8,25.5,1,1,0,1,1,0,0,0,0,1,1,1
1500.95,20.84652777777778,71,20.5,0,0,0,0,0,0,0,1,1,0,1,0
5099.15,91.05624999999999,55,90.4,1,1,0,1,1,1,1,1,0,1,1,0
6385.95,89.94295774647887,70,90.25,0,1,0,0,0,1,1,0,0,0,0,0
159.45,53.15,2,80.75,1,1,1,1,0,0,1,0,0,1,0,1
6885.75,101.26102941176471,67,104.6,0,0,0,0,1,0,1,1,1,1,1,0
5940.85,90.01287878787879,65,91.85,1,1,0,1,1,1,1,1,0,0,0,1
668.85,44.59,14,50.2,1,1,0,1,1,0,0,1,0,1,0,0
1916.2,91.24761904761905,20,95.5,1,1,0,0,0,1,1,1,0,1,1,0
75.35,37.675,1,75.35,1,1,1,1,1,1,1,0,0,0,1,1
75.45,37.725,1,75.45,1,1,1,1,1,1,1,0,0,1,0,1
4613.95,92.279,49,95.4,1,1,0,1,0,1,1,1,0,1,1,0
7261.25,99.46917808219177,72,101.3,0,0,0,1,0,1,1,0,1,0,0,0
2459.8,52.336170212765964,46,53.1,1,0,1,1,0,0,0,1,0,1,0,0
2048.8,81.95200000000001,24,84.85,1,1,0,1,1,1,1,0,0,0,0,0
163.55,27.258333333333336,5,34.25,1,1,1,0,0,0,0,1,0,0,1,0
2888.7,84.96176470588235,33,88.6,1,1,0,0,0,0,1,1,0,0,1,0
2421.6,56.31627906976744,42,60.15,0,0,0,1,0,1,0,0,0,0,0,0
2292.75,95.53125,23,99.95,0,0,0,1,1,1,1,0,0,1,0,0
553.4,61.48888888888889,8,70.7,1,1,0,1,1,0,1,0,0,1,0,0
3465.7,51.72686567164179,66,54.8,0,0,0,1,1,1,0,0,0,0,0,0
1210.4,48.416000000000004,24,49.55,1,0,0,1,1,1,0,0,0,1,0,1
1291.3,51.652,24,54.8,1,1,0,1,1,0,0,0,0,0,0,0
5356.45,76.52071428571428,69,78.6,0,0,0,0,1,1,0,0,0,0,0,1
5200.8,96.31111111111112,53,100.3,0,1,0,1,0,1,1,0,0,0,0,0
3237.05,53.06639344262295,60,53.6,0,0,1,1,0,0,0,0,1,1,0,0
576.65,72.08125,7,81.1,1,1,1,1,0,1,1,1,0,1,0,1
433.75,20.654761904761905,20,19.35,0,0,0,0,0,1,0,0,0,0,0,0
1868.4,77.85000000000001,23,85.6,1,1,1,1,0,0,1,1,0,1,1,0
5728.55,78.47328767123288,72,80.8,0,0,1,0,1,1,0,1,1,1,1,0
825.7,68.80833333333334,11,74.95,1,1,1,1,1,1,1,1,0,1,0,1
390.4,17.745454545454546,21,19.6,0,0,0,0,1,0,0,0,1,0,0,0
93.55,46.775,1,93.55,1,1,1,1,1,1,1,0,0,1,0,1
2845.15,88.9109375,31,90.7,1,1,1,1,1,1,1,0,0,0,0,0
3894.4,67.1448275862069,57,69.75,0,1,0,0,0,0,0,0,1,0,0,0
886.4,19.269565217391303,45,20.0,0,0,0,0,0,1,0,1,1,0,1,0
1021.55,92.86818181818181,10,95.25,1,1,1,1,1,1,1,0,0,0,0,0
5885.4,99.75254237288135,58,102.1,1,1,0,0,0,1,1,1,0,1,0,1
268.4,17.89333333333333,14,19.95,1,0,0,0,1,0,0,0,0,0,1,0
2204.35,78.72678571428571,27,80.85,0,0,0,0,1,0,0,1,0,1,0,0
1259.0,83.93333333333334,14,90.9,1,1,0,1,0,1,1,1,0,0,1,1
309.1,23.77692307692308,12,29.2,1,1,0,1,0,0,0,1,0,0,1,1
6398.05,91.40071428571429,69,93.3,0,1,0,0,0,1,1,1,1,0,1,0
2257.75,86.83653846153847,25,89.15,1,1,0,1,0,1,1,1,0,0,1,1
6287.25,106.5635593220339,58,108.85,0,0,1,1,1,1,1,1,0,0,0,1
1662.05,46.168055555555554,35,46.35,0,0,0,0,0,1,0,1,1,1,1,0
1350.15,79.42058823529412,16,84.75,1,1,1,1,0,1,1,0,0,1,0,1
3600.65,78.275,45,78.75,0,1,0,1,1,0,0,1,0,0,1,0
1329.15,73.84166666666667,17,83.55,1,1,1,1,0,1,1,0,0,0,0,0
45.7,22.85,1,45.7,1,1,1,1,0,1,0,1,0,1,1,1
422.5,18.369565217391305,22,19.6,0,0,0,0,1,0,0,0,0,0,0,0
69.95,34.975,1,69.95,1,1,1,1,0,1,1,0,0,1,0,1
4627.65,68.05367647058823,67,67.85,0,0,0,0,1,0,0,1,1,1,1,0
6717.9,98.79264705882352,67,105.65,0,1,0,0,0,1,1,1,1,1,1,0
97.1,32.36666666666667,2,44.6,1,1,1,1,0,0,0,1,0,1,0,1
1710.45,71.26875,23,74.95,1,1,1,1,1,1,1,0,0,1,0,1
637.4,63.739999999999995,9,75.5,1,1,0,1,0,0,1,0,0,1,0,0
117.95,19.658333333333335,5,20.15,1,0,0,0,0,0,0,0,0,0,0,0
2460.55,44.73727272727273,54,45.2,0,0,0,0,1,0,0,0,1,1,0,0
5464.65,94.21810344827585,57,95.25,0,1,1,1,0,1,1,0,1,1,0,1
2165.05,86.602,24,89.85,1,1,0,1,1,1,1,0,0,1,0,1
4941.8,98.836,49,100.45,0,1,0,1,0,0,1,1,0,0,1,1
223.15,37.19166666666667,5,47.15,1,1,1,1,1,0,0,0,0,1,0,1
181.1,60.36666666666667,2,80.2,1,1,1,1,1,1,1,0,0,1,0,1
341.45,68.28999999999999,4,87.1,1,1,0,0,0,1,1,0,0,1,1,1
5731.85,80.73028169014086,70,79.25,0,0,0,0,1,1,0,1,1,0,1,0
357.75,59.625,5,75.9,1,1,0,1,1,1,1,0,0,1,0,1
4616.1,85.48333333333333,53,85.7,1,0,1,0,1,0,0,1,0,1,1,0
4533.7,94.45208333333333,47,98.75,1,0,1,1,0,1,1,1,0,0,0,1
589.25,18.4140625,31,20.1,0,0,0,0,0,0,0,0,0,0,1,0
750.1,53.57857142857143,13,61.8,1,1,0,0,1,0,0,1,0,0,1,0
1410.25,48.62931034482759,28,49.9,1,1,0,1,0,0,0,1,0,1,1,0
830.85,75.53181818181818,10,86.45,1,1,1,1,0,0,1,0,0,1,0,1
743.5,19.064102564102566,38,20.4,0,0,0,0,1,0,0,1,1,0,0,0
45.3,22.65,1,45.3,1,1,0,1,0,1,0,0,0,1,0,1
7040.85,103.54191176470589,67,104.1,0,1,1,1,1,0,1,1,0,0,0,1
3865.45,72.93301886792453,52,75.4,0,0,0,1,1,1,0,1,0,0,0,0
6825.65,108.34365079365078,62,108.15,0,0,0,0,1,0,1,1,1,0,1,0
1340.1,78.82941176470588,16,86.25,1,1,1,1,0,1,1,0,0,0,0,0
371.65,61.94166666666666,5,81.0,1,1,1,1,0,1,1,1,0,0,0,1
1184.0,91.07692307692308,12,95.7,0,1,1,1,1,0,1,0,0,1,0,0
8477.7,116.13287671232878,72,116.85,0,0,0,0,0,1,1,1,1,0,1,0
7382.85,102.53958333333334,71,105.75,0,1,0,0,1,0,1,0,0,0,0,0
456.85,18.274,24,20.15,0,0,0,0,0,0,0,1,0,0,0,0
331.6,20.725,15,19.6,0,0,0,0,0,0,0,0,1,0,0,0
6056.15,89.06102941176471,67,90.6,0,0,0,1,1,1,1,1,0,0,0,1
134.6,44.86666666666667,2,60.95,1,0,0,1,1,0,0,0,0,0,1,0
125.5,20.916666666666668,5,25.05,1,1,0,1,0,0,0,1,0,1,1,0
1390.6,86.9125,15,88.15,1,1,1,1,0,0,1,1,0,1,0,1
20.2,10.1,1,20.2,1,0,0,0,1,1,0,0,0,0,0,1
2511.3,59.792857142857144,41,60.3,0,0,0,1,1,1,0,1,0,0,1,0
2737.05,62.20568181818182,43,63.95,1,0,1,1,0,1,0,0,0,0,1,0
74.3,37.15,1,74.3,1,1,1,1,1,0,1,1,0,1,0,0
70.6,35.3,1,70.6,1,1,0,1,0,1,1,0,0,1,0,0
2361.8,87.47407407407408,26,90.8,1,1,1,1,0,1,1,1,0,1,1,1
1730.35,75.23260869565217,22,79.35,1,1,1,1,1,1,1,0,0,0,0,1
6404.0,88.94444444444444,71,90.55,0,0,0,0,1,0,0,1,1,0,0,0
165.35,20.66875,7,19.45,0,0,0,0,1,0,0,0,1,0,0,0
1867.6,64.39999999999999,28,64.45,1,1,0,0,0,0,0,0,0,0,0,0
1043.3,61.370588235294115,16,69.65,1,1,1,1,1,0,1,0,0,1,0,0
128.6,16.075,7,19.5,0,0,0,0,1,0,0,0,0,0,0,0
7455.45,106.50642857142857,69,110.5,0,1,0,0,0,1,1,0,1,0,0,0
24.7,12.35,1,24.7,1,1,0,1,0,0,0,0,0,1,1,0
206.15,51.5375,3,77.4,1,0,1,1,1,1,0,0,0,1,0,0
2030.3,92.28636363636363,21,96.8,1,1,0,1,1,1,1,0,0,1,0,1
5869.4,83.84857142857142,69,85.4,1,1,0,1,0,1,1,1,0,0,0,0
3377.8,46.91388888888889,71,47.6,0,0,0,0,0,1,0,1,1,0,0,0
1346.2,19.231428571428573,69,19.4,0,0,0,0,0,0,0,1,1,0,1,0
4946.05,100.93979591836735,48,103.85,1,1,1,0,0,1,1,0,0,1,0,0
4065.0,84.6875,47,83.35,1,1,0,1,1,1,1,1,0,0,0,1
106.55,35.516666666666666,2,49.4,1,1,1,1,0,1,0,0,0,1,0,1
4964.7,107.92826086956521,45,108.45,1,0,0,0,1,1,1,0,0,1,0,0
4085.75,78.57211538461539,51,81.0,1,1,0,1,1,0,1,0,0,0,0,0
1742.75,75.77173913043478,22,79.2,1,0,1,0,0,1,0,1,0,1,0,1
6224.8,85.27123287671233,72,86.65,0,0,0,0,1,0,0,0,1,0,0,0
3415.25,89.875,37,92.95,1,1,1,1,1,1,1,1,0,0,1,0
6325.25,87.85069444444444,71,90.35,0,0,1,0,1,0,0,1,1,0,1,0
340.25,42.53125,7,48.7,1,1,1,1,1,0,0,1,0,1,1,1
1683.6,25.128358208955223,66,25.15,0,0,0,0,0,1,0,0,1,0,0,0
3966.3,76.275,51,76.4,0,0,0,0,1,1,0,1,0,1,1,0
608.5,19.629032258064516,30,19.55,0,0,0,0,0,0,0,1,0,0,1,0
2896.6,82.75999999999999,34,85.35,1,1,1,1,0,0,1,0,0,1,0,0
1514.85,23.305384615384614,64,24.8,0,0,0,0,1,1,0,1,1,0,1,0
6792.45,102.91590909090908,65,103.15,0,1,0,1,1,1,1,1,0,0,0,0
4669.2,97.27499999999999,47,100.75,1,0,0,0,1,0,1,0,0,0,0,0
95.6,47.8,1,95.6,1,0,1,1,0,1,1,0,0,1,0,1
2934.3,58.68600000000001,49,59.75,1,0,0,1,0,1,0,0,0,0,0,1
6302.8,92.68823529411765,67,94.1,0,1,0,0,0,0,1,1,1,0,1,0
779.2,19.48,39,19.35,0,0,0,0,1,0,0,0,0,0,1,0
283.75,18.916666666666668,14,19.9,1,0,0,0,1,0,0,0,0,0,0,0
4600.7,104.56136363636364,43,108.15,1,0,0,0,0,1,1,0,0,0,0,1
5594.0,98.14035087719299,56,101.05,1,1,1,1,1,1,1,0,0,1,0,0
772.85,51.52333333333333,14,59.1,0,1,0,0,0,0,0,0,0,1,0,0
71.35,35.675,1,71.35,1,1,1,1,0,0,1,0,0,1,0,1
857.8,50.45882352941176,16,55.85,0,0,0,1,1,1,0,1,0,0,1,0
7554.05,106.39507042253521,70,106.05,1,0,1,1,1,1,1,1,0,0,1,0
5981.65,81.94041095890411,72,84.1,0,0,0,1,1,1,0,1,1,0,0,0
1702.9,70.95416666666667,23,75.3,1,1,0,1,0,1,1,1,0,1,1,0
467.15,21.23409090909091,21,24.7,1,0,0,0,1,0,0,0,0,0,1,0
20.15,10.075,1,20.15,1,0,0,0,0,1,0,0,0,0,0,1
69.75,34.875,1,69.75,1,1,0,1,1,0,1,0,0,1,1,1
2931.0,88.81818181818181,32,93.2,1,1,1,1,0,1,1,1,0,1,0,1
1400.85,77.82499999999999,17,80.85,1,1,1,1,1,0,1,1,0,1,1,1
137.85,27.57,4,33.65,1,0,1,1,0,1,0,0,0,0,0,1
1941.5,52.472972972972975,36,55.8,0,1,1,1,0,0,0,0,0,1,0,0
1932.75,37.89705882352941,50,39.7,0,1,0,0,0,0,0,0,1,0,0,0
1423.05,29.041836734693877,48,29.5,1,1,0,0,0,1,0,1,0,1,1,0
970.85,19.03627450980392,50,20.15,0,0,0,0,0,0,0,0,1,0,1,0
5810.9,79.60136986301369,72,79.55,0,0,0,0,1,0,0,1,1,0,0,0
223.9,20.354545454545455,10,24.8,1,0,0,0,1,0,0,0,0,0,1,0
391.7,20.61578947368421,18,19.65,1,0,0,0,0,0,0,0,0,0,0,0
79.95,39.975,1,79.95,1,1,1,1,1,1,1,0,0,1,0,1
19.3,9.65,1,19.3,1,0,1,0,0,0,0,0,0,0,0,1
811.65,81.16499999999999,9,94.05,1,1,1,1,1,1,1,0,0,1,0,0
174.75,58.25,2,90.75,1,0,0,1,1,0,1,0,0,1,0,0
3126.85,76.26463414634146,40,78.85,1,1,0,0,0,1,1,1,0,1,0,0
6841.45,97.735,69,99.5,0,1,0,1,1,0,1,1,0,1,0,0
3754.6,98.80526315789473,37,99.2,0,0,1,0,0,1,1,1,0,1,0,1
1406.65,74.03421052631579,18,80.55,1,1,0,1,1,1,1,0,0,1,1,0
834.7,69.55833333333334,11,70.2,1,1,1,1,1,1,1,1,0,1,0,0
627.4,69.71111111111111,8,85.2,1,1,0,1,0,1,1,1,0,1,0,1
242.0,60.5,3,75.25,1,1,1,1,0,0,1,0,0,1,0,1
3157.0,56.375,55,59.45,0,0,0,1,1,0,0,1,0,1,1,0
3092.0,90.94117647058823,33,93.35,1,1,1,1,1,1,1,1,0,0,0,0
2168.9,46.1468085106383,46,44.95,1,1,0,1,0,0,0,0,0,1,0,0
980.35,28.01,34,26.1,0,0,0,0,1,0,0,0,1,0,0,0
65.95,16.4875,3,20.2,1,0,1,0,0,0,0,0,0,0,0,0
711.9,22.96451612903226,30,21.25,0,0,0,0,1,0,0,1,1,0,1,0
1952.8,57.43529411764706,33,59.4,0,0,1,0,0,0,0,0,0,1,0,0
4368.85,94.97500000000001,45,95.0,0,1,0,1,1,1,1,1,0,0,1,0
2647.1,64.56341463414634,40,61.9,1,0,0,0,1,1,0,0,0,0,0,0
8477.6,117.74444444444445,71,118.65,0,0,1,0,0,1,1,0,1,0,0,0
54.35,27.175,1,54.35,1,1,1,1,1,0,0,0,0,1,0,1
4528.0,62.02739726027397,72,64.45,0,0,0,0,0,0,0,1,1,0,1,0
1790.65,77.85434782608696,22,80.15,1,1,1,1,0,1,1,1,0,1,1,0
845.6,17.99148936170213,46,20.2,0,0,0,0,1,1,0,1,0,0,1,0
1210.3,21.6125,55,21.0,0,0,0,0,0,0,0,1,1,0,1,0
20.45,10.225,1,20.45,1,0,0,0,1,0,0,0,0,0,0,0
854.45,65.72692307692309,12,75.85,0,1,0,0,0,1,0,0,0,1,0,0
2429.1,75.909375,31,80.45,1,1,1,1,1,1,1,0,0,0,0,0
100.4,16.733333333333334,5,24.95,1,1,1,1,1,1,0,1,0,1,0,1
5229.45,76.90367647058824,67,75.5,0,0,1,1,0,1,0,1,1,1,1,0
44.45,22.225,1,44.45,1,1,0,1,1,0,0,0,0,1,0,0
1716.45,41.864634146341466,40,42.35,0,0,1,1,1,1,0,1,0,0,0,1
3023.55,71.98928571428571,41,74.55,1,0,0,1,1,1,0,1,0,0,1,0
75.3,37.65,1,75.3,1,1,1,1,1,1,1,0,0,1,0,1
4837.6,93.03076923076924,51,94.8,0,0,1,1,1,1,1,0,0,0,0,1
2032.3,47.26279069767442,42,48.15,0,0,0,0,1,0,0,1,1,1,1,0
436.9,18.204166666666666,23,19.65,0,0,0,0,1,0,0,1,0,0,1,0
70.55,35.275,1,70.55,1,1,1,1,0,1,1,0,0,1,0,1
20.15,10.075,1,20.15,1,0,0,0,0,0,0,0,0,0,0,0
5893.95,103.40263157894736,56,106.6,1,0,0,1,0,1,1,0,0,0,0,0
1430.05,89.378125,15,91.0,1,1,1,1,1,1,1,0,0,0,1,0
313.0,24.076923076923077,12,25.4,0,0,0,0,1,1,0,1,1,0,1,0
3871.85,70.39727272727272,54,69.95,0,0,0,0,0,0,0,1,1,1,1,0
458.1,57.2625,7,66.85,1,1,1,1,0,1,0,0,0,1,0,0
2745.7,80.75588235294117,33,86.15,1,1,0,1,0,0,1,1,0,1,1,1
341.35,20.079411764705885,16,20.15,1,0,1,0,1,0,0,1,0,0,1,0
1336.8,60.76363636363636,21,64.85,0,0,0,1,0,0,0,0,0,1,1,0
2181.75,70.37903225806451,30,74.85,0,1,1,1,1,0,0,1,1,1,0,0
147.75,36.9375,3,50.5,1,1,0,0,1,1,0,0,0,1,0,0
818.45,68.20416666666667,11,72.9,1,1,1,1,1,0,1,0,0,1,0,0
7133.45,113.22936507936508,62,115.05,0,0,0,0,0,1,1,0,0,0,0,0
348.8,18.357894736842105,18,19.0,1,0,1,0,1,0,0,0,0,0,0,0
128.6,18.37142857142857,6,19.55,1,0,0,0,1,0,0,0,0,0,1,0
4674.4,99.45531914893617,46,101.1,0,1,1,1,0,1,1,0,0,1,0,0
1737.45,78.97500000000001,21,84.1,1,1,1,1,1,1,1,0,0,1,0,0
1498.85,21.72246376811594,68,24.15,0,0,0,0,1,1,0,0,1,0,0,0
50.1,25.05,1,50.1,1,1,1,1,0,1,0,0,0,1,0,0
1797.75,69.14423076923077,25,74.6,1,1,1,1,0,1,1,1,0,1,0,0
498.1,19.924,24,19.75,0,0,0,0,0,0,0,0,1,0,1,0
2624.25,84.65322580645162,30,85.0,1,1,1,1,0,1,1,1,0,1,0,1
184.1,61.36666666666667,2,80.55,1,1,1,1,0,0,1,0,0,1,0,1
5498.8,105.74615384615385,51,106.8,0,1,0,1,1,1,1,1,0,0,0,0
4845.4,83.54137931034482,57,84.5,0,0,1,0,0,1,0,1,1,1,1,0
369.1,23.06875,15,25.05,0,0,0,0,0,0,0,0,1,0,0,0
6096.9,83.51917808219177,72,83.7,0,0,0,0,0,1,0,1,1,0,1,0
160.75,53.583333333333336,2,75.8,1,1,1,1,0,1,1,0,0,1,0,1
2684.35,92.56379310344828,28,96.6,1,1,0,1,1,0,1,1,0,0,0,0
3004.15,100.13833333333334,29,98.5,1,1,1,1,1,1,1,1,0,1,0,1
6994.8,98.51830985915493,70,101.1,0,0,0,0,1,1,1,1,1,0,1,0
273.25,19.517857142857142,13,20.2,0,0,0,0,0,0,0,0,0,0,0,0
5483.9,91.39833333333333,59,94.05,0,0,1,0,0,1,1,1,0,0,0,0
1233.65,88.11785714285715,13,95.25,1,1,1,1,1,1,1,1,0,1,0,1
527.9,65.9875,7,74.4,1,1,0,1,1,1,1,1,0,1,0,1
4985.9,79.14126984126983,62,81.0,0,0,0,0,0,0,0,1,1,1,0,0
1258.35,57.19772727272727,21,60.25,0,0,1,0,0,1,0,0,0,1,0,0
111.4,37.13333333333333,2,60.85,1,1,1,1,0,0,0,0,0,1,0,0
43.95,21.975,1,43.95,1,1,0,1,0,0,0,0,0,1,0,0
308.1,61.620000000000005,4,86.05,1,1,1,1,1,0,1,0,0,1,0,0
383.65,19.182499999999997,19,20.25,0,0,0,0,0,0,0,0,0,0,0,0
2555.9,82.4483870967742,30,85.15,1,1,1,0,0,0,1,0,0,1,0,1
1284.2,18.88529411764706,67,19.4,0,0,0,0,1,1,0,1,1,0,1,0
7550.3,103.42876712328767,72,102.65,0,0,0,1,1,1,1,1,1,0,0,0
1110.05,20.55648148148148,53,19.9,0,0,0,0,1,0,0,1,1,0,0,0
99.6,16.599999999999998,5,19.55,0,0,1,0,0,0,0,0,0,0,0,0
6707.15,93.1548611111111,71,95.5,0,1,0,0,1,1,1,1,1,0,0,0
4164.4,81.6549019607843,50,84.15,0,1,0,0,0,1,0,1,0,0,1,0
5873.75,103.04824561403508,56,103.2,0,1,1,0,1,1,1,1,1,1,1,0
109.25,36.416666666666664,2,50.2,1,1,0,0,1,1,0,0,0,1,0,0
179.25,59.75,2,88.55,1,1,1,1,0,1,1,0,0,1,0,1
1338.15,53.526,24,54.75,1,0,1,1,1,0,0,1,0,1,1,1
862.4,18.348936170212767,46,19.95,0,0,0,0,1,0,0,1,1,0,1,0
8564.75,118.95486111111111,71,116.25,0,0,1,0,1,1,1,1,1,0,0,0
926.2,30.873333333333335,29,31.2,1,1,1,0,0,1,0,0,0,1,0,0
1718.2,24.545714285714286,69,24.45,0,0,0,0,1,0,0,1,1,0,1,0
5956.85,82.73402777777778,71,84.2,0,1,0,0,1,0,0,1,1,0,0,0
91.3,45.65,1,91.3,1,1,1,1,0,1,1,0,0,1,0,1
4824.45,84.63947368421053,56,85.65,0,0,0,0,1,1,0,1,1,0,0,0
1238.65,21.730701754385965,56,21.2,0,0,0,0,1,1,0,0,0,0,1,0
79.5,39.75,1,79.5,1,1,1,1,1,1,1,0,0,1,0,1
672.2,23.179310344827588,28,25.55,0,0,0,0,0,0,0,1,0,0,0,0
382.2,19.11,19,20.2,1,0,0,0,0,0,0,1,0,0,1,0
4264.6,63.650746268656725,66,63.85,1,1,1,0,1,0,0,1,0,1,0,0
1070.7,59.483333333333334,17,61.95,0,1,0,0,0,1,0,1,0,1,1,0
1345.85,25.393396226415092,52,25.75,0,0,0,0,1,0,0,1,1,0,1,0
1045.25,52.2625,19,58.2,0,1,1,1,0,0,0,0,0,0,0,0
3003.55,81.17702702702704,36,85.85,0,0,0,0,0,0,0,0,0,0,0,0
467.55,58.44375,7,70.1,1,1,0,1,1,1,1,1,0,1,0,1
7537.5,103.25342465753425,72,104.9,0,0,0,0,1,1,1,1,0,0,1,0
7482.1,110.03088235294118,67,111.3,0,0,1,1,1,1,1,1,0,0,1,1
3343.15,95.51857142857143,34,99.85,0,1,1,1,1,1,1,0,0,0,0,0
5427.05,93.5698275862069,57,95.25,1,1,0,1,1,1,1,1,0,0,0,1
587.1,73.3875,7,86.25,1,1,1,1,0,1,1,1,0,1,0,1
100.8,50.4,1,100.8,1,1,1,1,0,1,1,1,0,1,0,1
161.15,17.905555555555555,8,19.55,1,0,0,0,1,1,0,1,0,0,0,0
7028.5,100.40714285714286,69,104.0,0,1,1,0,0,0,1,0,1,1,0,0
5232.9,102.60588235294117,50,104.4,0,0,0,1,0,1,1,1,0,1,0,0
225.85,20.53181818181818,10,19.5,0,0,0,0,1,0,0,0,0,0,0,0
274.7,21.13076923076923,12,25.25,0,0,0,0,0,0,0,1,1,0,1,0
1180.95,78.73,14,86.3,1,1,1,1,0,1,1,0,0,0,0,1
3370.2,47.46760563380281,70,49.85,0,0,0,0,0,1,0,1,1,1,0,0
7111.3,109.40461538461538,64,108.95,1,0,0,0,0,1,1,0,0,1,0,0
5958.85,88.93805970149255,66,89.9,0,0,0,0,0,0,0,1,1,0,1,0
5999.85,83.33125000000001,71,82.0,0,0,0,0,0,1,0,1,1,1,1,0
1648.45,78.49761904761905,20,89.95,1,1,1,1,1,0,1,0,0,1,0,0
5753.25,78.81164383561644,72,79.35,0,0,0,0,1,1,0,1,1,0,0,0
4492.9,62.40138888888888,71,64.05,0,0,0,0,0,0,0,1,1,0,1,0
3956.7,101.45384615384614,38,101.15,1,1,0,1,1,1,1,1,0,1,1,0
2625.55,90.53620689655173,28,89.95,1,1,1,1,0,1,1,0,0,0,0,1
1233.4,68.52222222222223,17,76.45,1,1,1,1,1,1,1,1,0,0,0,1
1309.0,38.5,33,39.1,0,1,1,1,1,1,0,0,0,0,0,0
813.45,33.893750000000004,23,34.6,0,0,0,0,0,0,0,1,1,1,1,0
1108.8,18.79322033898305,58,19.55,0,0,1,0,1,1,0,1,0,0,1,0
7349.35,103.51197183098591,70,104.45,0,1,0,0,0,1,1,1,1,0,0,0
294.2,58.839999999999996,4,70.5,1,1,1,1,1,0,1,1,0,1,0,0
929.2,20.2,45,20.35,0,0,0,0,1,0,0,1,1,0,1,0
740.0,67.27272727272727,10,70.0,1,1,1,1,1,1,1,0,0,1,0,1
754.5,20.39189189189189,36,19.45,0,0,0,0,1,0,0,1,1,0,1,0
3883.3,70.60545454545455,54,69.9,1,0,0,0,1,1,0,0,0,0,0,0
1414.2,58.925000000000004,23,59.7,0,1,0,0,1,0,0,1,1,0,1,0
3211.2,76.45714285714286,41,78.35,0,0,0,1,0,1,0,1,0,0,1,0
371.6,61.93333333333334,5,71.45,1,1,0,1,1,1,1,0,0,1,0,0
1246.4,44.51428571428572,27,45.85,0,1,0,1,1,1,0,1,0,0,1,0
95.85,47.925,1,95.85,1,1,1,0,0,1,1,0,0,1,0,0
2545.7,37.436764705882354,67,35.7,0,0,0,0,0,0,0,1,1,1,1,0
6448.85,88.34041095890412,72,89.55,0,0,0,0,0,1,0,1,1,0,1,0
1468.9,25.770175438596493,56,24.95,0,0,0,0,0,1,0,1,1,0,1,0
1013.6,22.524444444444445,44,24.85,0,0,1,0,1,0,0,1,0,0,1,0
6690.75,99.86194029850746,66,100.8,1,1,1,1,0,1,1,1,0,0,0,0
2088.75,59.67857142857143,34,64.4,0,0,0,0,0,1,0,0,0,0,0,1
7240.65,103.43785714285714,69,105.35,0,1,0,0,0,0,1,1,1,1,0,0
102.45,51.225,1,102.45,1,0,1,1,0,1,1,1,0,1,1,1
830.25,20.25,40,19.65,0,0,0,0,0,0,0,0,1,0,0,0
1588.7,51.248387096774195,30,54.45,1,0,0,1,1,1,0,1,0,1,1,0
829.3,69.10833333333333,11,70.5,1,1,0,0,0,0,0,0,0,1,0,0
302.45,18.903125,15,20.1,0,0,0,0,0,0,0,0,0,0,0,0
712.25,59.354166666666664,11,69.35,1,1,1,1,1,1,0,0,0,1,0,0
1336.65,20.563846153846157,64,19.8,0,0,0,0,0,0,0,1,0,0,1,0
5360.75,73.43493150684931,72,74.4,0,0,0,0,1,0,0,1,1,0,0,0
6735.05,92.26095890410959,72,93.05,0,0,0,0,1,1,1,1,1,0,0,0
51.2,25.6,1,51.2,1,0,0,1,0,0,0,0,0,1,1,0
1010.0,63.125,15,65.6,0,0,0,0,0,0,0,0,0,0,1,0
4847.05,79.45983606557377,60,80.55,0,1,0,0,0,0,0,0,0,1,0,0
3019.7,52.97719298245614,56,52.7,0,0,0,1,1,0,0,0,0,1,0,0
161.65,17.961111111111112,8,20.85,0,0,0,0,0,0,0,0,1,0,0,0
217.55,54.3875,3,80.1,1,1,0,0,0,0,1,0,0,1,0,1
2583.75,51.675,49,52.15,1,1,0,1,0,1,0,1,0,1,0,0
146.05,48.68333333333334,2,80.2,1,1,1,1,0,1,1,0,0,1,0,1
567.45,81.06428571428572,6,98.15,1,0,0,0,0,1,1,0,0,0,0,1
7711.25,108.60915492957747,70,114.95,0,0,0,0,1,1,1,0,1,0,0,0
1384.75,106.51923076923077,12,112.95,1,1,0,0,1,1,1,0,0,0,0,1
5481.25,103.41981132075472,52,104.45,0,0,0,0,1,1,1,1,0,1,0,0
8124.2,111.2904109589041,72,113.65,0,0,0,0,0,1,1,1,1,0,0,0
827.3,20.178048780487803,40,20.6,0,0,0,0,0,1,0,0,1,0,0,0
70.9,35.45,1,70.9,1,1,0,1,0,0,1,0,0,1,0,1
220.95,55.2375,3,86.85,1,1,1,1,0,1,1,0,0,1,0,1
3673.6,89.6,40,91.55,1,1,1,1,0,1,1,0,0,1,0,0
49.85,24.925,1,49.85,1,1,1,1,1,1,0,0,0,1,1,0
576.65,18.601612903225806,30,19.8,0,0,0,0,1,0,0,1,0,0,0,0
2331.3,97.1375,23,99.85,1,0,1,0,1,1,1,1,0,1,1,1
74.5,37.25,1,74.5,1,1,1,1,1,1,1,1,0,1,1,1
4495.65,99.90333333333332,44,104.15,1,1,1,0,0,0,1,1,0,1,0,0
6941.2,105.16969696969697,65,109.15,1,1,1,0,1,1,1,0,0,0,0,1
340.35,42.54375,7,48.2,1,0,1,1,0,1,0,0,0,1,0,0
1789.9,24.519178082191782,72,25.1,0,0,0,0,1,1,0,0,1,0,0,0
908.55,100.94999999999999,8,100.15,1,1,0,0,0,1,1,0,0,1,0,0
1043.35,61.3735294117647,16,65.2,1,1,0,1,0,1,0,0,0,1,0,1
6822.15,101.82313432835821,66,99.5,1,1,0,1,1,1,1,1,0,1,1,1
71.55,35.775,1,71.55,1,1,0,1,1,1,1,0,0,1,0,1
157.55,39.3875,3,55.9,1,0,0,1,1,0,0,0,0,1,1,0
5029.2,93.13333333333333,53,93.9,1,0,1,1,1,0,1,1,0,1,0,1
581.7,64.63333333333334,8,64.4,1,1,0,0,1,1,0,1,0,1,0,0
7318.2,104.54571428571428,69,108.4,0,1,0,0,1,1,1,1,1,0,0,1
420.45,70.075,5,85.3,1,1,0,1,0,1,1,0,0,0,0,0
7576.7,103.7904109589041,72,107.45,0,0,0,0,0,0,1,1,1,1,1,0
633.4,45.24285714285714,13,48.75,1,1,0,1,0,1,0,1,0,1,0,1
321.65,64.33,4,85.65,1,1,1,1,0,1,1,0,0,1,0,1
4965.0,90.27272727272727,54,91.3,0,0,0,0,0,0,0,1,1,0,1,0
6151.9,84.27260273972603,72,85.95,0,1,0,0,1,0,0,1,1,0,0,0
1253.9,96.45384615384616,12,106.7,1,1,1,1,1,1,1,0,0,0,0,1
25.15,12.575,1,25.15,1,1,1,1,1,1,0,0,0,1,0,1
45.2,22.6,1,45.2,1,1,1,1,1,0,0,0,0,1,0,0
5893.15,107.14818181818181,54,110.35,0,1,1,0,0,0,1,1,0,0,0,1
5420.65,77.43785714285714,69,79.2,0,1,0,1,1,1,1,1,1,1,1,0
2627.35,53.61938775510204,48,55.5,0,0,0,1,0,0,0,0,1,0,0,0
5037.55,102.80714285714286,48,103.25,0,0,0,1,0,1,1,1,0,0,1,1
743.75,82.63888888888889,8,90.25,1,1,1,0,0,1,1,1,0,1,0,0
6589.6,91.52222222222223,71,91.25,0,0,0,0,1,1,0,1,1,0,1,0
92.45,30.816666666666666,2,47.8,1,0,1,1,1,1,0,0,0,1,0,1
6733.15,99.01691176470588,67,100.9,0,0,0,1,1,1,1,1,0,0,0,0
3410.0,97.42857142857143,34,97.7,1,1,0,1,1,1,1,1,0,0,1,0
199.85,49.9625,3,69.85,1,1,1,1,0,1,1,0,0,1,0,0
593.3,59.33,9,65.6,0,1,0,0,0,1,0,1,0,0,1,0
7288.4,101.22777777777777,71,104.65,0,0,0,1,1,1,1,1,0,0,1,0
5229.8,90.16896551724139,57,90.45,0,1,0,0,1,1,1,0,1,1,0,0
4464.8,61.16164383561644,72,63.7,0,0,0,0,1,1,0,0,1,0,0,0
5068.05,103.4295918367347,48,104.5,1,0,1,0,0,1,1,1,0,1,1,0
401.85,21.150000000000002,18,20.1,0,0,0,0,1,0,0,0,0,0,0,0
4451.85,101.1784090909091,43,104.3,0,1,0,0,1,1,1,1,0,1,1,0
6688.95,91.62945205479451,72,93.25,0,0,0,0,0,1,0,1,1,0,1,0
2661.1,73.91944444444444,35,73.45,0,1,0,0,1,1,0,1,0,1,1,0
73.05,14.61,4,20.7,1,0,0,0,1,0,0,0,0,0,0,0
1211.65,24.233,49,25.25,0,0,0,0,0,0,0,1,1,0,1,0
7030.65,97.64791666666666,71,100.5,0,0,0,1,0,0,1,1,1,0,1,0
1020.2,85.01666666666667,11,90.6,1,1,1,1,1,0,1,1,0,1,1,0
5597.65,87.46328125,63,89.4,0,0,0,0,1,1,0,1,1,0,1,0
6223.3,94.29242424242425,65,95.45,1,1,0,1,0,1,1,0,0,0,0,0
1024.65,20.493000000000002,49,20.45,0,0,0,0,0,0,0,0,1,0,1,0
2933.2,97.77333333333333,29,98.6,1,1,0,1,0,1,1,0,0,1,0,1
1258.3,78.64375,15,83.05,1,1,1,0,0,1,1,1,0,1,0,1
82.9,16.580000000000002,4,19.95,1,0,1,0,0,1,0,1,0,0,1,0
7789.6,106.7068493150685,72,109.15,0,1,0,0,0,0,1,1,0,0,0,0
2067.0,76.55555555555556,26,85.7,1,1,0,1,0,1,1,1,0,1,0,0
3452.55,95.90416666666667,35,102.05,1,1,0,1,0,0,1,1,0,1,0,0
5468.95,94.29224137931034,57,94.7,0,1,1,0,0,0,1,0,0,0,0,0
1802.15,62.143103448275866,28,64.4,1,1,1,1,1,0,0,1,0,0,1,0
733.55,28.213461538461537,25,26.8,0,0,0,0,0,1,0,1,0,0,0,0
3021.45,62.946875,47,66.05,0,0,0,1,0,1,0,1,0,1,0,0
3687.85,63.58362068965517,57,65.2,1,0,0,0,0,0,0,1,0,0,1,0
1391.15,81.83235294117648,16,85.05,1,1,0,1,1,1,1,1,0,1,0,0
274.35,45.725,5,55.8,1,0,0,1,1,1,0,0,0,1,0,0
1214.05,67.44722222222222,17,70.4,1,1,0,1,1,1,1,1,0,1,0,1
5510.65,96.67807017543859,56,104.75,0,1,0,1,0,1,1,0,0,0,0,1
1322.85,18.121232876712327,72,19.95,0,0,0,0,1,0,0,1,1,0,1,0
1973.75,89.7159090909091,21,94.25,1,1,1,1,0,1,1,0,0,1,0,1
2196.3,44.82244897959184,48,45.0,0,0,0,1,0,0,0,1,0,1,1,0
7843.55,113.67463768115942,68,114.9,0,0,0,0,0,0,1,1,1,0,0,0
3211.9,103.60967741935484,30,106.4,1,0,0,0,0,0,1,0,0,1,0,0
130.15,32.5375,3,46.1,1,1,0,1,0,1,0,1,0,1,0,0
692.35,46.156666666666666,14,39.7,0,0,0,0,0,0,0,0,1,1,0,0
85.5,17.1,4,20.05,1,0,0,0,0,1,0,0,0,0,1,0
6849.4,95.13055555555555,71,95.75,0,1,0,1,0,1,1,1,1,0,1,0
203.95,22.66111111111111,8,24.4,0,0,0,0,1,0,0,1,0,0,1,0
2117.2,34.148387096774194,61,33.6,1,0,0,1,1,0,0,1,0,1,1,0
6565.85,89.94315068493151,72,90.45,0,1,0,0,1,0,1,1,1,0,1,0
424.75,70.79166666666667,5,84.0,1,1,1,1,0,1,1,0,0,1,0,0
3306.85,66.137,49,67.4,0,0,0,0,0,0,0,0,1,0,0,0
168.9,18.766666666666666,8,19.7,1,0,0,0,1,1,0,0,0,0,0,0
253.8,63.45,3,80.35,1,1,1,1,1,1,1,0,0,1,0,0
197.4,19.740000000000002,9,19.6,0,0,0,0,1,0,0,1,1,0,1,0
3838.2,56.44411764705882,67,54.2,0,0,0,1,1,1,0,1,1,0,1,0
2065.15,43.93936170212766,46,45.2,1,1,0,1,1,1,0,0,0,1,0,0
5064.45,74.47720588235293,67,75.1,0,0,0,1,0,0,0,1,0,0,0,0
1140.05,20.358035714285712,55,19.7,0,0,1,0,0,0,0,1,0,0,0,0
2447.45,71.98382352941177,33,72.75,1,0,0,1,1,1,0,1,0,0,0,0
1263.9,20.061904761904763,62,20.05,0,0,0,0,1,0,0,1,1,0,1,0
45.95,22.975,1,45.95,1,1,0,1,0,0,0,0,0,1,1,1
1838.15,36.763000000000005,49,39.2,1,0,1,1,1,1,0,1,0,1,1,0
44.75,22.375,1,44.75,1,1,1,1,1,1,0,0,0,1,0,0
1185.0,79.0,14,82.65,1,1,1,1,1,1,1,1,0,0,0,0
1743.9,91.78421052631579,18,93.9,1,1,0,0,1,0,1,0,0,1,0,0
70.15,35.075,1,70.15,1,1,1,1,0,1,1,0,0,1,0,1
85.55,42.775,1,85.55,1,1,0,1,0,1,1,0,0,1,0,1
8529.5,116.84246575342466,72,117.15,0,0,0,0,0,1,1,1,1,0,0,0
6549.45,100.76076923076923,64,99.25,0,0,0,0,1,0,1,0,1,1,0,0
7806.5,111.52142857142857,69,112.55,0,0,0,0,1,1,1,1,1,0,0,0
25.7,12.85,1,25.7,1,0,1,0,0,1,0,0,0,0,0,0
6287.3,87.32361111111112,71,90.3,0,0,0,0,1,0,0,1,1,0,1,0
3251.85,48.53507462686567,66,49.4,0,1,0,0,0,1,0,1,0,1,1,0
50.6,16.866666666666667,2,19.4,1,0,0,0,1,0,0,0,0,0,0,0
7904.25,109.78125,71,109.7,0,0,0,0,0,1,1,1,1,0,0,0
729.95,60.82916666666667,11,61.25,0,1,1,1,1,1,0,0,0,0,0,0
2654.05,55.29270833333334,47,55.3,1,0,1,1,1,1,0,0,0,0,1,0
2416.55,67.1263888888889,35,70.3,1,1,1,1,0,1,1,1,0,1,0,1
3520.75,106.68939393939394,32,106.35,1,1,0,1,1,0,1,1,0,0,0,1
5969.95,97.86803278688524,60,103.75,1,1,0,0,1,1,1,1,0,0,1,0
226.8,18.900000000000002,11,19.5,0,0,0,0,1,0,0,0,0,0,0,0
1082.75,36.09166666666667,29,39.5,0,0,0,0,0,0,0,0,0,0,0,0
565.75,25.71590909090909,21,26.05,1,1,1,1,1,1,0,1,0,1,1,0
4370.75,89.19897959183673,48,91.05,1,1,0,1,1,1,1,1,0,1,0,0
90.05,22.5125,3,29.65,1,1,0,1,0,0,0,0,0,0,1,0
2169.4,49.304545454545455,43,50.2,1,1,0,1,0,0,0,1,0,0,1,0
550.6,91.76666666666667,5,105.3,1,1,1,1,1,0,1,0,0,0,0,0
55.45,27.725,1,55.45,1,1,1,1,0,1,0,0,0,1,0,0
6300.85,87.51180555555555,71,85.45,0,0,1,0,1,0,0,1,0,1,1,0
160.05,17.783333333333335,8,19.8,0,0,1,0,0,0,0,1,0,0,1,0
436.6,48.51111111111111,8,59.25,1,1,1,1,1,1,0,0,0,1,0,0
1781.35,84.82619047619048,20,90.7,1,1,0,1,1,1,1,0,0,1,0,0
3467.0,101.97058823529412,33,103.7,0,0,0,1,0,1,1,1,0,1,1,1
5552.5,77.11805555555556,71,79.05,0,1,0,1,1,1,1,0,0,0,0,0
2835.5,88.609375,31,90.7,0,1,1,1,0,1,1,1,0,1,0,0
3591.25,92.08333333333333,38,95.0,0,0,0,1,0,0,1,1,0,0,0,0
88.35,44.175,1,88.35,1,1,1,1,1,1,1,0,0,1,0,1
63.75,21.25,2,30.25,1,1,0,1,0,1,0,1,0,0,1,0
617.15,47.473076923076924,12,49.85,1,1,0,1,0,1,0,1,0,1,0,0
870.25,87.025,9,93.0,1,0,0,0,0,0,1,0,0,1,1,0
601.25,50.104166666666664,11,54.55,1,1,1,0,1,1,0,0,0,0,1,0
111.65,15.950000000000001,6,19.7,1,0,0,0,1,0,0,0,0,0,1,0
6046.1,83.97361111111111,71,84.8,0,0,0,0,0,1,0,1,0,0,0,0
3923.8,91.25116279069768,42,94.45,0,0,0,1,0,1,1,1,0,0,1,0
777.3,86.36666666666666,8,94.2,1,1,1,1,0,1,1,1,0,1,1,1
512.45,85.40833333333335,5,96.25,1,1,1,1,0,1,1,0,0,0,0,1
141.45,47.15,2,70.7,1,1,1,1,0,1,1,1,0,1,0,1
892.15,19.394565217391303,45,20.85,0,0,0,0,0,0,0,1,1,0,1,0
1682.05,58.001724137931035,28,60.0,0,1,0,0,1,1,0,1,0,0,1,0
3398.9,77.24772727272727,43,80.45,1,1,1,1,0,0,1,1,0,0,0,0
4984.85,81.7188524590164,60,84.95,0,0,1,0,1,1,0,0,1,1,1,0
1445.3,33.61162790697674,42,33.55,0,1,0,0,0,0,0,1,0,0,0,1
305.55,38.19375,7,49.65,0,0,0,0,1,0,0,1,1,1,1,0
507.9,19.534615384615385,25,20.2,0,0,0,0,0,1,0,1,0,0,0,0
3640.45,88.79146341463414,40,94.55,1,1,0,1,0,1,1,1,0,1,1,1
2673.45,95.48035714285713,27,100.5,0,1,0,1,1,1,1,0,0,1,0,0
389.8,35.43636363636364,10,35.75,1,1,1,0,1,0,0,0,0,0,0,0
2401.05,85.75178571428572,27,86.45,1,1,0,1,0,1,1,0,0,0,0,0
651.55,54.29583333333333,11,53.8,0,1,0,0,0,0,0,0,0,1,0,0
156.1,31.22,4,38.55,1,0,0,1,1,0,0,1,0,1,1,0
2796.35,40.5268115942029,68,39.9,1,1,0,1,1,1,0,0,0,1,0,0
70.05,35.025,1,70.05,1,1,1,1,1,1,1,0,0,1,0,0
407.05,21.423684210526318,18,20.1,0,0,0,0,0,0,0,0,0,0,0,0
6465.0,111.46551724137932,57,112.95,0,0,0,1,0,1,1,0,1,0,0,1
511.25,18.935185185185187,26,20.3,1,0,1,0,1,1,0,0,0,0,0,0
646.05,35.891666666666666,17,35.65,1,1,0,1,0,1,0,1,0,0,0,0
35.9,17.95,1,35.9,1,1,1,1,1,0,0,0,0,1,0,1
3777.15,96.85000000000001,38,99.25,1,1,0,1,1,1,1,0,0,1,1,1
4903.15,81.71916666666667,59,82.95,0,0,0,1,1,1,1,1,0,0,0,0
1653.85,53.349999999999994,30,55.65,0,0,0,1,1,1,0,0,1,1,0,0
47.5,15.833333333333334,2,24.45,1,1,0,1,1,1,0,0,0,1,0,1
1306.3,25.613725490196078,50,25.2,0,0,1,0,0,0,0,1,0,0,0,0
463.6,46.36,9,50.8,0,0,0,0,1,0,0,0,0,1,0,0
60.65,15.1625,3,19.65,1,0,0,0,0,0,0,1,0,0,1,0
824.85,54.99,14,59.8,1,1,0,1,0,1,0,0,0,1,1,0
2094.65,65.4578125,31,73.55,1,0,0,1,0,1,1,0,0,1,0,0
438.9,54.8625,7,61.4,1,0,1,1,0,0,0,0,0,0,0,0
847.3,94.14444444444445,8,103.35,1,0,0,0,0,1,1,0,0,1,0,1
329.75,18.319444444444443,17,19.9,0,0,0,0,1,0,0,1,0,0,1,0
674.55,20.440909090909088,32,19.45,1,0,0,0,1,1,0,1,0,0,1,0
162.55,54.18333333333334,2,81.5,1,1,0,1,0,0,1,0,0,1,0,0
546.95,68.36875,7,84.8,1,1,1,1,1,1,1,0,0,1,0,1
7887.25,108.04452054794521,72,109.55,0,0,0,1,0,0,1,1,1,0,1,0
3186.65,99.5828125,31,99.95,1,1,1,1,0,1,1,0,0,0,0,1
1972.35,70.44107142857142,27,74.4,1,0,0,1,0,0,1,1,0,1,1,0
1527.35,80.38684210526316,18,90.0,1,1,0,1,0,1,1,0,0,0,0,1
490.55,61.31875,7,74.9,1,1,1,1,1,1,1,0,0,1,0,0
1531.4,102.09333333333333,14,104.85,1,1,1,1,0,1,1,0,0,0,0,1
683.25,56.9375,11,59.65,1,1,0,1,1,1,0,1,0,1,1,0
8058.85,110.39520547945206,72,110.45,0,0,0,0,0,1,1,1,1,1,1,0
2847.4,98.18620689655172,28,106.1,0,0,1,1,1,0,1,1,0,0,1,1
1133.9,70.86875,15,74.2,1,1,0,1,1,1,1,0,0,1,0,1
294.45,58.89,4,74.45,1,1,1,1,0,1,1,0,0,1,0,0
1719.15,23.877083333333335,71,24.55,0,0,1,0,0,0,0,0,1,0,0,0
461.7,76.95,5,89.35,1,1,1,0,0,1,1,0,0,0,0,1
1160.45,24.176041666666666,47,24.55,0,0,0,0,1,0,0,1,1,0,1,0
5199.8,89.65172413793104,57,90.65,0,1,1,1,1,1,1,1,0,0,0,0
5163.3,101.24117647058824,50,105.05,0,0,0,1,1,1,1,1,1,1,0,0
162.3,18.033333333333335,8,20.45,1,0,0,0,1,1,0,0,0,0,0,0
883.35,18.027551020408165,48,19.55,0,0,0,0,0,0,0,1,1,0,1,0
1341.5,18.8943661971831,70,19.7,0,0,0,0,0,0,0,0,0,0,0,0
70.45,35.225,1,70.45,1,0,0,0,1,1,0,0,0,0,1,0
659.45,73.27222222222223,8,85.65,1,1,0,1,1,1,1,1,0,1,0,0
77.15,38.575,1,77.15,1,1,1,1,0,1,1,0,0,1,0,1
35.25,17.625,1,35.25,1,1,0,1,1,1,0,0,0,1,0,1
1205.05,19.754918032786886,60,20.55,0,0,0,0,1,0,0,1,1,0,1,0
4917.9,98.35799999999999,49,97.95,0,1,1,0,1,1,1,1,0,1,1,0
201.0,40.2,4,48.55,1,1,1,1,1,1,0,1,0,0,0,1
599.3,19.976666666666667,29,20.0,0,0,0,0,0,0,0,0,0,0,0,0
1733.15,25.4875,67,25.25,0,0,0,0,0,1,0,1,1,0,0,0
5149.5,95.36111111111111,53,98.4,1,1,0,1,0,1,1,1,0,0,0,1
4677.1,68.78088235294118,67,70.9,0,0,0,0,1,0,0,1,1,0,0,0
119.3,17.04285714285714,6,19.85,1,0,0,0,0,0,0,1,0,0,1,0
4849.1,101.02291666666667,47,106.35,1,1,1,1,0,1,1,0,0,0,0,0
5424.25,100.44907407407408,53,99.5,0,0,0,0,0,0,1,0,1,0,0,0
5878.9,83.9842857142857,69,84.7,0,0,0,0,1,1,0,1,1,0,0,0
244.85,61.2125,3,86.05,1,0,0,1,1,1,1,0,0,1,0,0
220.75,44.15,4,44.55,1,1,0,1,1,0,0,0,0,1,0,0
4261.2,74.7578947368421,56,75.85,0,0,0,0,1,1,0,1,1,0,1,0
5574.75,92.9125,59,93.85,1,1,0,1,1,1,1,1,0,1,0,1
1501.75,24.221774193548388,61,25.0,0,0,0,0,1,0,0,1,1,0,0,0
89.75,29.916666666666668,2,45.0,1,1,1,1,0,1,0,1,0,1,0,0
4541.2,96.62127659574467,46,100.7,1,0,1,1,1,1,1,1,0,0,1,1
255.5,19.653846153846153,12,20.5,1,0,0,0,1,0,0,1,0,0,1,0
1072.0,71.46666666666667,14,80.45,1,1,1,1,0,1,1,0,0,1,0,1
2509.25,86.52586206896552,28,90.45,0,1,1,0,0,1,1,1,0,1,1,0
1440.75,57.63,24,60.45,1,0,0,0,1,0,0,0,0,0,0,0
1715.65,53.6140625,31,55.25,1,1,1,0,1,1,0,0,0,1,0,1
5333.35,77.2949275362319,68,78.45,0,0,1,0,0,1,0,1,0,0,1,0
3895.35,97.38374999999999,39,100.55,0,1,0,0,1,0,1,0,1,1,1,0
869.9,20.230232558139534,42,20.35,1,0,0,0,0,0,0,1,0,0,0,0
706.85,50.489285714285714,13,54.45,1,0,1,0,1,1,0,1,0,1,0,1
512.25,73.17857142857143,6,90.75,1,1,1,1,0,1,1,1,0,0,0,0
2636.05,73.22361111111111,35,75.35,1,1,0,1,1,0,1,0,0,1,0,1
814.75,20.891025641025642,38,20.25,0,0,0,0,0,1,0,1,0,0,0,0
388.6,20.45263157894737,18,20.05,0,0,0,0,1,0,0,0,1,0,0,0
93.45,18.69,4,19.6,1,0,0,0,0,0,0,1,0,0,0,0
1389.85,49.637499999999996,27,53.8,1,1,1,0,1,1,0,1,0,0,0,0
2894.55,68.91785714285714,41,70.2,0,0,0,1,1,0,0,0,0,0,1,0
4025.6,78.93333333333334,50,75.5,0,0,1,0,1,0,0,1,0,1,1,0
1354.4,18.553424657534247,72,20.35,0,0,1,0,1,0,0,1,1,0,1,0
1856.4,26.146478873239438,70,26.05,0,0,0,0,0,0,0,0,0,0,0,0
926.0,20.57777777777778,44,20.6,0,0,0,0,1,0,0,1,0,0,1,0
189.2,63.06666666666666,2,75.7,1,0,1,1,1,1,1,0,0,1,0,1
682.1,19.48857142857143,34,20.1,0,0,0,0,0,1,0,1,0,0,1,0
1778.7,24.365753424657534,72,24.3,0,0,0,0,0,0,0,1,1,0,0,0
1816.2,25.225,71,24.5,0,0,1,0,1,1,0,1,1,0,0,0
7069.25,108.75769230769231,64,110.5,0,1,0,0,0,1,1,0,1,0,0,0
1841.2,25.221917808219178,72,25.25,0,0,0,0,0,1,0,1,1,0,0,0
74.25,37.125,1,74.25,1,1,0,1,1,1,1,0,0,1,0,1
2656.7,88.55666666666666,29,90.1,0,0,0,1,1,0,1,1,0,1,0,0
1689.45,70.39375,23,68.75,0,0,0,0,0,1,0,1,0,1,0,0
1054.75,19.900943396226417,52,19.2,0,0,0,0,1,0,0,1,1,0,1,0
2187.55,84.13653846153846,25,89.7,1,1,1,1,0,1,1,0,0,0,0,1
7334.05,112.83153846153846,64,115.1,0,0,0,0,0,1,1,0,1,0,0,0
1581.2,93.01176470588236,16,96.4,1,1,1,1,0,1,1,0,0,1,0,1
69.5,34.75,1,69.5,1,1,0,1,1,1,1,0,0,1,0,1
2404.85,96.194,24,99.65,1,1,0,1,1,1,1,0,0,0,0,0
171.45,57.15,2,91.45,1,1,1,1,1,1,1,1,0,1,0,0
2839.45,81.12714285714286,34,84.75,0,0,0,0,0,0,0,1,1,0,1,0
3132.75,84.66891891891892,36,85.25,1,1,0,1,1,1,1,1,0,1,0,1
3942.45,73.00833333333333,53,78.75,0,1,0,0,1,1,0,1,0,1,1,0
873.4,18.195833333333333,47,20.25,0,0,0,0,0,0,0,1,1,0,1,0
1529.65,20.954109589041096,72,19.9,0,0,0,0,1,0,0,0,1,0,1,0
6991.6,95.77534246575343,72,97.75,0,0,0,0,1,1,1,1,1,0,1,0
19.4,9.7,1,19.4,1,0,0,0,1,0,0,0,0,0,0,1
803.3,80.33,9,83.3,1,1,1,1,0,1,1,0,0,1,0,1
679.3,75.47777777777777,8,80.1,1,1,0,1,0,1,1,0,0,1,0,1
2791.5,60.68478260869565,45,62.7,0,0,0,1,1,0,0,0,0,1,0,1
715.0,89.375,7,100.4,1,1,1,0,0,1,1,0,0,1,0,0
1681.6,23.355555555555554,71,24.45,0,0,0,0,0,1,0,1,1,0,0,0
4016.2,95.62380952380951,41,101.1,0,1,0,0,0,1,1,0,0,1,0,0
3281.65,48.25955882352941,67,50.9,0,0,0,1,1,0,0,1,1,1,1,0
7317.1,104.53,69,107.2,0,0,0,0,1,1,1,1,0,0,0,0
6474.45,91.18943661971831,70,92.2,0,0,0,0,0,1,0,1,1,0,0,0
676.35,26.013461538461538,25,25.3,0,0,0,0,1,0,0,0,0,0,0,1
8164.1,111.83698630136986,72,113.4,0,0,0,0,1,0,1,0,1,0,0,0
1325.85,37.88142857142857,34,40.55,0,1,1,0,1,1,0,1,1,1,1,0
1654.85,25.073484848484846,65,26.0,0,0,0,0,0,0,0,1,1,0,1,0
7795.95,109.80211267605634,70,111.95,0,0,0,0,0,1,1,0,1,0,0,0
3952.45,54.143150684931506,72,53.8,0,0,0,1,0,1,0,1,1,1,1,0
2495.15,69.30972222222222,35,72.1,0,1,0,0,1,1,0,0,0,1,1,0
1230.25,87.875,13,98.15,1,0,0,1,1,0,1,0,0,1,0,1
876.75,67.4423076923077,12,78.85,0,0,1,1,0,0,0,1,0,1,0,0
4263.45,67.67380952380952,62,70.75,0,0,0,0,0,1,0,1,0,1,1,0
1992.95,76.65192307692308,25,76.15,1,0,0,0,0,1,0,0,0,1,0,0
1982.1,37.39811320754717,52,39.1,0,0,0,0,0,0,0,0,1,0,0,0
562.7,62.522222222222226,8,69.95,1,1,0,1,1,1,1,0,0,1,0,0
33.7,11.233333333333334,2,20.05,1,0,0,0,1,0,0,0,0,0,0,0
1090.1,19.12456140350877,56,20.05,0,0,0,0,0,0,0,1,1,0,1,0
227.45,17.496153846153845,12,19.45,1,0,0,0,0,0,0,0,0,0,0,0
1250.85,26.059375,47,26.9,0,0,1,0,0,0,0,1,0,0,0,0
37.2,12.4,2,19.2,1,0,1,0,1,0,0,0,0,0,0,0
892.7,46.98421052631579,18,50.0,1,1,0,1,0,1,0,0,0,1,0,0
487.75,54.19444444444444,8,60.0,1,0,1,1,0,1,0,0,0,1,0,0
3713.95,80.73804347826086,45,84.55,1,0,0,1,1,1,1,1,0,1,0,0
141.7,35.425,3,45.45,1,1,0,1,1,0,0,0,0,1,0,0
678.2,17.389743589743592,38,20.05,0,0,0,0,0,0,0,0,0,0,0,0
8425.3,115.41506849315067,72,115.55,0,0,1,0,1,1,1,1,1,0,0,0
4154.8,88.4,46,93.7,1,0,1,1,1,1,1,0,0,0,0,1
7061.65,98.07847222222222,71,99.0,0,0,0,1,0,1,1,1,1,0,1,0
3364.55,50.21716417910448,66,50.55,0,1,0,0,1,0,0,1,1,1,1,0
2655.25,102.125,25,105.95,1,1,0,1,1,0,1,0,0,0,0,1
1425.45,75.02368421052631,18,82.0,0,1,0,0,1,1,0,0,0,1,0,1
332.5,23.75,13,25.0,0,0,0,0,0,1,0,1,1,0,1,0
5963.95,90.36287878787878,65,91.55,0,0,0,0,0,0,0,1,1,0,1,0
5742.9,94.14590163934426,60,95.75,1,1,1,1,1,1,1,1,0,0,0,1
278.85,17.428125,15,19.35,0,0,0,0,1,0,0,1,1,0,1,0
1871.85,25.641780821917806,72,24.85,0,0,0,0,0,0,0,1,1,0,0,0
2866.45,92.46612903225805,30,94.05,1,1,0,1,1,1,1,1,0,1,0,1
4303.65,100.08488372093022,42,100.4,0,1,1,0,0,1,1,1,1,1,1,0
1753.0,24.34722222222222,71,25.0,0,0,0,0,0,0,0,1,1,0,0,0
54.75,27.375,1,54.75,1,1,0,1,0,1,0,0,0,1,0,1
3759.05,93.97625000000001,39,95.65,1,1,0,1,1,1,1,0,0,1,0,1
617.65,17.156944444444445,35,19.25,1,0,0,0,0,0,0,0,0,0,0,0
5935.1,109.90925925925927,53,108.25,1,1,0,0,0,1,1,1,0,0,1,0
94.6,47.3,1,94.6,1,1,1,1,0,1,1,0,0,1,0,1
2911.3,90.978125,31,98.9,1,1,1,0,0,1,1,1,0,1,1,1
982.95,20.060204081632655,48,20.15,0,0,0,0,1,0,0,0,1,0,0,0
2974.5,95.95161290322581,30,101.3,1,1,1,0,0,1,1,0,0,1,1,0
198.7,18.063636363636363,10,20.0,1,0,0,0,1,0,0,0,0,0,0,0
1275.65,98.12692307692308,12,105.3,1,1,1,1,0,1,1,0,0,0,1,0
4003.0,69.01724137931035,57,69.85,0,0,0,0,0,0,0,0,1,1,0,0
3791.6,64.26440677966102,58,65.25,1,0,0,1,0,1,0,1,0,0,0,0
813.3,21.402631578947368,37,19.8,0,0,0,0,0,0,0,0,1,0,0,0
780.25,17.33888888888889,44,19.6,1,0,0,0,0,0,0,1,0,0,1,0
552.9,19.74642857142857,27,20.05,0,0,0,0,1,0,0,0,0,0,1,0
408.25,45.361111111111114,8,49.4,1,1,1,0,0,0,0,0,0,1,0,0
231.8,57.95,3,76.05,1,1,1,1,1,1,1,0,0,1,0,1
2191.15,84.275,25,88.4,1,1,0,1,0,0,1,1,0,0,0,0
5611.7,96.75344827586207,57,100.6,1,1,1,1,0,1,1,1,0,0,1,0
246.25,18.942307692307693,12,19.45,1,0,0,0,0,0,0,0,0,0,0,0
1296.15,20.573809523809526,62,20.3,0,0,0,0,0,0,0,1,1,0,1,0
7082.85,107.3159090909091,65,107.65,0,1,0,0,0,1,1,1,1,0,0,0
5662.25,78.64236111111111,71,80.45,0,1,0,0,0,1,0,1,1,1,0,0
1215.45,55.247727272727275,21,58.85,0,1,0,1,0,1,0,1,0,0,1,0
7854.15,109.08541666666666,71,109.6,0,0,1,1,1,1,1,1,0,0,0,0
525.0,65.625,7,75.15,1,1,1,1,0,1,1,0,0,1,0,0
5265.2,72.12602739726027,72,73.0,0,0,0,0,0,1,0,0,1,0,0,0
70.1,35.05,1,70.1,1,1,1,1,0,0,1,0,0,1,0,0
7129.45,97.66369863013698,72,98.65,0,1,0,0,0,1,1,1,1,0,1,0
7266.95,111.79923076923076,64,111.45,0,1,1,0,0,1,1,1,0,0,1,0
8496.7,116.39315068493151,72,114.9,0,0,1,0,0,1,1,0,1,0,0,0
2878.75,95.95833333333333,29,100.55,1,1,0,1,0,0,1,0,0,1,0,0
261.3,18.664285714285715,13,20.4,0,0,0,0,0,1,0,0,1,0,0,0
3205.6,100.175,31,104.35,1,0,1,1,0,0,1,0,0,0,0,0
69.75,34.875,1,69.75,1,1,1,1,1,1,1,0,0,1,0,1
279.25,34.90625,7,34.5,1,0,1,0,1,1,0,1,0,1,1,1
6281.45,101.31370967741935,61,105.55,1,1,1,1,1,1,1,1,0,0,0,1
1131.3,28.2825,39,30.1,1,1,0,1,0,0,0,0,0,1,1,1
738.2,67.10909090909091,10,70.3,1,1,1,1,1,1,1,1,0,1,0,1
1137.05,75.80333333333333,14,80.45,1,1,0,0,0,0,0,1,0,0,1,0
80.2,40.1,1,80.2,1,1,0,1,0,1,1,0,0,0,0,1
6341.45,93.25661764705882,67,94.35,0,0,0,0,0,1,1,1,0,1,1,1
6697.2,91.74246575342465,72,91.35,0,0,0,0,0,1,0,0,1,0,0,0
260.8,37.25714285714286,6,44.6,1,1,0,1,1,1,0,1,0,1,1,1
19.6,9.8,1,19.6,1,0,0,0,0,1,0,0,0,0,0,1
505.45,19.440384615384616,25,19.9,0,0,1,0,1,0,0,1,0,0,1,0
3655.45,107.51323529411764,33,110.45,1,1,1,0,0,1,1,0,0,0,0,1
1299.8,68.41052631578947,18,68.35,1,0,1,0,1,1,0,0,0,1,0,0
5564.85,77.28958333333334,71,79.1,0,1,0,0,1,1,0,1,1,0,0,0
1381.8,47.648275862068964,28,51.0,0,1,1,1,1,1,0,1,0,1,1,0
188.1,62.699999999999996,2,80.55,1,0,0,1,0,0,1,0,0,1,1,0
1077.05,59.83611111111111,17,66.7,1,1,0,0,1,1,0,1,0,0,1,0
4922.4,86.3578947368421,56,86.4,1,0,1,1,1,1,1,0,0,0,0,0
2911.5,47.72950819672131,60,50.05,0,0,1,1,0,0,0,1,0,0,0,0
826.1,24.29705882352941,33,25.7,0,0,0,0,0,0,0,0,1,0,0,0
83.4,41.7,1,83.4,1,0,0,0,0,1,1,0,0,0,0,0
140.7,46.9,2,70.7,1,1,0,1,1,0,1,0,0,1,0,1
5377.8,84.028125,63,84.65,0,0,0,0,1,1,1,1,1,1,0,0
665.45,83.18125,7,99.25,1,1,1,1,1,1,1,1,0,1,0,1
3617.1,64.59107142857142,55,64.75,0,1,0,1,0,1,0,0,1,0,0,0
6643.5,100.6590909090909,65,100.15,0,0,0,0,0,1,1,1,0,0,0,0
84.8,42.4,1,84.8,1,1,1,0,1,1,1,1,0,1,0,1
1559.3,24.3640625,63,25.25,0,0,0,0,1,0,0,0,1,0,0,0
7987.6,112.50140845070423,70,113.0,0,0,0,0,0,1,1,1,1,0,0,0
1547.35,41.82027027027027,36,40.65,0,0,0,0,0,0,0,1,1,1,1,0
5426.85,102.3933962264151,52,105.0,0,1,0,0,1,1,1,0,0,0,0,1
1127.35,49.01521739130435,22,54.45,1,0,1,1,1,1,0,0,0,1,0,1
2142.8,93.16521739130435,22,94.95,1,1,0,0,1,1,1,0,0,0,0,0
287.85,47.975,5,59.9,1,0,0,0,0,0,0,0,0,0,0,0
4045.65,84.284375,47,85.3,1,1,1,1,0,1,1,1,0,1,0,1
2757.85,81.11323529411764,33,83.35,1,1,1,1,0,1,1,0,0,1,0,1
600.0,31.57894736842105,18,33.5,1,1,0,1,1,1,0,0,0,0,0,1
19.8,9.9,1,19.8,1,0,0,0,0,0,0,0,0,0,0,0
4534.45,79.55175438596491,56,81.8,0,1,0,0,1,1,0,0,1,0,0,0
40.9,13.633333333333333,2,20.0,1,0,0,0,0,1,0,0,0,0,0,0
2094.9,58.19166666666667,35,59.6,1,0,1,1,1,1,0,0,0,1,0,0
1584.8,24.38153846153846,64,25.0,0,0,0,0,0,0,0,1,1,0,0,0
1302.65,81.415625,15,84.35,1,0,0,1,0,1,1,0,0,1,0,0
2238.5,89.54,24,90.35,1,1,1,1,1,1,1,0,0,1,0,1
55.55,27.775,1,55.55,1,1,0,1,1,0,0,0,0,1,0,0
5437.75,76.58802816901408,70,75.35,0,0,0,0,0,0,0,1,1,1,1,0
90.75,45.375,1,90.75,1,1,1,1,1,1,1,1,0,1,0,1
365.65,73.13,4,89.6,1,1,0,1,0,0,1,0,0,0,1,1
2209.15,55.228750000000005,39,59.3,0,1,1,0,0,0,0,0,0,1,0,0
1912.15,63.73833333333334,29,66.1,1,0,1,1,0,1,0,0,0,1,0,0
255.55,17.03666666666667,14,18.8,0,0,0,0,0,0,0,1,1,0,1,0
5175.3,83.47258064516129,61,86.45,0,0,0,0,0,0,0,0,1,1,0,0
670.65,47.903571428571425,13,52.1,1,0,0,1,1,1,0,0,0,1,1,0
3177.25,47.42164179104478,66,47.4,0,0,0,0,0,1,0,0,1,0,0,0
90.35,30.116666666666664,2,49.25,1,1,1,1,1,1,0,0,0,1,0,1
6557.75,109.29583333333333,59,109.15,0,0,0,1,0,1,1,1,0,0,0,0
5791.85,91.93412698412699,62,94.95,0,0,0,1,1,1,1,1,0,0,1,0
3055.5,89.86764705882354,33,93.55,0,0,1,0,1,1,1,1,0,0,0,0
5196.1,77.55373134328359,66,79.5,0,1,0,0,1,1,0,0,1,0,1,0
8405.0,115.13698630136986,72,115.05,0,0,0,0,0,0,1,0,1,0,0,0
19.75,9.875,1,19.75,1,0,0,0,1,0,0,0,0,0,1,1
1789.25,89.4625,19,95.15,1,0,1,1,0,1,1,0,0,0,0,1
5000.05,96.1548076923077,51,95.15,0,0,0,0,0,1,1,1,0,1,1,0
6713.2,104.89375,63,105.4,1,1,1,0,1,0,1,0,0,0,0,0
562.6,20.092857142857145,27,20.1,0,0,0,0,1,0,0,0,0,0,0,0
2317.1,100.74347826086957,22,101.35,1,0,0,1,1,1,1,0,0,1,0,1
91.45,18.29,4,20.05,1,0,0,0,0,0,0,0,0,0,0,0
828.85,19.275581395348837,42,20.7,0,0,0,0,1,0,0,1,1,0,1,0
617.35,20.578333333333333,29,20.35,0,0,0,0,0,0,0,0,0,0,0,0
266.9,53.379999999999995,4,70.05,1,1,0,1,0,1,1,0,0,1,0,1
625.05,20.16290322580645,30,19.7,0,0,0,0,1,0,0,0,0,0,0,0
301.4,60.279999999999994,4,74.65,1,1,1,1,1,1,1,1,0,1,0,1
6029.9,83.7486111111111,71,85.45,0,0,0,0,1,0,0,1,1,0,1,0
1842.7,39.206382978723404,46,40.4,0,0,0,0,1,0,0,1,1,1,0,0
206.6,41.32,4,50.4,1,1,0,1,1,0,0,0,0,1,0,1
604.7,75.5875,7,79.65,1,0,0,1,0,1,1,0,0,1,0,1
7386.05,105.515,69,105.2,0,1,0,0,1,1,1,0,0,0,0,0
7334.05,100.46643835616439,72,100.65,0,0,0,1,0,0,1,1,1,0,0,0
1471.75,73.5875,19,79.85,1,1,1,1,1,1,1,0,0,1,0,1
2626.15,90.55689655172414,28,91.0,1,1,1,0,1,0,1,0,0,1,0,0
412.1,68.68333333333334,5,78.75,1,1,1,1,1,1,1,1,0,0,0,1
8277.05,113.38424657534246,72,116.75,0,0,0,0,0,1,1,1,1,0,0,0
583.45,64.82777777777778,8,80.45,1,1,0,1,1,1,1,1,0,1,1,1
369.25,46.15625,7,59.1,0,0,1,1,0,1,0,0,0,1,0,0
1049.05,45.61086956521739,22,49.8,1,0,1,1,0,1,0,0,0,1,0,0
1414.8,19.38082191780822,72,19.3,0,0,0,0,1,0,0,0,1,0,0,0
169.75,18.86111111111111,8,19.65,1,0,0,0,1,0,0,1,0,0,1,0
4354.45,82.15943396226415,52,81.4,0,0,0,0,1,1,0,1,0,0,0,0
2719.2,39.40869565217391,68,38.9,0,0,0,0,0,0,0,0,1,1,0,0
6365.35,88.4076388888889,71,87.95,0,0,0,0,0,0,0,1,1,0,0,0
51.6,17.2,2,19.85,1,0,0,0,1,0,0,0,0,0,0,0
3190.25,91.15,34,96.35,1,1,1,0,0,1,1,0,0,0,0,0
812.5,22.569444444444443,35,24.15,1,1,1,1,0,0,0,0,0,1,0,0
1143.8,18.448387096774194,61,19.1,0,0,0,0,0,0,0,1,0,0,1,0
44.0,22.0,1,44.0,1,1,1,1,1,0,0,0,0,1,0,0
50.1,25.05,1,50.1,1,1,0,1,0,1,0,0,0,1,0,1
3297.0,61.05555555555556,53,60.6,0,1,0,1,0,0,0,1,0,1,1,0
1887.0,25.84931506849315,72,25.65,0,0,0,0,0,0,0,1,1,0,0,0
151.8,50.6,2,76.4,1,1,1,1,1,0,1,1,0,1,0,1
293.65,73.4125,3,98.7,1,1,1,0,1,1,1,0,0,1,0,1
1308.1,93.43571428571428,13,100.8,1,0,1,1,0,1,1,0,0,1,0,1
2215.4,52.74761904761905,41,53.95,1,1,1,1,1,1,0,1,0,0,0,0
482.8,19.312,24,20.4,0,0,0,0,0,0,0,1,0,0,0,0
2598.95,89.61896551724138,28,90.1,0,1,0,1,0,1,1,1,0,1,1,1
216.45,24.049999999999997,8,29.35,1,0,0,1,1,0,0,0,0,1,0,0
20.45,10.225,1,20.45,1,0,0,0,1,1,0,0,0,0,0,0
5064.85,92.08818181818182,54,95.1,0,1,0,0,0,1,1,0,1,1,0,0
996.45,23.725,41,25.25,1,0,0,0,1,1,0,0,0,0,0,0
839.65,41.9825,19,44.9,1,1,0,1,0,0,0,1,0,1,0,0
6733.0,92.23287671232876,72,92.65,0,0,0,0,0,0,0,1,1,0,1,0
2618.3,41.560317460317464,62,43.7,0,0,0,0,1,1,0,0,1,0,0,0
4084.35,71.65526315789474,56,72.6,0,0,0,0,0,1,0,1,1,1,1,0
765.5,47.84375,15,51.55,1,1,1,1,1,0,0,0,0,1,0,1
793.55,72.14090909090909,10,79.25,1,1,1,1,1,1,1,0,0,1,0,1
613.95,18.604545454545455,32,18.95,0,0,0,0,1,0,0,1,1,0,1,0
402.85,18.311363636363637,21,20.5,1,0,0,0,1,0,0,0,0,0,0,0
1244.8,19.75873015873016,62,19.95,0,0,0,0,1,0,0,1,0,0,1,0
46.4,15.466666666666667,2,24.5,1,1,1,1,0,0,0,0,0,1,0,0
581.85,20.780357142857145,27,20.6,0,0,0,0,1,0,0,0,1,0,1,0
462.8,77.13333333333334,5,94.85,1,1,0,1,1,1,1,0,0,1,0,1
1540.2,59.23846153846154,25,61.05,0,0,1,1,0,0,0,0,0,0,0,0
169.8,56.6,2,85.7,1,1,1,1,0,1,1,0,0,1,0,1
5168.1,103.36200000000001,49,106.65,0,1,0,0,1,1,1,0,0,0,0,0
6780.1,105.9390625,63,108.25,1,0,0,1,0,0,1,0,0,0,0,0
94.5,18.9,4,20.4,1,0,0,0,0,0,0,0,0,0,1,0
55.3,27.65,1,55.3,1,1,0,1,0,1,0,1,0,1,0,0
208.0,17.333333333333332,11,20.25,1,0,0,0,1,0,0,0,0,0,0,0
3829.75,72.25943396226415,52,72.95,1,1,0,1,1,1,1,0,0,1,0,0
5294.6,86.79672131147541,60,89.45,1,1,1,1,0,0,1,1,0,0,0,0
6889.8,105.99692307692308,64,104.65,0,1,0,0,1,1,1,0,0,1,0,0
3254.35,73.96249999999999,43,75.2,0,0,0,1,0,0,0,1,1,1,1,0
6383.9,102.96612903225805,61,101.15,0,1,0,0,0,0,1,1,0,1,0,0
44.4,22.2,1,44.4,1,1,0,1,0,0,0,0,0,1,0,1
477.7,79.61666666666666,5,89.5,1,1,1,1,1,1,1,0,0,1,0,1
4447.55,66.3813432835821,66,68.75,0,0,0,0,1,0,0,0,1,0,0,0
7321.05,107.66250000000001,67,111.05,0,0,1,0,1,1,1,1,1,0,0,0
4135.0,96.16279069767442,42,99.0,0,1,0,0,0,1,1,1,1,1,0,0
86.05,43.025,1,86.05,1,1,1,1,1,1,1,1,0,1,0,1
697.7,21.803125,31,21.0,0,0,0,0,0,0,0,1,1,0,1,0
168.65,21.08125,7,19.4,1,0,0,0,1,1,0,0,0,0,0,0
174.3,34.86,4,44.55,1,1,1,1,1,1,0,0,0,1,0,1
2753.8,78.68,34,77.2,0,1,0,1,1,0,0,1,0,1,1,0
69.25,17.3125,3,19.45,0,0,0,0,1,1,0,0,0,0,0,0
434.8,21.740000000000002,19,24.85,1,1,0,1,0,1,0,1,0,1,1,0
1077.5,33.671875,31,35.4,1,0,0,0,1,0,0,1,0,1,1,1
95.65,47.825,1,95.65,1,1,0,1,0,0,1,0,0,1,0,1
107.25,26.8125,3,41.35,1,0,0,0,1,0,0,0,0,1,0,0
851.2,18.11063829787234,46,19.6,1,0,1,0,1,0,0,1,0,0,0,0
20.95,10.475,1,20.95,1,0,0,0,0,0,0,0,0,0,0,1
5848.6,83.55142857142857,69,84.45,0,0,0,1,0,0,1,1,0,1,1,0
109.8,18.3,5,20.25,1,0,0,0,1,0,0,0,0,0,0,0
19.65,9.825,1,19.65,1,0,0,0,1,0,0,0,0,0,0,0
595.5,22.055555555555557,26,20.65,0,0,0,0,1,1,0,0,0,0,0,0
329.8,29.981818181818184,10,34.7,1,1,1,1,0,1,0,0,0,1,0,1
2513.5,96.67307692307692,25,99.3,0,1,0,0,1,0,1,0,1,1,0,0
5135.35,79.00538461538463,64,81.05,1,0,1,1,1,0,1,1,0,0,1,0
2000.2,64.5225806451613,30,67.6,1,0,1,0,1,0,0,1,0,0,1,0
931.75,66.55357142857143,13,70.15,1,1,1,1,1,1,1,0,0,1,0,0
7396.15,113.78692307692307,64,115.0,0,0,1,0,0,1,1,1,0,0,0,0
3958.85,84.23085106382979,46,84.8,1,1,0,0,0,1,1,0,0,1,1,0
260.9,20.069230769230767,12,19.7,0,0,0,0,0,0,0,0,0,0,0,0
297.3,18.58125,15,19.75,1,0,0,0,0,0,0,0,0,0,0,1
1515.1,84.17222222222222,17,92.55,1,1,1,1,1,1,1,1,0,1,1,1
816.8,58.34285714285714,13,63.15,1,0,0,1,0,1,0,1,0,1,1,0
4868.4,71.59411764705882,67,74.0,0,0,0,0,0,0,0,1,1,0,1,0
688.0,27.52,24,29.1,1,1,1,1,1,0,0,1,0,1,0,0
288.35,41.19285714285714,6,50.05,1,1,0,0,1,0,0,0,0,1,0,0
3229.65,59.80833333333334,53,60.05,0,0,1,0,1,1,0,1,0,1,0,1
1178.25,69.30882352941177,16,74.3,1,1,0,1,1,1,1,1,0,0,0,1
185.4,16.854545454545455,10,20.0,1,0,1,0,1,0,0,0,0,0,0,0
966.25,69.01785714285714,13,74.65,0,1,0,1,0,1,1,0,0,0,0,0
758.6,75.86,9,85.35,1,1,1,1,1,1,1,0,0,1,0,1
1863.8,71.68461538461538,25,74.3,0,0,0,0,0,0,0,0,0,0,0,1
265.8,33.225,7,44.4,1,1,1,0,1,1,0,0,0,0,0,0
3297.0,84.53846153846153,38,85.4,0,0,0,0,1,1,0,1,1,1,1,0
4107.3,93.34772727272728,43,94.1,1,0,1,1,0,1,1,1,0,0,0,0
396.3,79.26,4,98.1,1,1,0,0,0,1,1,0,0,1,1,1
2809.05,108.04038461538462,25,108.9,0,1,1,0,0,0,1,0,1,0,0,0
1567.55,55.98392857142857,27,56.2,0,0,0,1,1,0,0,0,0,0,1,0
1851.45,25.362328767123287,72,26.1,0,0,0,0,1,0,0,1,1,0,1,0
6028.95,83.73541666666667,71,85.45,0,0,0,1,1,1,1,0,0,0,1,0
2072.75,82.91,24,88.95,1,1,0,1,0,1,1,0,0,1,0,0
5551.15,108.84607843137255,50,109.65,0,0,1,0,0,1,1,0,1,0,0,1
4317.35,74.43706896551724,57,74.35,0,0,0,1,1,1,0,0,1,1,0,0
736.8,46.05,15,48.85,1,1,1,1,0,0,0,0,0,0,0,0
336.15,67.22999999999999,4,80.1,1,0,1,1,1,1,1,0,0,1,0,0
1522.65,52.505172413793105,28,56.05,1,0,1,1,0,0,0,0,0,0,0,0
622.9,62.29,9,74.55,1,1,1,1,0,1,1,0,0,1,0,1
4959.6,88.56428571428572,55,89.8,1,0,0,1,0,1,1,1,0,1,0,0
329.95,82.4875,3,100.95,1,1,1,1,1,1,1,0,0,1,0,1
1048.85,95.35,10,94.9,1,1,1,1,1,1,1,0,0,1,0,1
1001.5,17.883928571428573,55,19.1,0,0,0,0,1,0,0,0,0,0,1,0
442.6,21.076190476190476,20,20.35,1,0,0,0,0,0,0,1,0,0,1,0
6703.5,106.4047619047619,62,106.05,0,1,0,0,0,1,1,1,0,0,1,0
3351.55,101.56212121212121,32,104.9,1,1,1,0,1,1,1,1,0,1,0,1
779.25,17.710227272727273,43,19.65,0,0,0,0,0,1,0,0,1,0,0,0
259.8,25.98,9,24.1,0,1,0,1,1,0,0,1,0,1,0,1
3483.45,57.10573770491803,60,59.85,0,0,0,0,0,0,0,1,1,0,0,0
4890.5,82.88983050847457,58,86.1,0,0,1,1,1,1,0,1,1,0,0,0
136.75,17.09375,7,19.45,0,0,0,0,1,0,0,0,0,0,1,0
184.15,61.38333333333333,2,97.1,1,0,1,1,1,0,1,1,0,1,1,0
1315.0,34.60526315789474,37,36.65,1,1,1,1,1,0,0,0,0,0,0,0
6767.1,102.53181818181818,65,103.9,0,1,0,0,0,1,1,1,0,1,1,0
757.95,18.94875,39,19.75,0,0,0,0,0,0,0,1,1,0,1,0
6890.0,102.83582089552239,66,104.05,0,1,1,0,1,1,1,1,0,0,0,1
1657.4,24.020289855072466,68,24.55,0,0,0,0,1,0,0,0,1,0,0,0
3008.55,47.75476190476191,62,48.7,0,0,0,0,0,0,0,1,1,0,1,0
262.05,65.5125,3,88.35,1,1,0,0,1,1,1,0,0,1,0,1
8165.1,111.85068493150685,72,109.55,0,0,1,1,0,1,1,1,1,0,0,0
875.55,20.84642857142857,41,20.65,0,0,0,0,0,0,0,1,1,0,0,0
2649.15,88.305,29,94.65,1,0,0,1,1,0,1,1,0,1,1,1
220.65,44.13,4,55.2,1,0,1,1,0,0,0,0,0,0,0,0
1301.9,24.10925925925926,53,24.05,0,0,0,0,1,0,0,0,0,0,0,0
74.4,37.2,1,74.4,1,1,1,1,1,1,1,1,0,1,0,1
3326.2,79.1952380952381,41,79.9,1,0,0,0,0,0,0,1,0,0,1,1
790.0,19.75,39,20.45,0,0,0,0,1,1,0,1,1,0,0,0
1237.65,19.33828125,63,19.25,0,0,0,0,1,0,0,1,1,0,0,0
378.6,23.6625,15,26.35,1,0,1,0,1,1,0,0,0,0,0,0
592.65,42.332142857142856,13,43.8,0,1,1,1,0,0,0,1,0,1,0,0
50.15,25.075,1,50.15,1,1,0,1,1,1,0,0,0,0,0,0
20.45,10.225,1,20.45,0,0,0,0,1,0,0,0,1,0,0,0
560.85,62.31666666666667,8,69.7,1,1,1,1,1,1,1,0,0,1,0,1
3638.25,59.64344262295082,60,61.4,0,0,1,1,1,0,0,0,1,0,0,0
1060.2,81.55384615384615,12,98.1,1,1,1,1,0,1,1,1,0,0,0,1
2921.75,71.26219512195122,40,70.75,0,1,0,0,1,0,0,1,0,0,0,0
4017.45,59.96194029850746,66,61.15,0,0,0,1,0,1,0,0,1,0,0,0
854.9,19.88139534883721,42,20.25,0,0,0,0,1,0,0,1,0,0,1,0
4174.35,62.30373134328359,66,63.85,0,0,0,0,0,1,0,0,0,0,0,0
4920.55,98.411,49,98.7,1,1,1,1,1,0,1,0,0,0,0,0
20.5,10.25,1,20.5,1,0,0,0,0,0,0,0,0,0,0,1
810.3,19.29285714285714,41,20.0,0,0,0,0,0,0,0,0,1,0,0,0
772.4,18.39047619047619,41,19.3,0,0,0,0,0,0,0,1,1,0,1,0
1936.85,80.70208333333333,23,84.4,1,0,0,0,0,0,1,1,0,0,1,0
79.8,19.95,3,25.1,1,1,1,1,1,0,0,0,0,1,0,0
202.25,40.45,4,48.25,1,0,0,0,0,0,0,0,0,1,0,0
1070.5,20.19811320754717,52,19.85,0,0,0,0,0,0,0,1,1,0,1,0
347.65,69.53,4,99.6,1,0,1,1,0,1,1,1,0,1,0,1
999.9,83.325,11,94.2,1,1,1,0,0,1,1,0,0,0,0,0
113.1,37.699999999999996,2,62.15,1,0,0,1,0,1,0,1,0,1,0,0
2015.8,74.65925925925926,26,79.3,1,1,0,1,0,0,1,1,0,0,0,0
1454.25,58.17,24,56.25,0,0,0,1,1,1,0,1,0,1,1,0
246.7,18.976923076923075,12,20.3,1,0,0,0,0,0,0,0,0,0,0,0
6017.9,98.65409836065574,60,99.0,1,1,1,0,1,1,1,1,0,1,0,0
5817.45,89.49923076923076,64,90.6,0,0,0,0,0,1,0,1,1,0,1,0
5595.3,83.51194029850747,66,85.9,0,0,0,0,1,1,0,1,1,0,0,0
4765.0,78.11475409836065,60,79.2,0,1,0,1,0,1,1,0,0,1,0,0
1201.65,66.75833333333334,17,70.35,0,0,0,1,1,1,0,1,0,1,1,0
867.3,20.169767441860465,42,19.35,0,0,0,0,1,0,0,1,1,0,1,0
50.15,25.075,1,50.15,1,1,1,1,1,1,0,0,0,1,0,0
3007.25,62.651041666666664,47,63.8,0,1,0,0,0,0,0,1,1,0,1,0
252.75,22.977272727272727,10,20.55,1,0,0,0,0,1,0,1,0,0,0,0
6306.5,88.82394366197182,70,88.55,0,0,0,0,1,1,0,1,1,0,0,0
6841.05,100.60367647058824,67,101.4,1,1,0,1,1,1,1,0,0,1,0,0
81.95,40.975,1,81.95,1,1,1,1,0,1,1,0,0,1,0,1
451.1,56.3875,7,69.35,1,1,1,1,1,1,1,1,0,1,0,1
44.6,22.3,1,44.6,1,1,0,1,1,0,0,0,0,1,0,0
226.2,45.239999999999995,4,63.75,1,1,0,0,1,1,0,0,0,0,0,0
7082.5,105.7089552238806,66,109.25,0,0,0,1,0,0,1,1,1,0,1,0
1017.35,78.25769230769231,12,84.6,1,1,1,1,0,1,1,0,0,0,0,0
527.35,21.094,24,20.45,0,0,0,0,0,0,0,0,0,0,0,0
2146.5,79.5,26,85.75,1,1,1,1,1,1,1,0,0,0,0,0
455.3,65.04285714285714,6,91.1,1,1,1,1,0,1,1,0,0,1,0,1
5969.85,102.92844827586208,57,107.95,0,1,1,0,1,0,1,1,1,1,0,0
1235.55,82.36999999999999,14,86.1,1,1,1,1,1,1,1,1,0,1,0,1
1014.25,23.587209302325583,42,22.95,0,0,1,0,0,0,0,1,1,0,1,0
2362.1,90.85,25,94.7,1,1,0,1,1,1,1,0,0,1,0,1
1225.65,18.85615384615385,64,19.45,0,0,0,0,0,0,0,1,1,0,0,0
1873.7,81.46521739130435,22,85.1,1,1,1,1,1,1,1,1,0,1,0,1
386.5,19.325,19,19.7,0,0,0,0,1,1,0,0,0,0,0,0
6010.05,96.93629032258065,61,99.15,1,1,1,1,0,1,1,1,0,0,1,1
1850.65,80.46304347826087,22,87.0,1,1,0,1,1,1,1,1,0,1,0,0
7101.5,100.02112676056338,70,102.95,1,1,1,1,1,1,1,1,0,0,0,1
1043.4,80.26153846153846,12,79.95,1,1,0,1,1,1,1,0,0,1,0,0
1910.75,59.7109375,31,64.0,0,0,1,0,0,1,0,1,0,1,0,0
716.1,59.675000000000004,11,64.9,1,1,1,1,0,1,0,0,0,1,0,0
1686.15,24.43695652173913,68,25.75,0,0,0,0,1,0,0,1,1,0,1,0
6716.45,92.00616438356164,72,90.15,0,0,0,0,0,1,0,1,1,0,1,0
7839.85,115.29191176470589,67,116.1,0,0,0,0,1,1,1,0,1,0,0,0
6236.75,102.24180327868852,60,104.95,1,0,0,0,0,1,1,0,0,1,0,0
45.05,22.525,1,45.05,1,1,0,1,1,1,0,0,0,1,0,1
71.0,35.5,1,71.0,1,1,1,1,0,1,1,0,0,1,1,1
2919.85,49.48898305084746,58,50.0,0,0,0,1,1,0,0,1,0,0,1,0
3309.25,68.94270833333333,47,70.55,1,1,0,1,0,0,1,1,0,1,1,1
79.7,39.85,1,79.7,1,1,1,1,0,1,1,0,0,1,0,1
20.45,10.225,1,20.45,1,0,0,0,1,0,0,0,0,0,0,0
1254.7,54.55217391304348,22,59.0,1,0,1,1,1,0,0,0,0,0,0,1
2896.4,59.11020408163265,48,60.35,0,0,0,0,0,1,0,0,0,1,0,1
717.5,18.88157894736842,37,19.85,0,0,0,0,0,1,0,1,0,0,0,0
253.8,18.12857142857143,13,19.95,0,0,1,0,1,1,0,0,0,0,0,0
1110.05,25.22840909090909,43,26.45,0,0,0,0,1,0,0,0,1,0,0,0
348.8,49.82857142857143,6,63.4,0,0,0,0,0,1,0,0,1,0,0,0
3888.65,54.00902777777778,71,53.95,0,0,0,0,1,0,0,0,1,0,0,0
69.25,34.625,1,69.25,1,1,1,1,0,1,1,1,0,1,1,1
6843.15,93.7417808219178,72,95.1,0,0,1,1,0,1,1,1,1,0,1,0
450.9,64.41428571428571,6,74.1,1,0,1,1,0,1,1,0,0,1,0,0
432.25,33.25,12,35.5,1,1,0,0,1,0,0,1,0,0,1,0
1767.35,67.975,25,70.95,1,1,0,1,1,0,1,0,0,1,0,1
1742.45,79.20227272727273,21,79.2,0,1,1,0,0,0,1,1,0,1,0,0
297.35,42.478571428571435,6,48.8,1,1,0,0,0,1,0,1,0,1,1,0
1820.45,86.68809523809524,20,89.0,1,1,0,1,1,1,1,1,0,1,0,1
1742.95,91.73421052631579,18,99.4,1,0,1,1,1,1,1,1,0,1,0,1
2444.25,55.55113636363637,43,55.45,0,1,1,0,0,0,0,0,0,0,0,0
949.8,26.383333333333333,35,25.4,0,0,0,0,0,1,0,1,1,0,1,0
73.5,36.75,1,73.5,1,1,0,1,0,0,1,0,0,1,0,1
2970.8,90.02424242424243,32,93.5,1,1,1,1,1,1,1,1,0,0,0,0
3334.95,62.92358490566038,52,63.9,0,0,0,0,1,0,0,0,1,0,0,0
2010.95,60.93787878787879,32,64.85,0,1,0,1,1,1,0,0,0,1,0,0
4684.3,64.16849315068494,72,63.8,0,0,0,0,0,1,0,1,1,0,1,0
2181.55,41.95288461538462,51,44.45,1,0,0,0,1,1,0,0,0,1,0,0
1303.25,18.88768115942029,68,19.95,0,0,0,0,1,1,0,1,1,0,1,0
371.4,41.266666666666666,8,43.35,1,1,0,1,1,1,0,1,0,0,0,0
2409.9,48.198,49,49.65,0,1,0,1,1,0,0,1,1,0,0,0
6155.4,84.32054794520548,72,85.1,0,0,0,0,0,0,0,1,1,0,0,0
829.1,82.91,9,95.5,1,1,1,1,1,1,1,0,0,1,0,1
2602.9,89.7551724137931,28,92.35,1,0,0,1,0,1,1,1,0,1,0,1
4667.0,84.85454545454546,54,89.8,1,0,0,1,1,0,1,0,0,1,0,0
824.75,68.72916666666667,11,74.55,1,1,1,1,1,1,1,0,0,0,0,1
5153.5,101.04901960784314,50,103.05,0,1,0,0,0,0,1,1,0,1,1,0
8182.85,116.89785714285715,69,116.0,0,0,1,0,0,1,1,1,1,0,0,0
69.9,34.95,1,69.9,1,1,1,1,1,1,1,0,0,1,0,0
6683.4,96.86086956521739,68,95.1,0,0,0,0,1,0,1,1,1,0,1,0
1564.05,38.14756097560976,40,40.25,0,0,0,0,1,0,0,0,0,0,1,0
755.6,23.6125,31,25.75,0,0,0,0,1,0,0,1,1,0,1,0
3465.05,101.91323529411765,33,105.35,1,1,0,1,0,1,1,0,0,0,1,0
6292.7,112.36964285714285,55,113.6,0,1,1,0,1,1,1,1,1,0,0,0
1664.3,24.120289855072464,68,24.0,0,0,0,0,1,1,0,1,1,0,1,0
198.1,15.238461538461538,12,19.4,1,0,0,0,0,0,0,1,0,0,1,0
6045.9,83.97083333333333,71,86.1,0,0,0,0,1,1,0,1,1,0,0,0
4108.15,100.19878048780487,40,102.65,1,1,0,1,1,1,1,0,0,0,0,0
5980.75,92.01153846153846,64,92.85,0,1,1,1,0,1,1,1,0,0,1,0
5043.2,93.39259259259259,53,97.75,0,1,0,0,1,0,1,1,0,0,0,0
1029.75,79.21153846153847,12,83.8,1,1,0,0,1,1,1,0,0,0,0,1
2854.55,52.86203703703704,53,54.45,1,1,1,1,1,1,0,0,0,0,0,1
7114.25,97.45547945205479,72,97.95,0,0,0,1,1,1,1,1,1,0,0,0
907.05,19.298936170212766,46,19.95,0,0,1,0,1,0,0,0,1,0,0,0
973.95,23.75487804878049,40,24.6,0,0,0,0,1,1,0,0,1,0,0,0
605.75,46.59615384615385,12,50.95,1,0,0,0,1,1,0,0,0,0,0,0
661.55,66.155,9,75.6,1,0,1,1,1,0,1,0,0,1,0,0
4116.9,79.17115384615384,51,80.75,1,1,1,0,0,1,1,1,0,1,1,0
4494.65,89.89299999999999,49,90.4,1,1,0,1,1,1,1,1,0,0,1,0
4259.3,101.41190476190476,41,99.8,1,1,1,1,1,1,1,1,0,1,0,1
3282.75,57.5921052631579,56,60.25,0,0,0,0,0,1,0,0,0,1,0,0
55.7,11.14,4,20.2,1,0,1,0,1,1,0,0,0,0,0,0
1274.45,60.688095238095244,20,64.15,0,0,0,0,1,1,0,1,0,1,0,0
493.95,18.294444444444444,26,20.25,1,0,0,0,0,1,0,1,0,0,1,0
2239.65,106.65,20,105.85,1,1,0,1,0,1,1,1,0,0,1,1
480.75,60.09375,7,75.45,1,1,0,1,0,0,1,0,0,1,0,1
635.6,79.45,7,93.85,1,1,1,1,1,1,1,0,0,1,0,1
5038.15,96.88749999999999,51,99.0,1,1,1,1,1,1,1,0,0,0,0,0
324.2,64.84,4,80.3,1,1,0,1,0,1,1,0,0,0,0,0
19.55,9.775,1,19.55,1,0,0,0,0,0,0,0,0,0,0,0
2793.55,99.76964285714287,27,100.75,1,0,1,0,1,0,1,1,0,0,1,0
2095.0,91.08695652173913,22,100.75,1,0,1,1,1,1,1,0,0,1,0,1
648.65,49.896153846153844,12,53.75,1,1,0,0,1,1,0,0,0,0,0,0
95.05,23.7625,3,31.0,1,1,0,0,0,1,0,1,0,1,1,1
917.15,26.204285714285714,34,25.6,0,0,0,0,0,1,0,1,0,0,1,0
1346.9,53.876000000000005,24,58.35,0,0,1,0,1,1,0,1,0,1,0,0
4242.35,81.58365384615385,51,80.0,1,1,0,1,1,0,1,0,0,1,0,1
672.7,44.84666666666667,14,46.35,1,1,1,1,0,1,0,0,0,1,0,0
6561.25,109.35416666666667,59,113.75,0,0,1,0,1,0,1,1,1,0,0,0
268.45,67.1125,3,90.4,1,1,1,1,1,0,1,0,0,0,0,0
7337.55,111.175,65,109.3,0,0,1,0,0,0,1,1,1,1,1,0
331.9,55.31666666666666,5,70.25,1,1,0,1,1,1,1,0,0,1,0,1
5194.05,86.56750000000001,59,90.3,0,0,0,0,0,0,0,1,1,0,1,0
4478.85,61.3541095890411,72,65.25,0,0,0,0,1,1,0,1,1,0,1,0
6283.3,99.73492063492064,62,100.15,1,1,1,1,0,1,1,1,0,0,1,1
2659.4,91.70344827586207,28,94.5,1,0,0,1,1,1,1,0,0,0,0,1
196.9,49.225,3,60.65,1,1,0,0,1,0,0,0,0,1,0,0
439.2,21.96,19,24.1,1,0,0,0,1,1,0,0,0,0,1,0
19.5,9.75,1,19.5,1,0,0,0,1,1,0,0,0,0,0,0
2107.15,84.286,24,85.95,1,1,1,0,1,1,1,0,0,0,0,0
3035.8,52.341379310344834,57,53.5,0,1,1,0,1,1,0,0,0,1,0,0
1866.45,25.567808219178083,72,25.45,0,0,0,0,0,0,0,0,1,0,0,0
1430.95,21.043382352941176,67,20.5,0,0,0,0,1,0,0,0,1,0,0,0
1071.6,20.2188679245283,52,20.85,0,0,0,0,1,1,0,1,0,0,1,0
6457.15,89.68263888888889,71,89.9,0,0,0,0,1,0,0,1,1,0,1,0
684.05,25.335185185185182,26,26.0,0,0,0,0,0,0,0,1,0,0,0,0
3914.05,108.72361111111111,35,113.2,0,0,0,0,0,1,1,0,1,0,0,0
3842.6,68.61785714285715,55,69.05,0,1,0,1,0,1,1,1,1,1,1,0
670.35,19.716176470588238,33,20.1,0,0,0,0,0,0,0,1,1,0,1,0
7880.25,107.9486301369863,72,109.65,0,0,1,1,1,1,1,1,1,0,0,0
19.2,9.6,1,19.2,1,0,0,0,1,1,0,0,0,0,1,0
298.45,27.13181818181818,10,33.9,1,1,0,1,1,1,0,0,0,1,0,1
3371.75,88.73026315789474,37,90.0,1,1,1,0,0,0,1,1,0,1,0,0
442.45,34.034615384615385,12,34.0,1,1,0,0,1,0,0,0,0,0,0,0
20.4,10.2,1,20.4,0,0,0,0,1,0,0,1,0,0,1,0
2345.55,37.23095238095238,62,38.6,0,0,0,0,1,1,0,1,1,0,0,0
25.25,12.625,1,25.25,1,1,0,1,0,0,0,0,0,1,0,0
1156.35,60.86052631578947,18,60.6,1,0,0,1,0,1,0,0,0,1,0,0
6143.15,87.75928571428571,69,89.95,1,1,1,1,1,1,1,1,0,0,0,1
144.8,48.26666666666667,2,74.75,1,1,1,1,1,1,1,0,0,0,0,0
414.95,20.7475,19,20.6,1,0,0,0,1,0,0,1,0,0,1,0
1059.55,81.50384615384615,12,84.45,1,1,1,1,1,1,1,0,0,1,0,1
181.8,18.18,9,20.4,1,0,0,0,1,0,0,0,0,0,0,0
2212.55,79.01964285714287,27,81.7,0,0,1,0,1,0,0,0,0,1,0,0
2180.55,77.87678571428572,27,79.5,1,1,1,0,1,1,1,0,0,1,1,1
89.15,44.575,1,89.15,1,1,0,1,1,0,1,1,0,1,1,1
459.95,18.398,24,20.3,1,0,0,0,0,1,0,0,0,0,0,0
1036.75,69.11666666666666,14,74.95,1,1,1,1,1,1,1,0,0,1,0,1
2276.95,68.99848484848485,32,74.4,1,1,1,1,0,1,1,0,0,0,0,1
211.95,17.662499999999998,11,20.0,0,0,0,0,0,0,0,0,0,0,0,0
25.0,12.5,1,25.0,1,0,0,0,1,1,0,0,0,0,0,0
3162.65,81.09358974358975,38,80.45,1,0,0,1,1,1,1,0,0,1,1,0
210.65,21.065,9,19.75,0,0,0,0,0,0,0,1,1,0,1,0
3566.7,64.8490909090909,54,65.65,0,0,0,0,1,1,0,1,1,0,1,0
2080.1,69.33666666666666,29,71.0,0,1,0,1,0,1,0,0,0,1,0,0
4040.2,89.78222222222222,44,89.2,1,1,1,1,1,1,1,1,0,1,0,0
5186.0,86.43333333333334,59,86.75,0,0,1,0,1,1,0,1,1,0,1,0
196.15,49.0375,3,55.3,1,1,1,1,0,1,0,0,0,1,0,1
1087.45,57.23421052631579,18,61.5,0,0,0,0,0,1,0,1,0,0,1,0
1672.15,24.59044117647059,67,25.1,0,0,0,0,1,0,0,0,1,0,0,0
1206.05,52.43695652173913,22,55.15,1,1,1,0,0,0,0,1,0,0,1,1
1113.95,32.76323529411765,33,34.05,0,0,0,0,1,0,0,0,0,1,1,0
107.05,17.841666666666665,5,19.95,1,0,0,0,1,0,0,0,0,0,0,0
38.15,12.716666666666667,2,19.95,1,0,0,0,0,0,0,0,0,0,0,0
6339.3,86.83972602739726,72,89.7,0,0,0,0,1,0,0,1,1,0,1,0
184.1,18.41,9,20.4,1,0,0,0,1,0,0,0,0,0,1,0
1688.9,24.836764705882356,67,26.3,0,0,0,0,1,0,0,1,1,0,1,0
1378.25,81.07352941176471,16,84.95,1,1,1,1,0,1,1,1,0,1,0,1
137.6,15.288888888888888,8,20.7,1,0,0,0,0,1,0,0,0,0,0,0
219.0,36.5,5,43.25,1,0,0,0,1,1,0,0,0,0,0,1
1067.15,44.46458333333334,23,48.35,0,1,0,1,1,1,0,1,0,1,1,1
79.55,39.775,1,79.55,1,1,1,1,1,1,1,0,0,1,0,1
3444.85,67.54607843137255,50,71.05,1,1,1,1,0,1,1,1,0,1,0,1
369.05,20.50277777777778,17,19.45,0,0,0,0,1,0,0,0,1,0,0,0
7553.6,109.47246376811594,68,110.8,0,0,0,1,0,1,1,1,1,0,0,0
84.5,42.25,1,84.5,1,1,1,1,1,0,1,0,0,1,0,1
1813.1,69.73461538461538,25,69.3,1,1,1,1,0,1,1,1,0,1,0,0
3321.35,48.84338235294118,67,49.35,0,0,0,0,1,1,0,0,0,1,0,0
707.5,21.439393939393938,32,20.35,0,0,0,0,1,0,0,0,0,0,0,0
7112.15,104.59044117647058,67,105.6,0,0,1,1,0,1,1,1,0,0,0,0
4641.1,63.57671232876713,72,64.45,0,0,0,0,1,1,0,1,1,0,0,0
7690.9,106.81805555555555,71,108.6,0,1,0,0,1,1,1,1,1,0,0,1
49.9,24.95,1,49.9,1,1,1,1,1,1,0,0,0,0,1,0
1380.1,29.363829787234042,46,30.3,1,1,0,1,1,0,0,0,0,0,0,1
78.65,26.21666666666667,2,30.4,1,1,1,1,0,1,0,0,0,1,0,1
45.4,22.7,1,45.4,1,1,0,1,0,1,0,0,0,1,0,1
3094.65,63.156122448979595,48,65.65,0,1,1,1,0,1,0,1,0,0,0,0
6518.35,105.13467741935484,61,103.3,0,1,0,0,0,1,1,1,0,1,0,0
2585.95,78.36212121212121,32,84.15,1,1,0,1,0,0,1,1,0,0,0,1
82.7,27.566666666666666,2,44.45,1,1,1,1,0,0,0,0,0,1,0,0
58.85,14.7125,3,19.75,1,0,1,0,0,0,0,0,0,0,0,1
425.9,70.98333333333333,5,85.4,1,1,0,0,0,1,1,0,0,1,0,1
6342.7,88.09305555555555,71,89.9,0,0,0,0,0,0,0,1,1,0,1,0
2030.75,53.44078947368421,37,55.05,1,0,0,1,1,1,0,1,0,1,0,0
6700.05,101.51590909090909,65,104.1,0,1,0,0,1,1,1,1,1,1,1,0
7244.7,106.53970588235293,67,106.6,0,1,0,0,0,1,1,0,0,0,1,0
3678.3,73.566,49,75.2,1,1,0,1,1,0,1,0,0,1,1,1
3486.65,68.36568627450981,50,70.5,0,0,0,0,1,1,0,1,1,1,1,0
411.15,15.813461538461537,25,19.6,0,0,1,0,1,0,0,1,0,0,1,0
937.5,52.083333333333336,17,55.85,0,1,0,1,0,1,0,0,0,1,1,1
1559.15,23.986923076923077,64,24.05,0,0,0,0,0,1,0,1,1,0,1,0
970.4,37.323076923076925,25,38.1,0,1,0,1,1,1,0,1,0,1,0,0
2483.5,103.47916666666667,23,106.4,1,1,1,1,1,1,1,0,0,0,0,1
828.2,33.128,24,34.25,1,1,0,0,1,0,0,1,0,1,0,0
3810.55,100.27763157894738,37,100.05,1,1,1,1,0,1,1,0,0,1,0,0
1493.2,67.87272727272727,21,68.65,1,1,1,1,0,1,1,0,0,1,0,0
45.8,22.9,1,45.8,1,1,0,1,1,1,0,0,0,1,0,0
777.3,70.66363636363636,10,75.75,1,1,0,1,0,1,1,0,0,1,0,0
556.35,79.47857142857143,6,84.4,1,1,1,1,1,1,1,0,0,0,0,1
4911.05,94.44326923076923,51,96.4,0,0,0,1,1,1,1,1,0,0,0,0
187.35,17.03181818181818,10,20.55,1,0,0,0,0,1,0,0,0,0,0,0
307.6,43.94285714285714,6,50.95,1,0,0,0,0,0,0,0,0,0,0,0
4318.35,89.965625,47,90.5,0,0,0,0,1,1,0,1,1,0,1,0
4820.55,77.7508064516129,61,79.4,0,0,1,0,0,1,0,1,0,0,1,0
3038.55,57.3311320754717,52,58.75,0,0,0,1,0,1,0,0,1,0,0,0
2136.9,59.358333333333334,35,59.45,1,0,0,1,0,1,0,1,0,0,1,0
7472.15,103.7798611111111,71,105.7,0,1,0,1,1,1,1,1,0,0,0,0
389.1,55.58571428571429,6,56.25,1,0,1,1,0,0,0,0,0,0,0,1
2296.25,49.91847826086956,45,53.3,0,0,0,1,1,0,0,1,1,1,0,0
187.45,62.48333333333333,2,85.55,1,1,1,1,0,1,1,0,0,1,0,1
261.25,52.25,4,68.65,1,1,0,1,0,1,0,0,0,0,0,1
38.45,12.816666666666668,2,24.3,1,1,0,1,1,0,0,0,0,1,0,0
299.2,59.839999999999996,4,77.85,1,1,1,1,1,0,1,0,0,1,0,1
3043.6,58.53076923076923,51,59.9,0,0,0,0,1,0,0,0,0,1,0,0
1506.4,24.695081967213117,60,23.95,0,0,0,0,1,0,0,1,0,0,1,0
163.7,16.369999999999997,9,20.15,0,0,0,0,1,1,0,0,0,0,0,0
323.25,80.8125,3,105.35,1,1,0,1,1,1,1,0,0,0,0,1
1640.0,91.11111111111111,17,95.65,1,1,0,0,1,1,1,0,0,1,0,0
762.1,84.67777777777778,8,87.05,1,1,1,1,0,1,1,0,0,1,0,1
3846.35,81.83723404255319,46,81.0,0,0,0,0,1,0,0,1,1,1,1,0
5646.6,81.83478260869566,68,82.45,0,0,0,0,0,1,0,0,1,0,0,0
53.5,26.75,1,53.5,1,1,0,1,1,1,0,0,0,1,0,1
79.05,15.809999999999999,4,20.5,0,0,0,0,0,0,0,1,0,0,0,0
25.1,12.55,1,25.1,1,1,0,1,0,1,0,0,0,1,0,1
1516.6,52.29655172413793,28,54.4,0,1,0,0,1,1,0,0,0,0,1,0
2224.5,55.6125,39,58.6,0,1,0,1,0,1,0,0,0,0,0,0
888.75,74.0625,11,84.8,1,1,1,1,1,0,1,0,0,1,0,0
4310.35,59.865972222222226,71,61.4,0,1,0,0,0,1,0,1,1,0,0,0
42.9,14.299999999999999,2,20.4,1,0,0,0,1,0,0,0,0,0,1,0
2365.15,76.29516129032258,30,79.65,1,1,0,1,1,1,1,1,0,0,0,1
353.65,19.647222222222222,17,20.15,0,0,0,0,0,0,0,0,0,0,0,0
5073.1,90.59107142857144,55,94.45,1,1,0,1,0,1,1,1,0,0,0,0
4526.85,76.72627118644068,58,79.8,1,0,0,1,0,1,1,0,0,1,0,0
308.25,51.375,5,54.2,1,0,1,0,0,0,0,0,0,1,0,1
19.45,9.725,1,19.45,1,0,1,0,0,1,0,0,0,0,0,1
678.45,67.845,9,74.05,1,1,1,1,1,1,1,0,0,1,0,0
1237.3,45.82592592592592,26,49.15,1,1,0,0,1,0,0,0,0,1,0,0
1023.95,20.077450980392157,50,19.4,0,0,0,0,0,0,0,0,1,0,0,0
8182.75,112.09246575342466,72,113.65,0,0,0,0,0,1,1,1,1,0,0,0
4532.3,103.00681818181819,43,106.0,0,0,0,0,0,1,1,0,0,0,1,0
1444.05,25.33421052631579,56,25.95,0,0,0,0,1,1,0,0,1,0,0,0
19.1,9.55,1,19.1,1,0,0,0,0,0,0,0,0,0,0,0
7372.65,100.99520547945205,72,103.4,0,1,1,1,1,1,1,1,1,0,1,1
7325.1,100.34383561643835,72,100.55,0,0,0,0,1,1,1,1,1,0,0,0
3474.2,93.89729729729729,36,95.4,1,1,1,1,1,1,1,1,0,1,0,0
392.65,65.44166666666666,5,75.15,1,1,0,0,1,0,0,0,0,1,0,0
1058.6,75.61428571428571,13,84.45,1,1,1,1,0,1,1,0,0,0,0,1
3990.75,88.68333333333334,44,89.15,0,1,0,1,0,0,1,0,0,0,0,0
7475.85,105.29366197183099,70,107.9,0,1,1,0,0,1,1,1,0,0,1,0
835.5,18.566666666666666,44,19.5,0,0,0,0,1,0,0,0,0,0,0,0
2628.6,79.65454545454546,32,85.95,1,1,0,1,0,1,1,1,0,1,0,1
1718.35,24.54785714285714,69,24.95,0,0,0,0,0,1,0,1,1,0,0,0
1023.9,60.22941176470588,16,59.4,1,1,1,0,0,0,0,0,0,1,0,1
1193.55,17.297826086956523,68,19.5,0,0,0,0,1,0,0,1,0,0,1,0
1205.5,70.91176470588235,16,69.95,1,1,0,1,1,1,1,0,0,1,0,0
5776.45,83.71666666666667,68,82.85,0,0,0,0,1,0,0,1,1,0,1,0
78.9,15.780000000000001,4,19.0,1,0,0,0,1,0,0,0,0,0,0,0
1025.15,37.96851851851852,26,38.85,1,0,0,0,0,0,0,1,0,0,1,0
856.35,28.545,29,30.6,1,1,1,1,0,1,0,0,0,0,0,1
122.0,20.333333333333332,5,20.35,1,0,0,0,1,0,0,0,0,0,1,0
6602.9,92.99859154929577,70,95.0,0,1,0,1,1,1,1,1,0,0,0,0
1712.9,68.516,24,74.4,0,0,0,0,1,0,0,1,0,1,0,0
5682.25,77.83904109589041,72,78.45,0,0,0,0,0,0,0,1,1,0,0,0
74.3,37.15,1,74.3,1,1,0,0,1,1,1,0,0,1,0,0
3635.15,51.19929577464789,70,51.05,0,1,0,0,1,1,0,1,0,0,0,0
702.9,18.997297297297298,36,19.2,1,0,0,0,0,0,0,1,0,0,1,0
3734.25,95.75,38,99.55,1,1,1,0,0,1,1,0,0,1,0,1
1144.5,63.583333333333336,17,70.0,1,1,1,1,0,1,1,0,0,1,0,1
4454.25,106.05357142857143,41,109.1,0,1,0,0,0,1,1,1,0,0,1,0
45.3,22.65,1,45.3,1,1,1,1,0,1,0,0,0,1,0,1
75.6,25.2,2,29.85,1,1,0,0,1,0,0,0,0,1,0,1
1117.55,74.50333333333333,14,76.45,1,1,1,1,1,0,1,0,0,1,0,0
180.25,60.083333333333336,2,95.1,1,1,0,0,1,1,1,0,0,0,0,1
19.8,9.9,1,19.8,1,0,0,0,1,0,0,0,0,0,0,1
930.05,66.43214285714285,13,72.8,1,1,1,0,1,1,0,1,0,0,1,0
110.15,15.735714285714286,6,18.95,1,0,0,0,1,0,0,0,0,0,0,0
333.6,66.72,4,76.65,1,1,0,1,0,1,1,0,0,0,0,1
465.05,77.50833333333334,5,99.15,1,1,0,0,0,1,1,1,0,0,1,1
1669.4,104.3375,15,101.75,1,0,1,1,0,0,1,1,0,1,0,0
3545.1,73.85625,47,75.45,1,0,0,1,0,0,1,0,0,1,0,0
504.05,56.00555555555556,8,64.1,1,1,0,0,0,0,0,0,0,1,0,0
440.2,24.455555555555556,17,25.65,1,1,0,1,1,1,0,0,0,1,0,0
1151.55,71.971875,15,75.1,1,0,0,1,1,0,1,1,0,1,1,0
2475.35,91.67962962962963,26,95.85,0,0,0,0,0,1,1,0,0,1,0,0
1249.25,52.052083333333336,23,54.4,1,0,1,1,0,0,0,0,0,1,0,0
317.75,63.55,4,72.75,1,1,1,1,0,0,1,0,0,0,0,0
535.05,17.834999999999997,29,19.85,0,0,0,0,1,0,0,0,0,0,1,0
461.3,17.742307692307694,25,19.05,1,0,0,0,0,0,0,0,0,0,0,0
431.0,43.1,9,44.95,1,1,0,1,1,0,0,0,0,1,0,1
878.35,46.22894736842105,18,49.55,1,1,0,1,1,1,0,1,0,1,0,1
335.75,83.9375,3,94.85,1,1,1,1,1,1,1,0,0,1,0,0
3121.4,44.59142857142857,69,46.25,0,0,0,0,0,0,0,1,1,0,1,0
324.8,21.653333333333332,14,19.35,0,0,0,0,1,0,0,0,0,0,0,0
1394.55,69.72749999999999,19,69.6,1,1,0,1,1,0,0,0,0,1,0,0
3413.25,85.33125,39,90.7,1,1,1,1,1,0,1,0,0,0,0,0
3143.65,98.2390625,31,101.4,1,1,1,1,1,1,1,0,0,0,0,0
439.75,17.59,24,20.25,0,0,0,0,1,0,0,1,0,0,1,0
664.4,44.29333333333333,14,48.8,1,1,0,0,1,0,0,1,0,1,0,0
4759.55,73.22384615384615,64,74.35,0,0,0,0,0,1,0,1,1,0,0,0
1033.0,20.254901960784313,50,19.35,0,0,0,0,0,1,0,0,0,0,0,0
3482.85,65.71415094339622,52,68.75,0,1,1,0,1,1,0,1,0,0,1,0
2688.45,92.7051724137931,28,100.2,0,1,1,1,1,0,1,0,0,0,0,0
435.25,19.78409090909091,21,20.85,0,0,0,0,0,1,0,0,1,0,0,0
2448.75,94.1826923076923,25,95.9,1,1,1,1,1,1,1,0,0,0,1,1
307.0,17.055555555555557,17,19.35,0,0,0,0,0,0,0,1,0,0,0,0
2689.35,45.582203389830504,58,45.0,0,1,0,1,1,1,0,1,0,1,0,0
1329.2,73.84444444444445,17,81.5,1,1,0,1,1,0,1,1,0,1,0,1
1281.25,24.639423076923077,51,25.5,0,0,0,0,0,0,0,1,1,0,0,0
3527.0,48.31506849315068,72,48.9,0,0,0,0,1,0,0,1,1,1,1,0
4348.65,82.05,52,84.1,1,0,1,1,1,0,1,1,0,1,0,1
561.15,20.041071428571428,27,19.6,0,0,0,0,0,1,0,0,1,0,0,0
63.6,15.9,3,20.0,1,0,0,0,0,0,0,0,0,0,0,0
5129.3,78.91230769230769,64,81.3,0,0,0,0,0,1,0,1,1,0,0,0
4285.8,93.16956521739131,45,95.2,0,1,0,0,0,1,1,1,1,1,0,0
93.7,23.425,3,36.45,1,1,0,1,1,1,0,1,0,1,0,1
5894.5,81.86805555555556,71,83.3,0,1,0,0,0,1,0,1,1,0,0,0
25.05,12.525,1,25.05,1,1,0,1,0,0,0,0,0,1,0,1
1160.75,19.673728813559322,58,20.3,0,0,0,0,0,0,0,1,1,0,1,0
3091.75,88.33571428571429,34,89.85,1,1,1,1,1,1,1,1,0,0,1,0
365.55,40.61666666666667,8,49.85,1,0,1,1,0,1,0,0,0,1,0,1
272.95,17.059375,15,19.8,1,0,0,0,0,0,0,1,0,0,1,0
3632.0,54.208955223880594,66,54.65,0,1,0,0,1,0,0,1,1,1,1,0
381.2,29.323076923076922,12,29.35,1,1,0,1,1,1,0,0,0,0,0,0
1035.5,17.550847457627118,58,19.15,0,0,0,0,1,1,0,0,1,0,0,0
52.0,13.0,3,19.1,0,0,0,0,0,0,0,1,1,0,1,0
2342.2,53.23181818181818,43,55.55,1,1,0,1,0,0,0,1,0,0,0,1
653.9,65.39,9,80.55,1,1,1,1,0,0,1,0,0,0,0,0
71.2,17.8,3,20.25,0,0,0,0,0,0,0,0,0,0,0,0
1498.2,65.13913043478261,22,69.5,0,1,0,1,0,1,0,1,0,0,1,1
4178.65,101.91829268292682,40,106.0,0,1,0,1,1,1,1,1,0,0,0,0
1821.8,26.402898550724636,68,25.5,0,0,0,0,0,0,0,0,1,0,0,0
5278.15,95.96636363636362,54,104.3,1,1,1,1,1,1,1,1,0,0,0,1
4024.2,78.90588235294118,50,79.6,0,1,0,0,0,1,0,0,1,0,0,0
55.25,27.625,1,55.25,1,1,1,1,1,1,0,0,0,1,0,0
6520.8,89.32602739726028,72,88.05,0,0,0,0,0,0,0,1,1,0,0,0
854.9,20.851219512195122,40,20.4,0,0,0,0,1,1,0,0,0,0,1,0
8308.9,113.82054794520548,72,117.6,0,0,0,0,0,1,1,1,1,0,1,0
109.2,15.6,6,20.0,1,0,0,0,0,0,0,0,0,0,0,0
92.05,15.341666666666667,5,19.65,1,0,0,0,0,1,0,0,0,0,0,0
3420.5,69.8061224489796,48,70.55,0,1,0,1,1,1,0,1,0,0,0,0
93.85,46.925,1,93.85,1,1,1,1,0,1,1,0,0,1,0,1
4068.0,62.58461538461538,64,65.8,0,0,0,0,0,0,0,1,0,1,1,0
337.9,18.772222222222222,17,20.05,0,0,0,0,0,0,0,0,0,0,0,0
3168.75,77.28658536585365,40,80.0,1,1,1,1,1,1,1,1,0,0,0,0
1412.4,33.62857142857143,41,35.4,0,0,0,1,0,0,0,1,0,1,1,0
3974.7,76.43653846153846,51,79.6,0,1,0,1,1,1,1,0,0,0,0,0
3439.0,81.88095238095238,41,80.25,1,1,1,1,1,1,1,1,0,0,0,0
50.45,25.225,1,50.45,1,1,0,1,0,0,0,1,0,1,1,1
42.45,14.15,2,20.45,1,0,0,0,0,1,0,0,0,0,0,0
5461.45,79.15144927536231,68,79.6,0,1,0,1,1,0,1,0,0,0,0,0
571.75,22.87,24,24.7,0,0,0,0,0,0,0,1,1,0,1,0
5498.2,77.43943661971831,70,77.3,0,0,0,0,1,0,0,1,1,1,0,0
96.85,24.2125,3,29.75,1,1,1,0,1,1,0,0,0,1,0,0
111.05,37.016666666666666,2,44.9,1,1,0,1,1,0,0,0,0,1,0,0
94.4,23.6,3,29.8,1,1,0,1,1,0,0,1,0,0,0,0
521.1,65.1375,7,74.65,1,1,1,0,0,1,0,0,0,1,0,1
923.85,65.98928571428571,13,71.95,1,0,1,1,0,1,0,0,0,1,0,0
141.1,17.6375,7,20.75,1,0,0,0,1,0,0,0,0,0,0,0
628.65,48.357692307692304,12,56.3,1,1,0,1,1,1,0,1,0,1,1,0
5576.3,103.26481481481481,53,105.25,0,1,1,1,1,1,1,1,0,0,1,0
1046.1,80.46923076923076,12,94.2,1,1,1,1,0,1,1,0,0,1,0,1
1245.6,19.4625,63,19.55,0,0,0,0,1,0,0,1,1,0,1,0
1287.85,80.490625,15,84.45,1,0,0,0,0,0,0,0,0,0,0,0
1939.35,52.41486486486486,36,53.65,0,0,0,1,1,0,0,1,0,0,1,0
118.25,23.65,4,29.9,1,1,1,1,1,1,0,1,0,1,0,0
452.55,18.102,24,19.7,0,0,0,0,0,0,0,1,1,0,1,0
2696.55,43.49274193548387,61,43.7,0,0,0,0,0,0,0,0,0,0,0,0
875.35,51.491176470588236,16,55.3,1,1,1,1,1,0,0,0,0,0,0,0
1267.05,19.19772727272727,65,19.85,0,0,0,0,1,1,0,1,1,0,1,0
494.9,18.32962962962963,26,19.65,0,0,0,0,0,0,0,1,1,0,1,0
799.0,47.0,16,49.45,1,1,0,0,1,1,0,0,0,1,0,0
5763.3,104.78727272727274,54,106.55,0,0,0,1,0,0,1,1,0,0,0,1
20.1,10.05,1,20.1,1,0,0,0,1,0,0,0,0,0,0,1
106.9,17.816666666666666,5,20.45,0,0,0,0,1,0,0,0,1,0,1,0
710.05,35.5025,19,39.7,1,1,1,1,0,1,0,0,0,0,0,0
568.2,51.654545454545456,10,54.5,1,0,0,1,1,1,0,0,0,1,0,0
1900.25,79.17708333333333,23,83.8,1,1,1,0,0,0,1,1,0,0,1,1
159.15,39.7875,3,55.15,1,1,0,1,1,0,0,0,0,1,0,1
8012.75,109.76369863013699,72,111.6,0,1,0,0,0,1,1,0,1,0,0,0
856.65,77.87727272727273,10,86.65,1,1,1,1,1,1,1,1,0,1,0,1
551.3,50.11818181818182,10,55.55,1,1,0,1,0,1,0,1,0,0,1,0
184.95,15.4125,11,20.55,0,0,0,0,1,1,0,1,0,0,0,0
4056.75,106.75657894736842,37,106.75,1,0,0,1,0,1,1,0,0,0,0,1
1096.65,60.925000000000004,17,62.1,0,0,0,0,1,1,0,1,0,1,1,0
3684.95,99.59324324324324,36,104.5,1,0,0,1,0,1,1,1,0,1,1,0
1752.45,97.35833333333333,17,101.8,1,1,1,1,1,1,1,0,0,0,0,0
7210.85,107.62462686567164,66,110.6,0,0,0,0,0,1,1,1,0,0,1,0
5264.5,84.91129032258064,61,84.9,0,0,0,0,1,0,0,1,0,0,1,0
2157.3,93.79565217391306,22,93.2,1,1,0,1,1,1,1,0,0,0,0,0
24.4,12.2,1,24.4,1,1,1,1,1,1,0,0,0,1,0,0
433.95,61.99285714285714,6,70.55,1,1,0,1,0,0,1,0,0,1,0,0
2435.15,76.0984375,31,78.45,1,1,1,0,1,1,1,0,0,0,0,1
5607.75,81.27173913043478,68,85.0,0,0,0,0,0,1,0,1,1,0,1,0
2874.15,82.11857142857143,34,87.45,1,1,1,1,0,0,1,1,0,1,1,1
4433.3,83.64716981132077,52,85.8,1,1,0,0,0,0,1,1,0,0,1,0
964.35,87.66818181818182,10,91.1,1,1,1,0,0,1,1,0,0,1,1,0
1974.8,65.82666666666667,29,70.75,1,1,1,1,1,1,1,1,0,1,1,1
1460.85,20.011643835616436,72,20.1,0,0,0,0,0,0,0,1,1,0,1,0
951.55,19.823958333333334,47,20.05,0,0,0,0,1,0,0,1,0,0,1,0
1821.2,72.848,24,74.8,0,0,0,1,1,0,0,1,0,1,1,0
1600.95,24.256818181818183,65,24.8,0,0,0,0,1,0,0,0,0,0,0,0
399.25,79.85,4,100.85,1,1,0,0,0,1,1,0,0,1,0,0
1218.55,93.73461538461538,12,101.35,1,1,1,1,1,1,1,1,0,0,0,1
81.7,40.85,1,81.7,1,0,1,1,1,1,1,0,0,1,0,1
2171.15,63.85735294117647,33,68.25,1,1,1,1,1,0,1,0,0,1,0,1
3634.8,103.85142857142857,34,105.1,1,1,1,0,0,1,1,0,0,0,0,0
292.4,19.493333333333332,14,20.4,0,0,0,0,0,0,0,1,1,0,0,0
317.25,63.45,4,79.15,1,1,1,1,0,1,1,0,0,1,0,1
218.55,15.610714285714286,13,20.0,0,0,0,0,1,0,0,1,0,0,1,0
5071.9,76.8469696969697,65,79.4,0,1,0,0,0,1,0,1,1,0,1,0
1423.35,59.30625,23,57.2,0,0,0,0,1,0,0,1,0,1,1,0
3068.6,54.79642857142857,55,58.6,0,0,1,1,1,0,0,1,1,0,0,0
4690.65,93.81299999999999,49,94.8,0,1,1,1,1,1,1,1,1,0,0,0
6157.6,100.94426229508197,60,102.5,0,1,0,1,1,0,1,1,0,0,0,0
1442.65,20.609285714285715,69,20.35,0,0,0,0,0,1,0,1,0,0,1,0
3369.05,82.1719512195122,40,84.9,1,1,1,1,1,1,1,0,0,1,0,0
4671.65,68.70073529411764,67,69.2,0,0,0,0,1,1,0,1,1,0,0,0
3474.05,96.5013888888889,35,95.45,1,1,1,1,1,1,1,0,0,1,0,1
1875.55,93.7775,19,100.95,0,1,1,0,1,1,1,1,0,1,1,1
272.35,19.45357142857143,13,20.85,0,0,0,0,0,0,0,1,1,0,1,0
3645.05,86.78690476190476,41,88.5,1,1,0,1,0,1,1,0,0,0,1,0
135.75,27.15,4,35.0,1,0,0,1,0,0,0,0,0,1,0,0
1319.85,52.794,24,55.15,1,0,1,0,0,0,0,1,0,1,1,0
229.4,38.233333333333334,5,50.95,1,1,0,1,0,1,0,0,0,0,0,0
370.25,61.708333333333336,5,64.0,1,1,1,1,0,1,0,0,0,0,0,0
69.1,34.55,1,69.1,1,1,0,1,0,1,1,1,0,1,1,1
5714.2,78.27671232876712,72,80.2,0,0,0,0,0,0,0,1,1,0,1,0
1233.25,49.33,24,49.3,1,1,0,1,0,1,0,0,0,1,0,0
3571.6,83.06046511627906,42,84.35,0,0,0,0,0,0,0,1,1,1,0,0
83.3,16.66,4,20.05,1,0,0,0,0,0,0,0,0,0,0,0
8035.95,116.46304347826087,68,117.2,0,0,0,0,1,1,1,0,0,0,0,0
579.4,17.041176470588233,33,20.1,0,0,0,0,0,0,0,1,0,0,1,0
69.6,34.8,1,69.6,1,1,1,1,0,1,1,0,0,1,0,1
3066.45,95.8265625,31,103.45,0,1,1,1,1,1,1,0,0,0,0,1
305.55,61.11,4,77.95,1,1,0,1,0,0,1,0,0,0,0,1
7634.25,109.06071428571428,69,109.95,0,1,1,0,1,1,1,1,1,0,0,0
3653.0,93.66666666666667,38,94.75,1,1,1,1,1,0,1,0,0,1,0,0
241.3,60.325,3,80.0,1,1,1,0,0,1,1,1,0,0,1,0
3870.3,78.9857142857143,48,79.65,0,1,1,0,0,0,0,1,1,0,1,0
387.9,24.24375,15,25.2,0,0,0,0,0,0,0,1,1,0,0,0
527.5,20.28846153846154,25,19.9,0,0,0,0,0,0,0,0,0,0,0,0
78.45,39.225,1,78.45,1,1,1,1,0,0,1,0,0,1,0,1
2104.55,42.95,48,44.8,1,0,1,1,0,1,0,0,0,0,0,0
20.3,10.15,1,20.3,1,0,0,0,1,0,0,0,0,0,0,0
19.2,9.6,1,19.2,1,0,1,0,1,0,0,0,0,0,0,0
3019.1,79.45,37,80.05,0,1,1,1,0,0,1,0,0,0,0,0
7051.95,105.25298507462686,66,107.35,0,1,0,0,1,1,1,1,0,0,0,0
1190.5,44.092592592592595,26,47.85,0,0,0,1,0,0,0,1,0,0,0,0
4448.8,69.5125,63,70.8,0,0,0,0,1,0,0,1,0,0,0,0
255.25,23.204545454545453,10,29.5,1,1,0,1,1,0,0,0,0,1,0,1
146.9,48.96666666666667,2,70.75,1,0,1,1,0,1,0,0,0,1,0,1
1011.05,53.21315789473684,18,59.1,1,0,0,1,1,1,0,1,0,1,0,0
1714.95,26.383846153846154,64,25.55,0,0,0,0,0,0,0,1,1,0,0,0
762.5,76.25,9,84.45,1,1,1,1,0,1,1,0,0,1,0,1
535.35,18.46034482758621,28,20.25,1,0,0,0,0,0,0,0,0,0,1,0
75.55,37.775,1,75.55,1,1,1,1,0,0,1,0,0,1,0,0
338.9,67.78,4,85.65,1,1,1,1,1,1,1,0,0,1,0,1
2497.35,64.03461538461538,38,70.15,0,1,0,0,1,1,0,0,0,0,0,1
6273.4,93.63283582089552,66,95.3,0,1,1,1,1,0,1,1,0,0,0,0
70.25,35.125,1,70.25,1,1,1,1,0,1,1,0,0,1,0,0
908.75,47.828947368421055,18,50.3,1,1,0,0,0,1,0,1,0,1,0,0
4913.3,94.48653846153846,51,97.8,1,1,1,1,1,1,1,0,0,1,0,1
1397.475,1397.475,0,19.85,0,0,0,0,1,0,0,1,1,0,1,0
46.3,23.15,1,46.3,1,1,0,1,1,0,0,0,0,1,0,1
212.3,16.33076923076923,12,19.35,0,0,0,0,1,0,0,0,1,0,1,0
4443.45,105.79642857142856,41,106.3,1,1,1,1,0,1,1,0,0,0,0,1
316.2,24.323076923076922,12,25.0,1,0,1,0,1,0,0,0,0,0,0,0
1079.05,19.26875,55,20.3,0,0,0,0,0,0,0,1,1,0,1,0
564.65,70.58125,7,75.35,1,1,1,1,0,1,1,0,0,1,0,0
1095.65,84.28076923076924,12,89.4,1,1,1,0,0,1,1,0,0,1,0,1
6161.9,89.30289855072463,68,88.0,0,0,0,0,0,0,0,1,1,0,1,0
446.05,74.34166666666667,5,83.15,1,1,0,1,0,1,1,0,0,1,0,1
2106.05,42.121,49,43.8,1,1,0,1,0,0,0,0,0,1,0,0
2511.55,61.25731707317074,40,62.05,0,0,0,1,1,0,0,0,0,0,0,0
318.6,18.741176470588236,16,20.1,0,0,0,0,0,0,0,0,0,0,0,0
811.8,73.8,10,74.15,1,1,0,1,1,1,1,0,0,1,0,1
7323.15,100.31712328767122,72,101.35,0,1,1,1,0,1,1,1,0,0,0,0
186.05,62.01666666666667,2,84.05,1,1,1,1,0,1,1,0,0,1,0,0
454.0,18.916666666666668,23,20.9,0,0,0,0,1,0,0,1,1,0,1,0
7521.95,104.47152777777778,71,105.9,0,1,1,1,0,1,1,0,0,0,0,0
1056.95,88.07916666666667,11,99.5,1,1,1,1,0,1,1,1,0,1,0,1
44.15,22.075,1,44.15,1,1,0,1,1,1,0,0,0,1,0,1
834.15,49.067647058823525,16,53.9,1,1,0,0,0,1,0,0,0,0,0,1
85.45,42.725,1,85.45,1,1,0,1,0,1,1,0,0,1,0,1
999.8,76.9076923076923,12,85.05,1,1,0,1,1,1,1,1,0,0,0,0
2369.7,43.08545454545454,54,44.1,0,0,0,0,0,0,0,0,0,1,0,0
6297.65,91.27028985507246,68,90.2,0,1,0,0,0,0,1,1,1,0,0,0
239.55,47.910000000000004,4,50.85,1,1,0,1,0,0,0,1,0,1,1,1
59.2,29.6,1,59.2,1,1,1,1,0,0,0,0,0,1,1,1
1461.45,52.19464285714286,27,53.45,1,0,0,0,1,0,0,0,0,1,0,0
416.4,18.927272727272726,21,19.95,1,0,0,0,1,1,0,0,0,0,0,0
1060.6,75.75714285714285,13,83.2,1,1,1,1,1,1,1,0,0,1,0,1
4869.35,74.91307692307693,64,74.65,1,1,0,0,0,0,0,0,0,0,0,0
54.9,27.45,1,54.9,1,0,1,1,0,1,0,0,0,0,0,1
3265.95,56.30948275862069,57,57.5,0,1,0,0,1,1,0,1,1,0,0,0
2254.2,102.46363636363635,21,103.9,1,0,1,1,0,1,1,1,0,1,0,1
358.15,17.9075,19,19.65,0,0,0,0,1,0,0,0,1,0,0,0
2939.8,91.86875,31,93.8,0,1,1,1,1,1,1,1,0,1,0,0
4652.4,87.78113207547169,52,89.25,0,0,0,0,1,1,0,0,1,0,0,0
4408.45,93.7968085106383,46,94.15,0,1,1,1,0,1,1,0,0,0,0,0
580.8,48.4,11,55.6,1,0,1,1,0,1,0,0,0,1,0,0
2495.2,46.2074074074074,53,48.7,1,0,0,1,0,1,0,1,0,0,1,0
180.3,15.025,11,19.25,1,0,0,0,0,1,0,1,0,0,1,1
5913.95,101.96465517241379,57,104.9,1,1,0,0,1,1,1,0,0,0,0,0
158.4,52.800000000000004,2,75.45,1,1,0,1,0,1,1,0,0,1,0,1
104.2,34.733333333333334,2,54.85,1,0,0,1,0,0,0,0,0,0,0,1
1389.35,19.296527777777776,71,19.9,0,0,0,0,0,0,0,1,1,0,1,0
19.4,9.7,1,19.4,1,0,0,0,0,1,0,1,0,0,1,0
1629.2,23.61159420289855,68,25.05,0,0,0,0,1,0,0,1,1,0,0,0
6033.1,82.64520547945206,72,84.45,0,0,0,0,1,0,0,1,1,0,0,0
44.4,14.799999999999999,2,19.3,1,0,0,0,0,0,0,0,0,0,0,0
95.1,47.55,1,95.1,1,1,1,1,1,1,1,1,0,1,0,1
3320.75,79.06547619047619,41,79.85,0,0,0,0,0,1,0,0,0,1,0,0
1867.7,25.584931506849315,72,25.55,0,0,0,0,1,0,0,1,1,0,1,0
438.0,62.57142857142857,6,75.5,1,1,1,1,1,1,1,1,0,1,0,1
325.45,65.09,4,73.75,1,1,1,1,0,1,1,1,0,1,1,1
1148.1,88.3153846153846,12,96.05,1,1,1,1,1,1,1,0,0,1,0,1
3972.25,67.32627118644068,58,68.4,0,0,1,0,0,1,0,1,0,1,0,0
155.9,19.4875,7,20.65,1,0,0,0,0,0,0,0,0,0,0,0
3673.15,55.65378787878788,65,55.15,1,0,0,1,0,1,0,1,0,1,0,0
70.6,35.3,1,70.6,1,1,0,1,1,1,1,0,0,1,0,0
1126.75,19.767543859649123,56,19.95,0,0,0,0,1,0,0,1,0,0,0,0
73.45,14.690000000000001,4,19.0,1,0,0,0,1,0,0,0,0,0,0,0
2413.05,40.89915254237288,58,44.1,0,1,0,1,0,1,0,1,0,1,1,0
6912.7,109.72539682539683,62,107.6,0,1,0,0,1,1,1,1,1,1,0,0
1581.95,58.59074074074074,26,61.55,0,0,1,1,1,0,0,0,0,0,0,0
5586.45,88.67380952380952,62,90.7,1,0,0,1,1,0,1,0,0,0,0,0
5846.65,99.0957627118644,58,99.25,0,0,0,1,0,0,1,1,0,0,1,0
6424.7,93.11159420289854,68,91.7,0,0,1,0,0,1,0,1,1,0,0,0
6018.65,97.07499999999999,61,100.7,0,0,0,1,0,1,1,1,0,0,1,0
3373.4,78.45116279069768,42,78.45,0,1,0,0,0,1,0,0,1,1,0,0
1537.9,80.9421052631579,18,84.3,1,1,0,1,1,0,1,0,0,1,0,0
1080.55,18.95701754385965,56,19.55,0,0,0,0,0,1,0,0,1,0,0,0
355.2,71.03999999999999,4,88.95,1,1,1,1,0,1,1,0,0,0,0,1
82.85,16.57,4,20.45,1,0,0,0,0,0,0,0,0,0,0,0
2016.45,56.0125,35,55.6,0,0,0,1,0,0,0,0,0,0,1,0
5327.25,81.95769230769231,64,86.8,1,0,0,0,0,1,1,1,0,1,1,0
683.25,21.3515625,31,20.95,0,0,0,0,0,0,0,0,0,0,0,0
1263.05,18.574264705882353,67,20.05,0,0,0,0,0,1,0,1,1,0,0,0
151.3,30.26,4,50.7,1,1,0,1,0,0,0,0,0,0,0,1
7714.65,108.65704225352113,70,113.65,0,0,1,0,0,1,1,1,1,0,0,0
188.7,47.175,3,53.4,1,1,0,1,1,0,0,0,0,1,0,1
5549.4,102.76666666666667,53,101.9,1,1,1,1,1,1,1,1,0,0,0,1
130.5,43.5,2,59.5,0,0,0,0,1,0,0,1,1,0,1,0
2621.75,87.39166666666667,29,87.8,1,1,0,1,0,1,1,1,0,1,1,0
1875.25,39.067708333333336,47,41.9,0,0,0,0,0,0,0,0,1,1,0,0
5685.8,82.40289855072464,68,83.0,0,1,1,1,0,1,1,1,0,1,1,1
837.5,64.42307692307692,12,69.85,1,0,0,1,1,1,0,0,0,1,1,0
401.5,44.611111111111114,8,56.3,1,1,0,0,0,0,0,1,0,0,1,0
6118.95,111.25363636363636,54,109.55,1,0,1,1,1,0,1,1,0,0,0,0
6480.9,92.58428571428571,69,92.15,0,1,0,0,1,1,1,1,1,0,1,0
1800.05,66.66851851851851,26,69.5,1,0,0,1,0,1,0,0,0,0,0,0
7104.2,97.31780821917808,72,97.0,0,0,0,0,0,1,1,1,1,0,0,0
4214.25,59.355633802816904,70,58.35,0,0,0,0,0,1,0,0,1,1,0,0
50.6,25.3,1,50.6,1,0,0,1,1,0,0,0,0,1,1,1
863.1,78.46363636363637,10,89.5,1,1,1,1,1,1,1,0,0,1,0,1
1992.2,68.69655172413793,28,70.4,0,1,0,1,0,1,1,1,0,1,1,0
69.8,34.9,1,69.8,1,1,1,1,1,1,1,0,0,1,0,1
1948.35,88.56136363636364,21,94.3,1,1,1,1,0,1,1,1,0,1,0,0
4750.95,91.36442307692307,51,93.8,1,0,0,1,1,1,1,1,0,1,0,1
1007.9,18.664814814814815,53,19.55,0,0,0,0,0,0,0,1,0,0,1,0
5036.9,93.27592592592592,53,95.95,0,0,1,1,1,0,1,0,0,0,1,0
2391.8,95.67200000000001,24,101.05,1,1,1,1,1,1,1,1,0,1,0,1
6859.05,96.60633802816902,70,94.8,0,0,0,0,0,1,0,1,1,0,0,0
6521.9,105.19193548387096,61,107.75,0,0,1,1,1,1,1,0,0,0,0,0
617.85,51.487500000000004,11,54.6,0,0,0,0,0,1,0,0,0,1,0,0
157.75,52.583333333333336,2,71.3,1,1,0,1,1,1,1,0,0,1,0,0
516.3,19.857692307692307,25,19.5,0,0,0,0,1,1,0,0,0,0,0,0
2364.0,56.285714285714285,41,56.3,0,1,0,1,0,1,0,0,0,0,0,0
1687.95,88.83947368421053,18,94.7,1,1,1,1,1,1,1,1,0,1,0,1
7689.95,105.34178082191781,72,104.15,0,1,0,1,1,1,1,1,1,0,0,1
6239.05,86.65347222222222,71,90.55,0,0,0,0,0,1,0,1,1,0,1,0
2042.05,58.34428571428571,34,60.8,0,0,0,1,0,1,0,1,0,0,1,0
2807.1,93.57,29,98.8,1,1,0,0,1,1,1,0,0,1,0,0
4116.8,100.40975609756099,40,98.15,0,0,0,0,1,1,1,1,0,0,0,0
1317.95,35.62027027027027,36,35.35,0,0,0,1,1,0,0,1,0,1,0,0
4594.65,97.75851063829786,46,103.15,0,1,1,0,0,1,1,1,0,0,0,0
6332.75,107.33474576271186,58,107.75,0,0,1,1,0,1,1,0,0,0,0,0
3213.75,80.34375,39,81.4,0,1,0,1,1,0,1,0,0,0,0,0
229.55,45.910000000000004,4,61.45,1,1,0,0,1,0,0,1,0,1,1,1
4976.15,93.88962264150943,52,95.7,0,1,0,1,0,1,1,1,0,0,1,0
7308.95,102.94295774647887,70,104.8,0,1,1,1,1,1,1,1,0,0,0,0
4555.2,69.01818181818182,65,70.95,0,1,0,1,1,1,1,1,0,1,0,0
44.95,22.475,1,44.95,1,1,0,1,1,1,0,0,0,1,0,0
6982.5,98.34507042253522,70,97.65,0,1,1,1,0,1,1,1,0,1,0,0
1025.15,34.17166666666667,29,35.65,1,1,0,1,0,1,0,1,0,0,1,0
90.55,45.275,1,90.55,1,1,1,1,1,1,1,0,0,1,0,1
5714.2,84.03235294117647,67,85.25,0,0,0,0,0,1,0,0,1,1,0,0
19.5,9.75,1,19.5,1,0,0,0,0,1,0,0,0,0,0,0
2274.35,84.23518518518519,26,88.8,1,1,0,1,0,1,1,0,0,1,0,1
789.55,25.469354838709677,30,25.1,0,0,0,0,0,1,0,1,1,0,1,0
4834.0,98.65306122448979,48,100.05,1,1,0,0,0,1,1,1,0,1,0,0
3131.8,55.925000000000004,55,55.7,1,0,1,1,0,0,0,1,0,0,1,0
602.55,75.31875,7,85.2,1,1,0,1,1,1,1,0,0,1,0,1
3369.25,88.66447368421052,37,91.15,1,0,1,1,1,1,1,0,0,1,0,0
2674.15,83.5671875,31,83.85,1,1,0,1,0,1,1,1,0,0,0,0
199.75,39.95,4,45.9,1,1,1,1,1,1,0,0,0,1,0,0
1790.8,24.53150684931507,72,25.1,0,0,0,0,1,1,0,1,1,0,1,0
449.75,74.95833333333333,5,91.4,1,1,1,1,1,1,1,0,0,1,0,1
19.7,9.85,1,19.7,1,0,0,0,1,0,0,1,0,0,1,0
1400.3,87.51875,15,91.5,1,1,1,1,0,1,1,0,0,1,0,0
411.6,45.733333333333334,8,51.3,1,0,0,1,1,1,0,1,0,1,1,0
741.0,20.583333333333332,35,21.1,0,0,0,0,0,0,0,0,0,0,0,0
5841.35,102.47982456140352,56,104.75,1,1,1,1,0,0,1,0,0,0,0,0
4512.7,104.94651162790697,42,106.15,1,1,0,0,1,1,1,1,0,1,0,1
5688.45,86.18863636363636,65,85.75,1,0,1,1,1,1,1,1,0,0,1,0
31.9,10.633333333333333,2,20.3,0,0,0,0,0,0,0,1,0,0,1,0
6674.65,101.1310606060606,65,100.75,0,0,1,1,1,1,1,1,0,1,0,0
1345.75,70.82894736842105,18,74.15,1,1,1,1,0,1,1,0,0,1,0,0
1843.05,76.79375,23,78.55,0,0,1,1,0,1,0,0,0,1,0,0
196.95,39.39,4,45.3,1,1,0,1,0,1,0,0,0,1,0,1
1433.8,20.194366197183097,70,19.85,0,0,0,0,1,0,0,1,1,0,0,0
214.55,42.910000000000004,4,50.7,1,1,1,1,0,0,0,0,0,1,0,0
865.85,43.292500000000004,19,45.0,1,1,0,1,1,1,0,0,0,1,0,0
1358.6,71.50526315789473,18,77.8,1,1,1,1,0,0,1,0,0,0,0,0
3147.15,80.69615384615385,38,83.45,1,0,1,1,0,1,1,1,0,1,0,0
131.05,43.68333333333334,2,73.25,1,1,0,1,1,1,1,0,0,1,0,1
4535.85,94.496875,47,94.8,0,0,0,1,1,0,1,0,0,0,0,0
1078.75,20.35377358490566,52,20.1,0,0,0,0,0,0,0,1,1,0,1,0
542.4,54.239999999999995,9,59.9,1,1,0,1,1,0,0,0,0,1,0,0
2312.55,85.65,26,90.1,0,0,0,0,0,1,0,1,0,0,0,0
415.05,46.11666666666667,8,51.05,1,1,1,1,1,1,0,1,0,1,1,1
3250.45,72.23222222222222,44,70.95,0,1,1,0,1,1,0,1,0,0,0,0
98.5,24.625,3,29.2,1,1,0,1,0,0,0,0,0,0,0,0
87.9,29.3,2,46.6,1,1,0,1,1,1,0,0,0,1,0,0
754.65,75.465,9,85.35,1,1,0,1,0,1,1,1,0,1,1,1
75.35,37.675,1,75.35,1,1,1,1,1,1,1,0,0,1,0,1
1952.25,75.08653846153847,25,74.3,1,0,0,1,1,0,1,0,0,1,0,0
153.8,51.26666666666667,2,69.3,1,1,1,1,0,1,1,1,0,1,0,0
3198.6,72.69545454545454,43,75.2,1,0,1,1,1,1,1,0,0,1,0,1
20.9,10.45,1,20.9,1,0,0,0,0,0,0,0,0,0,0,1
5610.15,95.08728813559321,58,94.3,0,1,1,1,0,1,1,1,0,0,0,0
4519.5,75.325,59,76.45,0,0,0,0,0,1,0,1,1,1,1,0
2440.25,54.227777777777774,44,54.0,0,0,1,1,1,1,0,0,0,1,0,0
6860.6,102.39701492537314,66,104.25,0,1,1,0,1,1,1,0,0,0,0,0
1377.7,19.96666666666667,68,19.95,0,0,0,0,1,0,0,1,1,0,1,0
190.25,19.025,9,24.95,1,1,1,1,1,1,0,0,0,1,0,0
1651.95,82.5975,19,84.75,1,0,1,1,1,1,1,0,0,1,0,0
78.3,15.66,4,19.75,1,0,0,0,1,0,0,0,0,0,0,0
7939.25,111.82042253521126,70,113.65,0,0,0,0,0,1,1,0,1,0,0,0
44.9,22.45,1,44.9,1,1,0,1,1,1,0,0,0,1,0,0
576.7,64.07777777777778,8,75.25,1,1,1,1,0,1,1,0,0,1,0,0
1279.0,23.685185185185187,53,24.6,0,0,0,0,1,0,0,0,1,0,0,0
1260.7,24.24423076923077,51,25.0,0,0,0,0,1,0,0,0,0,0,0,0
267.35,22.27916666666667,11,20.95,1,0,0,0,1,0,0,1,0,0,1,0
6586.85,107.98114754098361,60,110.6,0,0,1,0,1,1,1,1,1,1,1,0
934.15,51.89722222222222,17,55.5,1,0,0,1,1,1,0,0,0,0,0,0
123.65,30.9125,3,43.3,1,1,1,1,1,1,0,0,0,1,0,1
7534.65,106.1218309859155,70,109.5,0,0,0,0,1,1,1,1,0,0,0,1
19.45,9.725,1,19.45,1,0,0,0,1,0,0,0,0,0,0,0
3645.6,82.85454545454546,43,84.85,1,1,1,1,1,1,1,0,0,1,0,0
314.45,18.49705882352941,16,19.6,1,0,0,0,0,0,0,1,0,0,0,0
3053.0,52.63793103448276,57,53.45,0,0,1,1,0,0,0,1,0,0,1,0
677.05,17.817105263157895,37,19.8,0,0,0,0,1,0,0,1,0,0,1,0
7965.95,109.12260273972602,72,112.1,0,0,0,0,0,0,1,1,1,0,0,0
906.85,75.57083333333334,11,84.8,1,1,0,1,0,1,1,0,0,1,0,1
4888.7,95.85686274509804,50,95.05,1,1,1,1,0,1,1,1,0,0,0,1
237.25,39.541666666666664,5,50.35,1,1,1,1,1,0,0,0,0,1,0,1
74.6,37.3,1,74.6,1,1,0,1,1,1,1,1,0,1,0,1
342.4,20.141176470588235,16,19.7,1,0,0,0,1,1,0,0,0,0,0,1
140.1,46.699999999999996,2,74.2,1,1,1,1,1,1,1,1,0,1,0,0
1108.0,61.55555555555556,17,69.0,1,1,0,0,0,1,0,0,0,1,0,0
295.55,17.38529411764706,16,19.35,0,0,0,0,0,0,0,0,0,0,0,0
892.65,55.790625,15,59.45,1,1,1,1,0,1,0,0,0,1,0,1
198.25,18.022727272727273,10,19.8,0,0,0,0,0,1,0,0,0,0,0,0
4822.85,102.61382978723405,46,105.2,0,0,0,0,0,1,1,0,0,0,1,1
6741.15,103.71,64,109.2,0,1,0,0,1,1,1,1,1,0,1,0
79.15,39.575,1,79.15,1,1,0,1,0,1,1,0,0,0,0,0
1355.45,52.13269230769231,25,53.65,0,1,0,1,1,0,0,1,0,0,1,0
7209.0,100.125,71,100.2,0,0,0,0,1,0,1,1,1,0,1,0
438.4,48.71111111111111,8,45.15,1,1,0,1,1,1,0,0,0,1,0,1
7726.35,105.84041095890412,72,108.65,0,0,0,0,0,1,1,1,1,0,1,0
2070.75,41.415,49,40.65,1,0,0,1,0,0,0,1,0,1,0,0
1636.95,54.565000000000005,29,55.35,0,0,0,0,1,1,0,1,0,0,1,0
7581.5,103.85616438356165,72,105.6,0,0,0,0,1,0,1,1,1,0,0,0
3019.5,94.359375,31,93.8,1,1,1,1,1,0,1,1,0,0,0,1
4729.75,92.74019607843137,50,95.7,1,1,1,1,0,1,1,0,0,1,0,0
6126.1,85.08472222222223,71,83.2,0,0,1,0,1,0,0,1,1,1,0,0
6333.4,89.20281690140844,70,90.05,0,0,0,0,1,0,0,1,1,0,0,0
6687.85,92.88680555555555,71,97.65,0,0,0,0,1,0,1,0,0,1,0,0
4158.25,67.06854838709677,61,68.05,0,0,0,0,1,1,0,1,1,0,1,0
3183.4,96.46666666666667,32,96.2,1,1,1,0,1,1,1,0,0,1,0,1
79.6,39.8,1,79.6,1,1,1,1,0,1,1,0,0,1,1,1
7149.35,103.61376811594204,68,102.1,0,0,0,1,1,1,1,0,1,0,0,0
1429.65,22.692857142857143,62,23.4,0,0,0,0,1,0,0,0,1,0,0,0
472.65,59.08125,7,71.05,1,1,1,1,0,1,1,0,0,1,1,0
1734.5,82.5952380952381,20,85.25,1,1,1,1,1,1,1,0,0,1,0,1
113.5,16.214285714285715,6,19.45,0,0,0,0,1,0,0,1,0,0,1,0
1884.65,55.43088235294118,33,59.45,1,0,0,1,0,1,0,0,0,0,0,0
2568.15,88.55689655172414,28,92.2,0,1,0,1,1,0,1,1,0,1,1,0
470.0,16.785714285714285,27,19.85,0,0,0,0,1,0,0,0,1,0,0,0
278.4,34.8,7,43.9,1,1,0,1,1,0,0,0,0,1,0,0
2088.8,77.36296296296297,26,80.5,1,1,1,0,1,1,1,0,0,1,0,1
502.6,83.76666666666667,5,89.8,1,1,1,1,1,1,1,0,0,0,0,1
2595.85,83.73709677419355,30,90.5,1,0,0,1,1,1,1,0,0,1,0,0
5825.5,91.0234375,63,90.45,0,1,0,1,1,0,1,0,0,0,0,0
50.75,25.375,1,50.75,1,1,1,1,1,1,0,0,0,0,0,1
4449.75,82.40277777777777,53,84.6,0,1,1,0,0,1,0,0,0,0,1,0
1208.35,80.55666666666666,14,89.65,1,1,0,0,0,1,1,1,0,0,1,1
1956.4,88.92727272727274,21,99.15,1,1,0,0,0,1,1,0,0,0,0,0
310.6,17.255555555555556,17,19.95,0,0,0,0,1,0,0,0,0,0,0,0
290.55,17.091176470588238,16,20.5,0,0,0,0,1,0,0,1,1,0,1,0
2096.1,58.224999999999994,35,62.1,1,1,1,1,0,1,0,0,0,1,0,0
2665.0,80.75757575757575,32,79.5,1,1,1,1,0,1,1,0,0,1,0,0
543.8,18.75172413793103,28,19.55,1,0,0,0,0,1,0,1,0,0,1,0
20.35,10.175,1,20.35,1,0,0,0,0,1,0,0,0,0,0,0
3005.8,50.09666666666667,59,51.7,1,1,1,0,1,1,0,0,0,1,0,0
1623.15,22.234931506849318,72,23.3,0,0,0,0,0,1,0,1,0,0,1,0
2498.4,67.52432432432433,36,65.4,0,1,0,0,1,1,0,0,0,0,0,1
2586.0,63.073170731707314,40,65.1,1,0,0,1,0,0,0,0,0,0,0,0
3292.3,80.30000000000001,40,81.2,1,1,1,1,1,1,1,1,0,1,1,0
651.4,65.14,9,72.9,1,1,0,0,0,1,0,0,0,1,1,1
4674.55,73.03984375,63,74.5,0,0,0,0,1,0,0,1,1,0,1,0
232.35,58.0875,3,80.5,1,1,1,1,0,1,1,0,0,1,0,0
2448.5,59.71951219512195,40,60.3,0,1,0,0,1,0,0,1,0,0,1,0
658.1,73.12222222222222,8,75.0,1,0,0,1,1,1,1,1,0,1,0,0
3128.8,89.39428571428572,34,90.15,0,0,0,0,1,0,1,1,0,1,0,0
223.45,37.24166666666667,5,40.0,1,0,0,0,1,0,0,0,0,1,0,1
919.4,91.94,9,99.45,1,1,0,1,1,1,1,0,0,0,0,1
653.95,65.39500000000001,9,69.05,1,1,0,1,1,1,0,1,0,0,0,0
1825.5,57.046875,31,59.7,1,1,0,1,1,0,0,1,0,1,1,0
943.1,18.492156862745098,50,19.85,0,0,0,0,0,1,0,1,0,0,0,0
181.65,60.550000000000004,2,86.25,1,0,1,0,0,1,1,0,0,0,0,1
45.65,22.825,1,45.65,1,1,1,1,0,1,0,0,0,1,0,1
551.35,61.26111111111111,8,70.1,1,1,0,1,1,1,1,0,0,1,0,1
359.4,35.94,9,40.75,1,1,1,1,0,0,0,0,0,0,0,0
115.95,38.65,2,70.2,1,1,0,1,0,1,1,0,0,1,0,1
165.2,41.3,3,55.35,1,0,1,1,0,0,0,0,0,0,0,1
2338.35,89.93653846153846,25,95.7,1,1,0,0,1,1,1,1,0,1,0,0
46.3,23.15,1,46.3,1,1,1,1,1,0,0,0,0,1,0,0
3541.1,76.9804347826087,45,81.3,1,0,0,0,0,0,0,1,0,0,1,0
4146.05,79.73173076923078,51,84.2,1,1,1,1,1,1,1,1,0,0,1,1
1087.25,19.415178571428573,55,20.0,1,0,0,0,0,0,0,1,0,0,1,0
2522.4,64.67692307692307,38,66.15,1,0,0,1,0,1,0,0,0,0,0,0
81.0,27.0,2,45.85,1,1,0,1,1,0,0,0,0,1,0,1
717.3,18.392307692307693,38,19.6,1,0,1,0,1,0,0,1,0,0,1,0
1734.2,49.54857142857143,34,49.8,1,1,1,1,1,1,0,0,0,0,0,0
7069.3,99.56760563380281,70,101.75,0,1,1,1,0,1,1,1,0,1,0,0
742.9,53.06428571428571,13,55.15,0,0,0,0,0,0,0,0,0,1,0,0
3017.65,75.44125,39,75.25,1,1,1,1,1,0,1,0,0,1,0,1
6423.0,103.59677419354838,61,103.95,0,1,1,1,0,1,1,0,0,0,0,0
1164.3,89.56153846153846,12,100.15,1,1,0,1,0,1,1,0,0,1,0,1
4220.35,100.48452380952382,41,99.65,0,1,0,0,1,1,1,0,1,0,0,0
1558.7,70.85000000000001,21,73.7,1,1,1,1,1,1,1,0,0,1,0,0
2743.45,48.990178571428565,55,50.05,0,1,0,1,1,1,0,0,0,1,0,0
4055.5,57.93571428571428,69,60.25,0,0,0,0,1,0,0,1,1,1,0,0
2710.25,100.37962962962963,26,105.75,1,1,1,1,1,0,1,1,0,0,1,1
6055.55,86.50785714285715,69,87.3,0,0,0,1,0,0,1,1,0,0,0,0
810.7,42.66842105263158,18,48.35,1,1,1,1,0,1,0,1,0,1,0,1
2538.2,52.87916666666666,47,54.25,1,1,1,1,1,0,0,1,0,0,1,0
6129.2,83.96164383561644,72,85.3,0,0,0,0,0,0,0,1,1,0,1,0
1750.85,51.495588235294115,33,50.0,1,1,1,0,1,1,0,1,0,0,0,0
36.55,12.183333333333332,2,24.4,1,1,0,1,0,1,0,1,0,1,1,1
6652.45,91.12945205479451,72,90.95,0,0,0,0,0,0,0,1,1,0,1,0
2575.45,67.77499999999999,37,72.25,1,1,0,1,1,1,1,1,0,1,0,0
6019.35,95.5452380952381,62,96.1,1,1,0,1,0,1,1,1,0,0,1,0
1379.6,19.16111111111111,71,19.85,0,0,0,0,0,0,0,1,1,0,0,0
1284.2,53.50833333333333,23,55.3,1,1,0,0,1,1,0,0,0,0,1,0
296.15,17.420588235294115,16,20.1,0,0,0,0,0,0,0,0,0,0,0,0
653.25,65.325,9,69.5,1,0,0,0,1,1,0,0,0,1,0,0
412.6,22.922222222222224,17,25.15,0,0,0,0,1,1,0,1,1,0,1,0
85.5,17.1,4,20.95,1,0,0,0,0,0,0,0,0,0,0,1
49.55,24.775,1,49.55,1,0,1,1,0,1,0,1,0,1,0,1
1928.7,77.148,24,79.65,1,1,0,1,0,1,1,1,0,1,0,0
71.25,35.625,1,71.25,1,1,1,1,0,1,1,0,0,1,0,0
7845.8,107.47671232876712,72,113.8,0,0,0,0,1,0,1,0,1,0,0,0
1750.7,23.982191780821918,72,24.55,0,0,1,0,0,0,0,1,1,0,0,0
216.2,18.016666666666666,11,19.7,1,0,0,0,0,0,0,0,0,0,1,0
178.5,17.85,9,20.25,1,0,0,0,1,0,0,0,0,0,0,1
115.1,38.36666666666667,2,50.15,1,1,0,1,0,0,0,1,0,0,0,1
6029.0,98.8360655737705,60,100.5,0,1,0,1,0,1,1,1,0,1,0,0
2745.2,91.50666666666666,29,95.9,1,1,1,1,1,1,1,1,0,0,0,1
3721.9,74.438,49,74.45,0,1,0,0,0,1,0,0,1,1,0,0
3121.1,100.68064516129031,30,104.1,1,1,1,1,0,1,1,0,0,0,0,0
990.45,18.34166666666667,53,19.05,0,0,0,0,0,0,0,1,0,0,0,0
1004.35,25.10875,39,25.0,0,0,0,0,1,0,0,0,1,0,1,0
157.65,15.765,9,19.05,1,0,0,0,0,0,0,0,0,0,0,0
3219.75,80.49375,39,81.9,0,1,1,0,1,0,1,0,0,1,0,0
572.85,63.650000000000006,8,69.7,1,1,1,1,1,1,1,0,0,1,0,0
4554.85,87.59326923076924,51,90.15,0,1,1,1,0,1,1,1,0,1,1,0
1847.55,25.660416666666666,71,25.35,0,0,0,0,1,0,0,1,1,0,1,0
1766.75,24.538194444444443,71,24.65,0,0,0,0,1,1,0,0,1,0,0,0
1462.05,20.59225352112676,70,19.55,0,0,0,0,0,1,0,1,1,0,0,0
25.25,12.625,1,25.25,1,1,1,1,0,0,0,0,0,1,0,1
2193.2,56.23589743589743,38,60.0,0,0,0,0,1,1,0,1,1,0,0,0
2433.5,83.91379310344827,28,89.9,1,1,0,1,0,0,1,1,0,0,0,0
641.15,19.42878787878788,32,19.4,1,0,0,0,0,0,0,1,0,0,0,0
2398.4,47.968,49,49.8,0,1,0,1,1,0,0,1,1,0,0,0
861.85,22.68026315789474,37,24.1,0,0,0,0,0,1,0,1,1,0,1,0
583.0,53.0,10,54.25,1,1,1,0,0,0,0,0,0,1,0,0
7332.4,107.82941176470588,67,109.9,0,0,0,1,1,0,1,1,0,0,0,0
249.55,31.19375,7,35.5,0,1,0,0,1,1,0,0,0,1,0,0
4475.9,86.07499999999999,51,87.55,0,1,0,1,0,0,1,0,0,1,0,0
416.45,41.644999999999996,9,45.15,1,1,1,1,0,0,0,0,0,1,0,1
788.6,78.86,9,88.4,1,1,0,1,0,1,1,0,0,1,0,0
202.3,40.46,4,50.8,1,1,0,0,1,1,0,0,0,1,0,0
6994.6,97.14722222222223,71,99.0,0,0,1,1,1,1,1,1,1,0,0,0
4116.15,80.70882352941176,50,84.4,1,1,0,1,0,1,1,1,0,1,1,1
2263.45,90.538,24,96.55,0,1,1,1,0,1,1,1,1,1,1,0
1374.35,59.75434782608695,22,59.75,0,0,0,1,1,1,0,1,0,1,0,0
4915.15,109.22555555555554,44,111.5,1,0,1,1,1,1,1,0,0,0,0,0
838.5,24.66176470588235,33,24.25,1,0,0,0,0,0,0,1,0,0,1,0
75.1,37.55,1,75.1,1,1,1,1,0,1,1,0,0,1,0,1
3715.65,67.55727272727273,54,70.15,0,1,0,1,0,1,0,1,0,1,0,1
4273.45,99.38255813953488,42,101.75,1,1,1,1,1,1,1,0,0,0,0,1
45.8,22.9,1,45.8,1,1,1,1,0,0,0,0,0,1,0,1
20.5,10.25,1,20.5,1,0,0,0,0,0,0,0,0,0,0,0
2044.75,65.95967741935483,30,70.4,0,0,1,0,1,0,0,0,0,0,0,0
30.55,15.275,1,30.55,1,1,0,0,0,0,0,0,0,1,0,0
1398.25,82.25,16,84.9,1,0,1,0,1,0,0,1,0,0,1,0
20.1,10.05,1,20.1,1,0,0,0,1,1,0,0,0,0,0,1
328.95,32.894999999999996,9,40.65,1,1,0,0,1,0,0,1,0,1,0,1
4680.05,99.57553191489362,46,101.0,1,1,1,1,1,1,1,1,0,1,0,1
69.1,34.55,1,69.1,1,1,1,1,1,1,1,0,0,1,0,1
3778.2,52.474999999999994,71,54.5,0,0,0,0,1,0,0,1,1,1,0,0
3161.4,71.85000000000001,43,75.35,1,1,0,1,1,1,1,0,0,1,0,0
2188.45,42.910784313725486,50,44.45,0,0,0,0,1,1,0,1,0,1,0,0
999.45,71.38928571428572,13,75.0,1,1,0,1,0,1,1,0,0,1,0,1
1888.65,94.4325,19,100.0,0,1,0,0,1,0,1,1,0,0,1,1
3990.6,95.0142857142857,41,98.05,1,1,0,1,0,0,1,0,0,1,0,0
71.15,35.575,1,71.15,1,1,1,1,0,1,1,0,0,1,0,1
1240.25,49.61,24,54.15,1,1,0,1,0,1,0,0,0,0,0,1
2635.0,64.26829268292683,40,63.9,0,1,0,1,0,0,0,1,0,0,0,0
235.0,58.75,3,69.15,1,1,0,1,0,1,0,1,0,0,1,0
2347.85,61.78552631578947,37,64.65,0,0,0,1,0,0,0,0,0,1,0,0
7156.2,105.23823529411764,67,108.75,0,0,0,0,0,1,1,1,1,1,1,1
3089.6,93.62424242424242,32,98.85,1,1,1,1,0,1,1,1,0,0,1,0
270.8,38.68571428571429,6,49.15,1,1,1,0,0,1,0,1,0,1,0,1
2901.8,87.93333333333334,32,89.6,1,0,1,1,0,0,1,1,0,1,1,0
4949.1,82.485,59,83.25,1,1,1,1,0,1,1,0,0,0,0,0
2198.9,70.93225806451613,30,70.25,0,1,0,0,0,0,0,1,0,0,0,0
374.5,17.833333333333332,20,19.4,1,0,1,0,1,1,0,0,0,0,1,1
761.95,27.212500000000002,27,24.5,0,0,1,0,0,0,0,1,1,0,1,0
1520.9,72.42380952380952,20,79.15,1,0,1,1,0,1,1,0,0,1,0,1
190.25,19.025,9,20.1,0,0,0,0,1,0,0,0,0,0,1,0
5163.0,74.82608695652173,68,73.0,0,0,0,1,0,1,0,1,0,0,1,0
4059.85,57.99785714285714,69,61.4,0,0,0,0,0,0,0,1,1,1,1,0
2281.6,84.5037037037037,26,84.3,1,1,0,0,1,1,1,0,0,1,0,0
1356.7,19.38142857142857,69,19.9,0,0,0,0,1,0,0,1,1,0,1,0
231.45,19.287499999999998,11,20.4,0,0,0,0,1,0,0,0,1,0,0,0
50.75,25.375,1,50.75,1,1,0,1,1,0,0,0,0,1,0,0
242.4,22.036363636363635,10,20.45,0,0,0,0,1,0,0,1,0,0,1,0
4264.25,76.14732142857143,55,75.75,0,0,0,0,0,1,0,1,0,0,1,0
2774.55,61.65666666666667,44,65.4,0,0,1,0,1,0,0,0,0,1,0,0
3605.2,76.7063829787234,46,80.4,1,1,1,1,1,1,1,1,0,1,0,1
4069.9,58.14142857142857,69,59.75,0,0,0,1,1,1,0,1,1,0,1,0
874.2,72.85000000000001,11,78.5,1,1,1,1,1,1,1,0,0,1,0,0
1145.35,95.44583333333333,11,102.0,1,1,1,1,0,1,1,1,0,0,0,1
1323.7,44.123333333333335,29,48.95,1,1,0,1,1,0,0,0,0,1,0,0
5497.05,94.77672413793104,57,99.65,1,0,1,1,0,1,1,1,0,1,0,0
534.7,18.43793103448276,28,18.25,0,0,0,0,1,0,0,0,0,0,0,0
2455.05,57.09418604651163,42,54.55,1,0,0,1,0,0,0,0,0,1,0,0
38.7,12.9,2,20.65,1,0,0,0,0,0,0,0,0,0,0,1
947.4,39.475,23,40.65,0,0,0,0,1,0,0,0,0,0,1,0
357.0,18.789473684210527,18,20.45,1,0,0,0,0,0,0,1,0,0,1,0
1476.25,23.432539682539684,62,24.8,0,0,0,0,1,0,0,1,0,0,1,0
70.8,35.4,1,70.8,1,1,0,1,0,1,1,0,0,1,0,1
1448.6,85.21176470588235,16,89.05,1,1,0,0,1,1,1,0,0,1,0,1
291.9,72.975,3,96.6,1,1,1,1,0,1,1,0,0,1,0,1
5903.15,86.81102941176471,67,88.8,0,0,0,0,1,1,0,0,0,0,0,0
1201.65,19.073809523809526,62,20.05,0,0,0,0,1,1,0,0,1,0,0,0
5921.35,102.09224137931035,57,104.5,1,1,0,1,0,1,1,1,0,0,0,1
146.65,48.88333333333333,2,69.8,1,1,1,1,1,1,1,0,0,1,0,0
1759.4,73.30833333333334,23,77.15,0,0,0,0,0,1,0,1,1,1,1,0
844.45,32.478846153846156,25,35.05,0,0,0,0,0,0,0,0,1,1,1,0
7774.05,106.49383561643836,72,108.1,0,1,0,0,0,1,1,0,1,0,0,0
134.05,44.68333333333334,2,84.05,1,1,1,1,0,1,1,1,0,1,0,0
140.95,15.66111111111111,8,20.2,0,0,0,0,0,1,0,0,0,0,0,0
249.95,41.65833333333333,5,50.6,1,1,0,1,0,1,0,0,0,1,0,1
1701.65,47.268055555555556,35,49.2,1,1,1,1,1,0,0,0,0,1,0,0
592.65,23.706,24,24.6,0,0,1,0,1,0,0,0,0,0,0,0
135.75,45.25,2,71.65,1,1,1,1,0,1,1,1,0,1,1,0
7732.65,105.92671232876712,72,104.9,0,0,0,0,1,1,1,1,1,0,1,0
4282.4,101.96190476190475,41,106.5,1,0,1,0,0,1,1,0,0,0,0,0
219.65,43.93,4,49.35,1,0,1,1,1,0,0,0,0,1,1,1
2018.1,74.74444444444444,26,75.5,0,1,0,1,1,0,1,0,0,0,0,0
669.0,83.625,7,94.25,1,1,1,1,1,1,1,0,0,0,0,1
68.95,34.475,1,68.95,1,1,1,1,0,1,1,1,0,1,0,1
224.85,44.97,4,58.5,1,1,0,0,0,1,0,1,0,0,1,0
3771.5,76.96938775510205,48,78.9,0,1,0,0,1,0,0,0,1,0,0,0
196.75,65.58333333333333,2,93.85,1,1,1,1,1,1,1,0,0,1,0,1
943.85,72.60384615384615,12,79.2,0,0,1,0,0,1,0,1,0,1,0,0
6572.85,107.7516393442623,60,109.45,1,0,0,0,1,1,1,1,0,1,0,0
3175.85,56.71160714285714,55,59.2,0,0,1,0,1,1,0,0,1,1,0,0
29.15,14.575,1,29.15,1,1,0,0,1,0,0,0,0,1,0,0
20.05,10.025,1,20.05,1,0,0,0,1,0,0,0,0,0,0,0
318.9,63.779999999999994,4,76.05,1,1,1,1,1,1,1,0,0,1,0,1
24.45,12.225,1,24.45,1,1,0,1,1,1,0,0,0,1,0,1
2762.75,64.25,42,66.5,0,1,0,0,0,0,0,0,1,1,0,0
49.55,24.775,1,49.55,1,0,0,1,0,0,0,0,0,1,0,0
631.85,78.98125,7,89.35,1,1,0,1,1,1,1,0,0,1,0,1
232.5,58.125,3,73.6,1,1,0,1,1,1,1,0,0,1,0,0
5919.35,81.08698630136986,72,82.65,0,0,0,1,0,1,0,1,1,0,0,0
749.25,46.828125,15,49.0,1,1,1,1,1,1,0,0,0,1,0,0
307.4,61.48,4,80.35,1,1,1,1,1,1,1,1,0,1,0,1
245.15,20.429166666666667,11,25.2,0,0,1,0,0,0,0,0,0,0,0,0
134.75,22.458333333333332,5,25.45,1,0,0,0,0,0,0,0,0,0,0,0
55.8,27.9,1,55.8,1,0,1,1,0,1,0,0,0,1,0,1
8240.85,112.88835616438357,72,110.9,0,0,0,0,1,1,1,1,1,1,0,0
4266.4,76.18571428571428,55,77.75,1,1,0,1,0,1,1,1,0,0,0,0
1077.5,26.28048780487805,40,26.2,1,0,1,0,0,1,0,1,0,0,1,0
1115.6,19.23448275862069,57,19.9,0,0,0,0,0,0,0,1,1,0,0,0
79.05,39.525,1,79.05,1,1,1,1,1,1,1,0,0,1,0,1
95.0,47.5,1,95.0,1,0,1,1,1,1,1,1,0,1,0,1
25.2,12.6,1,25.2,1,1,0,1,0,0,0,0,0,1,0,1
4079.55,76.97264150943397,52,80.85,0,1,1,1,1,1,0,1,0,0,1,0
4187.75,99.70833333333333,41,98.4,1,1,1,1,1,1,1,0,0,1,0,1
2391.15,54.34431818181818,43,56.35,0,1,0,1,1,1,0,1,0,1,0,0
890.5,18.552083333333332,47,19.3,0,0,0,0,0,0,0,1,1,0,1,0
137.25,34.3125,3,50.4,1,1,0,1,1,0,0,0,0,1,0,0
5154.6,76.93432835820896,66,79.4,0,0,0,0,1,0,0,1,1,0,1,1
3119.9,55.7125,55,55.25,0,1,0,0,1,1,0,1,1,1,1,0
529.5,17.65,29,19.1,0,0,0,0,1,0,0,0,0,0,0,0
966.55,74.35,12,84.05,1,1,1,1,0,1,1,0,0,1,1,0
6936.85,103.53507462686568,66,105.2,1,1,1,1,0,1,1,1,0,0,0,0
3496.3,97.11944444444445,35,101.4,1,1,1,1,1,1,1,0,0,1,0,1
914.3,83.11818181818181,10,89.8,1,1,1,1,1,1,1,1,0,1,0,1
1929.0,68.89285714285714,27,75.75,1,1,0,1,1,1,1,1,0,1,1,0
5817.7,98.60508474576271,58,95.3,1,1,1,0,0,1,1,0,0,1,0,0
6110.2,111.09454545454545,54,109.75,0,0,0,0,1,0,1,1,1,0,0,1
178.8,17.880000000000003,9,19.85,1,0,0,0,1,0,0,0,0,0,0,0
28.3,9.433333333333334,2,19.3,0,0,0,0,1,0,0,0,0,0,0,1
435.0,62.142857142857146,6,69.1,1,1,1,1,1,1,1,0,0,1,0,0
2351.8,87.10370370370372,26,91.25,1,1,1,1,0,1,1,0,0,1,0,1
186.15,18.615000000000002,9,20.25,1,0,0,0,0,0,0,0,0,0,0,0
445.85,49.53888888888889,8,54.75,1,1,0,1,1,1,0,1,0,0,0,0
912.0,70.15384615384616,12,81.45,1,1,1,1,1,1,1,0,0,1,0,0
679.55,42.471875,15,49.1,1,1,1,1,0,1,0,0,0,1,0,1
3581.6,81.39999999999999,43,80.2,0,0,1,1,1,1,0,1,0,1,0,0
4222.95,98.20813953488371,42,100.3,1,1,1,0,1,1,1,0,0,1,0,0
1994.3,62.321875,31,65.25,1,0,0,0,0,0,0,0,0,1,0,1
5930.05,88.50820895522388,66,90.95,0,0,0,0,0,1,1,0,1,1,1,0
1505.85,79.25526315789473,18,85.45,1,1,1,0,0,1,1,0,0,0,0,1
20.0,10.0,1,20.0,1,0,0,0,1,0,0,0,0,0,0,0
5638.3,90.94032258064516,61,94.1,0,1,1,0,1,1,1,1,1,0,0,1
797.25,72.47727272727273,10,79.85,1,1,1,1,1,0,1,0,0,0,0,0
71.65,35.825,1,71.65,1,1,1,1,1,1,1,0,0,1,0,1
1359.45,71.55,18,73.55,1,1,1,1,0,1,1,0,0,0,0,0
2542.45,101.698,24,104.65,1,1,1,1,1,1,1,1,0,0,0,1
54.7,13.675,3,19.3,1,0,0,0,0,0,0,1,0,0,1,0
989.05,19.39313725490196,50,20.15,0,0,0,0,1,0,0,0,0,0,0,0
44.55,22.275,1,44.55,1,1,1,1,1,0,0,1,0,1,1,0
87.3,29.099999999999998,2,54.45,1,0,0,0,1,1,0,0,0,1,0,0
351.55,19.530555555555555,17,19.65,0,0,0,0,1,1,0,0,0,0,0,0
7297.75,104.25357142857143,69,105.0,0,1,1,1,1,1,1,1,1,0,1,0
6301.7,86.32465753424657,72,88.7,0,0,0,0,1,1,0,1,1,0,0,0
210.3,52.575,3,74.25,1,1,1,1,0,1,1,0,0,1,0,1
3822.45,74.95,50,75.15,0,0,0,1,1,1,0,1,1,0,1,0
1048.45,19.41574074074074,53,20.25,0,0,0,0,0,0,0,0,1,0,0,0
6393.65,108.36694915254236,58,109.1,0,0,0,0,0,1,1,1,1,0,0,0
1489.3,31.68723404255319,46,30.75,0,0,0,1,1,1,0,0,0,1,0,0
8061.5,110.43150684931507,72,112.9,1,0,0,0,1,1,1,1,0,0,0,0
74.2,37.1,1,74.2,1,1,1,1,0,1,1,0,0,1,0,1
518.75,74.10714285714286,6,94.05,1,1,0,1,0,1,1,1,0,0,1,0
5763.15,78.9472602739726,72,78.85,0,0,0,0,1,0,0,1,1,0,0,0
238.5,47.7,4,55.3,1,1,0,1,1,1,0,0,0,1,0,0
1031.7,19.466037735849056,52,19.35,0,0,0,0,0,0,0,1,1,0,1,0
1397.475,1397.475,0,25.35,0,0,0,0,1,0,0,1,1,0,1,0
34.8,11.6,2,20.45,0,0,0,0,0,0,0,0,0,0,0,0
1319.95,19.999242424242425,65,19.35,0,0,0,0,0,0,0,1,1,0,0,0
4388.4,99.73636363636363,43,101.0,1,1,1,1,1,1,1,1,0,0,0,1
420.2,84.03999999999999,4,100.2,1,1,1,1,1,1,1,1,0,0,0,1
2177.45,83.74807692307692,25,89.05,0,0,1,1,1,1,1,1,0,1,0,1
3950.85,75.97788461538461,51,78.65,0,1,0,0,0,1,0,1,0,0,0,0
827.05,63.61923076923077,12,74.75,1,1,0,1,1,0,0,0,0,1,0,0
3913.3,67.47068965517242,57,70.1,0,0,0,1,0,1,0,1,0,1,1,1
533.5,21.34,24,19.9,0,0,0,0,0,0,0,1,0,0,1,0
3756.45,57.79153846153846,64,58.35,0,1,0,0,0,0,0,1,0,1,0,0
443.9,88.78,4,105.65,0,1,1,0,0,1,1,0,0,0,0,1
2599.95,96.29444444444444,26,100.5,1,1,0,1,0,1,1,0,0,1,0,0
284.3,17.76875,15,20.05,1,0,0,0,0,0,0,1,0,0,1,0
1740.8,26.78153846153846,64,25.65,0,0,0,0,1,0,0,1,1,0,0,0
3436.1,92.86756756756756,36,96.5,1,1,1,1,1,1,1,1,0,0,0,1
2462.55,87.94821428571429,27,95.0,1,1,0,1,0,0,1,1,0,1,0,0
70.85,35.425,1,70.85,1,1,0,1,1,0,1,1,0,1,0,1
3110.1,86.39166666666667,35,85.95,0,0,0,0,0,1,0,0,0,1,0,1
280.85,56.17,4,73.9,1,1,1,1,1,1,1,0,0,1,0,1
411.75,45.75,8,45.45,1,1,1,1,0,1,0,1,0,1,1,0
198.6,18.054545454545455,10,20.0,1,0,0,0,1,1,0,0,0,0,0,0
103.7,34.56666666666667,2,49.2,1,1,0,1,0,0,0,0,0,0,0,0
6144.55,104.14491525423729,58,109.45,0,0,0,1,0,1,1,1,1,0,0,1
4089.45,78.64326923076922,51,83.25,0,0,0,0,1,1,0,1,1,0,0,0
864.2,18.387234042553192,46,19.25,0,0,0,0,0,1,0,1,1,0,1,0
19.65,9.825,1,19.65,1,0,0,0,1,1,0,0,0,0,0,0
3249.4,69.13617021276596,46,72.8,1,1,0,1,1,0,1,0,0,1,0,0
5405.8,105.99607843137255,50,109.65,1,0,0,0,0,1,1,1,0,0,0,0
3363.8,62.2925925925926,53,65.0,1,1,0,0,1,0,0,1,0,0,1,0
7132.15,115.03467741935484,61,114.1,1,1,1,0,1,1,1,1,0,0,0,0
93.55,15.591666666666667,5,20.65,1,0,0,0,1,0,0,0,0,0,0,0
4138.9,86.22708333333333,47,86.95,0,0,0,0,1,1,0,0,0,0,0,0
5121.75,93.12272727272727,54,94.75,0,1,0,1,0,1,1,0,0,0,0,0
566.1,28.305,19,25.35,1,1,0,1,1,1,0,0,0,1,1,0
2715.3,100.56666666666668,26,105.45,0,1,1,0,0,1,1,0,1,0,1,0
1782.05,25.099295774647885,70,25.4,0,0,0,0,1,0,0,1,1,0,1,0
1742.5,96.80555555555556,17,102.55,1,1,1,1,1,1,1,1,0,0,0,0
2983.8,96.25161290322582,30,100.2,1,1,1,1,0,1,1,0,0,0,0,1
24.0,12.0,1,24.0,1,0,0,0,0,0,0,0,0,0,1,0
485.9,24.294999999999998,19,25.6,0,0,0,0,0,0,0,1,1,0,1,0
1905.7,70.58148148148149,26,73.5,0,1,0,1,0,1,0,1,1,0,0,0
1565.7,71.16818181818182,21,74.05,1,1,0,1,0,1,1,1,0,0,1,1
4858.7,95.26862745098039,50,98.25,0,1,1,1,1,1,1,1,0,0,0,0
3723.65,53.96594202898551,68,54.4,0,0,1,1,0,1,0,1,0,1,0,0
298.35,74.5875,3,101.55,1,1,0,1,1,1,1,0,0,1,0,1
970.45,97.045,9,103.1,1,1,1,0,1,0,1,1,0,1,1,0
1782.0,34.26923076923077,51,34.2,0,0,0,0,0,0,0,1,1,1,1,0
405.7,40.57,9,43.75,1,1,1,1,0,1,0,0,0,1,0,0
4534.9,107.97380952380952,41,111.95,0,1,1,0,1,1,1,1,0,0,1,1
2415.95,105.04130434782608,22,100.65,1,1,1,1,1,1,1,0,0,0,0,0
1157.05,52.59318181818182,21,55.95,0,0,1,1,0,1,0,1,0,1,1,1
8297.5,115.24305555555556,71,116.05,0,0,0,0,1,1,1,1,1,0,1,0
45.75,22.875,1,45.75,1,1,1,1,1,0,0,0,0,1,0,1
2083.1,77.15185185185184,26,82.0,0,1,0,0,1,1,0,1,0,1,1,0
4681.75,65.02430555555556,71,65.15,0,0,0,0,1,0,0,1,1,0,0,0
176.2,35.239999999999995,4,44.8,1,1,0,1,1,1,0,0,0,1,0,0
1001.2,77.01538461538462,12,79.8,1,0,1,1,0,1,1,0,0,1,0,0
1594.75,83.9342105263158,18,88.85,1,1,1,0,0,1,1,1,0,1,0,0
212.4,53.1,3,74.95,1,1,1,1,0,1,1,0,0,1,0,0
7677.4,105.16986301369863,72,106.85,0,0,0,1,0,1,1,1,0,0,0,0
815.5,67.95833333333333,11,74.95,1,1,1,1,1,0,1,0,0,0,0,1
80.15,40.075,1,80.15,1,1,0,1,0,0,1,0,0,1,0,1
259.65,18.54642857142857,13,19.3,0,0,0,0,1,0,0,0,0,0,0,0
8109.8,111.09315068493152,72,109.25,0,1,1,0,0,1,1,1,0,0,0,1
2386.85,55.50813953488372,42,56.1,0,0,0,1,1,0,0,1,0,1,0,0
340.35,18.908333333333335,17,19.7,1,0,0,0,0,0,0,0,0,0,0,0
419.35,52.41875,7,51.3,1,1,0,1,0,1,0,0,0,0,0,0
7990.05,115.79782608695652,68,118.6,0,0,0,0,0,0,1,1,1,0,0,0
1402.25,24.600877192982455,56,24.15,0,0,0,0,1,0,0,1,1,0,1,0
749.35,19.214102564102564,38,20.3,0,0,0,0,0,0,0,1,0,0,1,0
8425.15,115.41301369863014,72,115.5,0,0,1,0,0,1,1,1,1,0,1,0
1171.5,23.908163265306122,48,25.05,0,0,0,0,0,0,0,0,0,0,0,0
5647.95,106.56509433962263,52,109.1,1,0,1,1,0,1,1,1,0,0,0,0
708.8,19.688888888888886,35,19.65,0,0,0,0,0,0,0,1,0,0,1,0
7567.2,111.28235294117647,67,111.3,0,1,0,0,1,1,1,1,1,0,0,0
29.9,14.95,1,29.9,1,0,0,1,0,0,0,0,0,1,0,0
4348.1,80.52037037037037,53,80.6,1,1,0,0,1,1,1,0,0,0,0,0
635.9,18.16857142857143,34,20.8,1,0,0,0,1,0,0,1,0,0,1,0
108.95,27.2375,3,35.2,1,1,0,1,0,0,0,0,0,1,0,1
78.8,39.4,1,78.8,1,1,1,1,0,0,1,1,0,1,0,1
1682.4,84.12,19,89.95,1,1,0,0,1,0,1,0,0,1,0,0
6925.9,113.53934426229507,60,116.05,0,0,0,0,0,1,1,1,1,0,0,0
223.15,18.595833333333335,11,19.55,0,0,0,0,1,0,0,0,1,0,0,0
5127.95,106.83229166666666,47,106.4,1,1,1,1,0,1,1,0,0,0,0,1
874.8,46.04210526315789,18,49.4,1,0,1,1,1,0,0,0,0,1,0,1
6758.45,110.79426229508196,60,115.25,0,0,0,0,0,0,1,1,1,0,1,0
1874.3,25.675342465753424,72,24.8,0,0,0,0,1,0,0,1,1,0,0,0
791.15,19.77875,39,19.9,0,0,0,0,1,0,0,0,0,0,0,0
4639.45,77.32416666666667,59,81.25,0,0,0,1,0,1,1,1,0,1,0,0
143.9,47.96666666666667,2,69.95,1,1,0,1,1,0,1,1,0,1,1,0
69.1,34.55,1,69.1,1,1,1,1,1,0,1,0,0,1,0,1
1776.55,84.59761904761905,20,90.2,1,1,1,1,1,1,1,1,0,1,1,1
536.4,76.62857142857142,6,93.55,1,1,0,1,0,1,1,0,0,1,0,1
6172.0,85.72222222222223,71,86.4,0,1,0,0,1,1,1,0,1,1,0,0
1559.45,62.378,24,66.3,1,0,0,1,0,0,0,1,0,0,0,0
6079.0,89.3970588235294,67,94.65,1,1,0,1,1,1,1,1,0,1,0,0
80.85,40.425,1,80.85,1,1,0,1,1,1,1,0,0,1,0,1
4029.95,82.2438775510204,48,82.05,0,1,0,1,0,1,1,1,0,1,1,1
2658.4,69.9578947368421,37,72.1,0,1,0,0,0,0,0,1,0,0,0,0
383.55,31.962500000000002,11,34.7,1,1,0,1,1,0,0,0,0,0,0,0
51.15,12.7875,3,20.55,1,0,0,0,1,1,0,1,0,0,0,1
1745.5,91.86842105263158,18,95.95,1,1,0,1,0,1,1,1,0,1,0,0
2230.85,43.7421568627451,50,44.8,0,1,0,1,1,1,0,1,0,1,1,0
7281.6,107.08235294117648,67,109.4,0,0,1,0,0,1,1,1,0,1,1,0
1837.7,70.68076923076923,25,71.05,1,0,0,0,0,1,0,1,0,0,0,0
149.55,49.85,2,78.55,1,1,1,1,0,1,1,0,0,1,0,1
180.7,18.07,9,19.7,1,0,0,0,1,0,0,0,0,0,0,0
411.45,37.404545454545456,10,40.25,0,0,0,0,0,0,0,0,0,0,1,0
1328.35,18.709154929577462,70,19.85,0,0,0,0,0,0,0,1,1,0,0,0
576.95,57.69500000000001,9,68.25,1,0,0,0,1,1,0,0,0,1,0,0
68.45,13.690000000000001,4,20.15,1,0,0,0,0,1,0,0,0,0,0,0
123.05,41.016666666666666,2,50.95,1,0,0,1,0,0,0,0,0,1,0,0
78.65,39.325,1,78.65,1,1,1,1,0,0,1,0,0,1,1,1
468.35,23.4175,19,25.15,1,1,0,1,1,1,0,0,0,1,0,0
174.7,21.8375,7,20.25,1,0,0,0,1,1,0,1,0,0,1,0
42.9,21.45,1,42.9,1,1,1,1,1,1,0,0,0,1,0,1
44.0,22.0,1,44.0,1,1,1,1,1,0,0,0,0,1,0,0
172.35,17.235,9,20.25,0,0,0,0,0,0,0,1,0,0,1,0
139.35,34.8375,3,34.25,1,0,0,0,0,0,0,0,0,1,0,1
539.85,53.985,9,58.5,1,0,0,0,0,0,0,0,0,1,0,1
300.4,50.06666666666666,5,55.8,1,0,0,1,0,0,0,0,0,1,0,0
4968.0,87.15789473684211,56,88.9,0,1,0,1,0,0,1,1,0,1,1,0
992.7,52.247368421052634,18,57.65,1,0,0,1,0,0,0,0,0,1,1,0
4718.25,94.365,49,96.2,1,1,1,1,1,1,1,0,0,1,0,1
5536.5,77.97887323943662,70,79.15,0,0,0,0,1,0,0,1,1,0,0,0
7806.6,106.93972602739727,72,108.05,0,1,0,0,0,1,1,0,1,0,0,0
434.1,62.01428571428572,6,74.4,1,1,1,1,0,0,1,0,0,1,0,1
1563.9,86.88333333333334,17,94.8,1,1,1,1,1,1,1,1,0,1,0,0
1332.4,44.413333333333334,29,45.9,1,1,1,1,1,1,0,1,0,1,0,0
545.2,77.88571428571429,6,105.3,1,1,1,1,0,1,1,1,0,0,0,1
6296.75,98.38671875,63,102.6,0,1,1,1,1,0,1,1,1,1,0,0
1284.2,75.54117647058824,16,73.85,1,1,0,1,1,1,1,1,0,1,0,1
3645.5,60.75833333333333,59,61.35,0,1,0,1,1,1,0,0,0,1,0,0
161.45,40.3625,3,57.55,1,1,1,1,0,0,0,0,0,1,0,0
226.95,25.216666666666665,8,29.25,1,1,0,1,0,1,0,0,0,0,0,0
646.85,80.85625,7,84.55,1,1,1,1,0,1,1,1,0,1,0,1
1441.65,20.893478260869568,68,19.6,0,0,0,0,0,0,0,0,1,0,0,0
7511.3,108.85942028985508,68,111.75,0,0,0,0,0,0,1,1,1,1,1,0
5621.85,106.07264150943396,52,106.5,0,1,1,1,0,1,1,1,0,0,0,0
7919.8,108.4904109589041,72,107.7,0,0,0,0,1,1,1,1,1,0,1,0
593.2,17.975757575757576,32,19.3,0,0,0,0,0,0,0,1,0,0,0,0
1423.65,19.50205479452055,72,20.05,0,0,0,0,0,0,0,1,1,0,0,0
69.95,34.975,1,69.95,1,1,0,1,1,1,1,1,0,1,1,0
2763.35,64.2639534883721,42,63.7,0,0,0,0,1,0,0,1,0,1,1,0
692.1,26.61923076923077,25,24.75,0,0,0,0,0,0,0,0,1,0,0,1
2298.55,49.96847826086957,45,50.9,1,0,0,1,1,1,0,0,0,1,0,0
2640.55,60.0125,43,60.4,0,0,0,0,0,1,0,1,0,1,1,0
2911.8,76.6263157894737,37,79.25,0,0,0,1,1,0,0,1,0,1,0,0
1727.5,82.26190476190476,20,85.8,1,1,0,1,0,1,1,0,0,1,0,1
86.6,17.32,4,24.45,1,1,1,1,0,1,0,0,0,1,0,1
6705.7,104.7765625,63,110.1,0,0,0,0,1,1,1,1,1,0,0,0
237.65,59.4125,3,90.7,1,1,0,1,1,0,1,0,0,1,0,0
1672.35,24.96044776119403,66,25.3,0,0,0,0,1,1,0,1,1,0,1,0
2979.5,102.74137931034483,28,105.7,1,1,1,1,1,1,1,0,0,0,0,1
695.75,77.30555555555556,8,85.2,1,1,1,1,0,0,1,0,0,1,0,0
1654.6,22.980555555555554,71,24.35,0,0,0,0,1,0,0,0,1,0,1,0
24.25,12.125,1,24.25,1,1,1,1,1,1,0,0,0,1,0,1
1857.85,25.45,72,25.1,0,0,0,0,0,0,0,1,1,0,1,0
825.1,48.53529411764706,16,54.55,1,0,0,1,1,1,0,1,0,0,0,0
6424.25,95.88432835820896,66,96.6,0,0,0,0,1,0,1,1,1,0,0,0
837.95,69.82916666666667,11,76.5,1,1,1,1,0,1,1,0,0,1,0,1
4126.2,79.35,51,81.15,0,0,0,0,1,1,0,0,0,0,0,0
330.8,36.75555555555556,8,38.5,1,0,1,1,0,1,0,0,0,1,1,0
1337.45,89.16333333333334,14,92.9,1,1,1,1,1,1,1,0,0,1,0,0
362.2,72.44,4,93.5,1,1,1,0,0,1,1,0,0,0,0,1
5991.05,84.38098591549296,70,84.7,0,0,0,1,0,0,0,0,1,0,0,0
4891.5,68.8943661971831,70,66.0,0,0,1,0,0,0,0,0,1,0,1,0
5373.1,97.69272727272728,54,101.5,0,1,0,1,0,1,1,1,0,0,0,1
2068.55,71.32931034482759,28,74.9,1,0,0,1,1,1,1,0,0,1,1,1
487.05,19.482,24,20.75,0,0,0,0,1,0,0,0,1,0,0,0
4131.2,59.01714285714286,69,61.45,0,1,0,1,0,1,0,1,1,0,0,0
2301.15,53.51511627906977,42,54.5,1,0,0,1,1,0,0,1,0,0,1,0
131.65,43.88333333333333,2,69.6,1,1,1,1,0,1,1,0,0,1,0,1
4036.0,100.9,39,99.75,1,1,1,1,0,1,1,0,0,1,0,0
4900.65,106.53586956521738,45,109.75,0,1,0,0,1,1,1,1,1,0,1,0
5727.45,78.45821917808219,72,80.85,0,0,0,0,1,1,0,1,1,0,1,0
743.05,19.0525641025641,38,20.3,0,0,0,0,0,0,0,0,1,0,0,0
4804.65,65.81712328767122,72,67.8,0,0,0,0,1,1,0,1,1,0,0,0
24.05,12.025,1,24.05,1,0,0,0,1,1,0,0,0,0,0,1
1414.65,19.378767123287673,72,19.8,0,0,0,0,1,1,0,1,1,0,1,0
1443.65,25.779464285714287,55,25.7,0,0,0,0,1,0,0,1,1,0,0,0
2898.95,55.74903846153846,51,56.15,0,1,1,0,0,1,0,1,0,1,1,0
5309.5,82.9609375,63,86.7,0,0,0,0,1,1,0,0,1,0,0,0
20.4,10.2,1,20.4,1,0,0,0,0,0,0,0,0,0,0,0
451.55,18.814583333333335,23,19.65,0,0,0,0,0,1,0,1,1,0,1,0
50.55,25.275,1,50.55,1,1,1,1,0,0,0,0,0,0,0,1
117.05,39.016666666666666,2,54.35,1,1,0,0,0,1,0,0,0,1,0,0
5839.3,110.17547169811321,52,108.1,1,0,0,1,0,0,1,0,0,0,0,0
1893.5,51.17567567567568,36,54.45,0,0,0,1,0,0,0,0,0,1,0,0
45.35,22.675,1,45.35,1,1,0,1,0,0,0,0,0,1,0,0
1654.45,57.050000000000004,28,59.0,0,0,0,1,0,0,0,0,0,1,0,0
477.05,59.63125,7,69.45,0,0,1,1,0,0,0,1,0,0,1,0
1415.55,94.36999999999999,14,100.55,1,1,1,1,1,1,1,0,0,0,0,1
4546.0,62.273972602739725,72,64.95,0,0,0,0,1,1,0,1,1,0,0,0
20.5,10.25,1,20.5,1,0,0,0,0,1,0,1,0,0,1,1
163.2,14.836363636363636,10,18.85,1,0,0,0,0,0,0,0,0,0,0,0
849.9,19.765116279069765,42,19.8,0,0,0,0,1,0,0,0,0,0,0,0
189.95,23.74375,7,25.05,1,1,0,1,0,0,0,0,0,1,0,0
321.9,64.38,4,74.8,1,1,0,1,1,1,1,0,0,1,0,1
8058.55,110.39109589041097,72,114.3,0,0,0,0,1,1,1,1,1,0,1,0
482.8,22.99047619047619,20,24.45,1,1,1,1,0,1,0,1,0,1,0,1
7049.75,110.15234375,63,109.2,0,0,0,0,1,0,1,0,1,0,0,0
2560.1,44.9140350877193,56,45.05,0,0,0,0,0,0,0,0,1,0,0,0
286.8,47.800000000000004,5,51.0,1,1,0,0,0,1,0,0,0,1,1,0
7982.5,109.34931506849315,72,110.45,0,1,0,0,0,1,1,1,1,0,0,0
5683.6,82.37101449275363,68,84.65,1,1,1,1,1,1,1,1,0,0,1,0
3994.05,58.73602941176471,67,60.05,0,0,0,0,1,0,0,1,0,0,1,0
369.15,41.016666666666666,8,44.65,1,1,0,1,1,0,0,1,0,1,1,0
4631.7,87.39056603773585,52,93.25,1,1,0,0,1,1,1,1,0,0,1,0
401.95,21.155263157894737,18,20.25,1,0,0,0,0,1,0,1,0,0,1,0
1534.05,25.5675,59,25.45,0,0,0,0,0,0,0,1,1,0,1,0
1093.0,17.918032786885245,60,20.6,0,0,0,0,0,0,0,0,1,0,0,0
701.3,87.6625,7,94.1,1,1,1,1,1,1,1,0,0,1,0,0
1980.3,33.005,59,34.8,0,0,0,1,1,0,0,1,0,1,1,0
2893.4,61.56170212765958,46,60.75,0,0,0,0,1,1,0,0,1,1,0,0
262.3,43.71666666666667,5,51.35,1,1,1,1,1,1,0,0,0,0,0,0
3886.85,64.78083333333333,59,64.05,0,0,0,0,1,1,0,1,1,1,0,0
5917.55,83.34577464788732,70,84.8,0,1,0,0,0,1,0,1,1,0,0,0
914.0,60.93333333333333,14,71.0,1,1,0,1,0,1,1,0,0,1,0,1
2139.1,47.535555555555554,44,50.15,1,1,0,1,0,1,0,0,0,1,0,0
5948.7,91.51846153846154,64,94.6,0,0,0,1,0,1,1,1,1,1,0,0
3624.35,61.429661016949154,58,59.75,0,0,0,0,0,0,0,1,1,1,1,0
4753.85,101.14574468085107,46,100.25,0,1,1,0,0,0,1,1,0,1,0,0
5780.7,97.97796610169492,58,98.9,1,1,1,1,1,1,1,1,0,0,0,0
6869.7,94.1054794520548,72,97.7,0,1,0,1,0,1,1,1,1,0,0,0
1172.95,37.83709677419355,30,40.3,1,1,1,1,0,1,0,0,0,1,0,1
662.95,55.24583333333334,11,60.25,1,0,0,1,1,0,0,0,0,0,0,0
1765.95,50.455714285714286,34,56.25,1,1,1,1,0,1,0,0,0,0,0,0
2431.95,44.21727272727272,54,46.2,0,0,0,1,1,0,0,0,1,0,0,0
155.35,38.8375,3,50.6,1,1,1,1,0,1,0,0,0,0,0,1
1859.2,25.46849315068493,72,24.9,0,0,0,0,0,0,0,1,1,0,1,0
3303.05,80.56219512195122,40,84.85,1,1,1,0,0,1,1,1,0,1,1,1
134.35,44.78333333333333,2,65.7,1,1,0,1,0,0,0,1,0,1,1,1
3409.1,61.983636363636364,54,63.35,0,1,0,1,1,0,0,1,1,1,1,0
709.5,47.3,14,50.1,1,0,0,1,0,0,0,0,0,1,0,0
70.5,35.25,1,70.5,1,1,1,1,0,0,1,0,0,1,0,1
953.45,86.67727272727274,10,94.85,1,1,1,1,0,1,1,0,0,0,0,1
50.15,25.075,1,50.15,1,0,1,1,0,0,0,0,0,1,0,0
19.75,9.875,1,19.75,1,0,0,0,1,0,0,0,0,0,0,1
3665.55,64.30789473684212,56,64.65,0,0,0,0,1,1,0,0,0,0,0,0
5515.8,79.93913043478261,68,79.6,0,0,0,0,0,1,0,1,1,0,0,0
272.0,18.133333333333333,14,19.5,0,0,0,0,0,1,0,1,0,0,1,0
6668.0,96.6376811594203,68,99.55,0,0,1,0,1,1,1,1,1,1,1,0
4052.4,72.36428571428571,55,74.0,1,1,1,1,1,1,1,1,0,1,0,0
664.4,39.08235294117647,16,38.9,1,0,1,1,0,1,0,0,0,1,0,0
718.55,71.85499999999999,9,79.55,1,1,1,1,1,1,1,0,0,1,0,0
937.6,62.50666666666667,14,65.45,1,0,1,1,1,1,0,1,0,0,1,1
5812.6,98.51864406779661,58,98.7,1,1,1,1,1,1,1,1,0,1,0,1
2546.85,47.163888888888884,53,46.3,1,0,0,1,1,1,0,0,0,0,0,0
6944.5,97.80985915492958,70,99.35,0,0,0,1,1,1,1,1,1,0,0,0
1346.3,89.75333333333333,14,95.8,1,1,1,1,0,1,1,1,0,1,1,0
1544.05,67.13260869565217,22,67.5,0,0,0,0,1,1,0,1,0,1,1,1
765.15,69.55909090909091,10,78.15,1,0,0,1,0,1,1,1,0,1,0,0
692.55,23.084999999999997,29,26.1,0,0,0,0,0,0,0,1,1,0,1,0
69.6,34.8,1,69.6,1,1,1,1,0,1,1,0,0,1,0,1
4059.35,81.187,49,84.35,0,0,1,0,1,0,0,1,0,1,0,1
6851.65,99.29927536231884,68,100.2,1,1,1,1,0,1,1,1,0,0,0,1
78.05,39.025,1,78.05,1,1,1,1,0,0,1,0,0,1,0,1
1187.05,38.291935483870965,30,40.35,0,1,0,0,0,1,0,0,0,1,0,0
5401.9,73.99863013698629,72,79.2,0,0,0,0,0,0,0,1,1,0,0,0
247.0,22.454545454545453,10,20.9,1,0,0,0,0,1,0,0,0,0,0,0
520.0,65.0,7,73.6,1,1,1,1,1,0,1,0,0,1,0,1
706.6,70.66,9,74.75,1,1,1,1,0,1,1,0,0,1,0,1
49.9,24.95,1,49.9,1,0,0,1,0,0,0,0,0,1,1,0
1370.35,65.2547619047619,20,68.9,1,1,0,0,0,1,0,0,0,0,0,0
20.25,10.125,1,20.25,1,0,0,0,0,1,0,0,0,0,0,0
2215.25,73.84166666666667,29,76.0,1,1,0,1,0,1,1,0,0,1,0,0
74.0,37.0,1,74.0,1,1,1,0,1,0,1,0,0,1,0,0
214.4,53.6,3,82.3,1,0,0,0,1,1,1,0,0,1,0,0
1871.15,89.10238095238095,20,89.4,1,0,0,1,0,1,1,0,0,1,0,0
6171.2,94.94153846153846,64,99.15,1,1,0,0,1,1,1,0,0,0,1,0
20.2,10.1,1,20.2,1,0,0,0,1,1,0,0,0,0,0,1
161.45,23.064285714285713,6,29.45,1,0,0,1,0,0,0,0,0,1,0,0
1013.2,19.866666666666667,50,19.8,0,0,1,0,1,0,0,1,1,0,0,0
336.7,48.1,6,59.15,1,0,0,1,1,1,0,0,0,1,0,0
333.65,41.70625,7,44.75,1,1,1,1,1,0,0,1,0,1,1,0
6511.8,89.2027397260274,72,90.8,0,1,0,1,1,1,1,1,1,1,1,0
393.45,43.71666666666667,8,49.55,1,1,0,1,1,1,0,1,0,0,0,0
7009.5,103.08088235294117,67,106.7,0,0,0,0,0,0,1,1,1,1,1,0
2264.05,90.56200000000001,24,93.55,1,1,1,1,0,1,1,1,0,1,0,1
6921.7,94.81780821917808,72,94.45,0,0,0,1,0,1,1,1,1,0,0,0
600.25,17.654411764705884,33,19.45,0,0,0,0,1,1,0,1,0,0,1,0
56.35,18.783333333333335,2,25.05,1,1,1,1,1,1,0,0,0,1,0,1
4664.15,65.69225352112676,70,67.95,0,0,0,0,1,0,0,1,1,0,0,0
1441.8,62.68695652173913,22,65.25,0,1,0,1,0,0,0,0,0,0,0,0
5623.7,93.72833333333332,59,99.45,1,0,0,1,0,1,1,0,0,0,0,0
695.85,18.80675675675676,36,20.35,0,0,0,0,1,1,0,0,0,0,0,0
1028.75,19.783653846153847,51,19.95,0,0,0,0,0,0,0,1,1,0,1,0
4155.95,76.96203703703704,53,77.4,0,0,0,0,1,0,0,1,0,1,0,0
395.6,18.83809523809524,20,19.7,0,0,0,0,0,0,0,1,0,0,1,0
6330.4,98.9125,63,99.7,0,0,0,1,1,0,1,1,1,1,0,0
2971.7,72.48048780487804,40,74.8,1,1,0,1,0,0,1,0,0,0,0,0
638.0,17.72222222222222,35,19.15,0,0,0,0,1,1,0,0,0,0,0,0
2034.25,75.3425925925926,26,78.95,0,1,0,1,1,0,1,1,0,1,1,0
2510.2,89.64999999999999,27,95.55,1,1,1,1,1,1,1,1,0,0,0,1
3419.5,63.324074074074076,53,62.85,0,0,0,0,1,0,0,0,0,0,1,0
2427.35,69.35285714285715,34,71.55,1,1,0,1,1,0,1,1,0,1,0,0
1760.25,88.0125,19,94.95,1,1,1,1,0,1,1,1,0,1,0,0
3551.65,80.71931818181818,43,86.1,1,0,0,1,1,1,1,1,0,0,0,0
122.9,17.557142857142857,6,19.55,1,0,0,0,1,0,0,1,0,0,1,0
1424.2,24.985964912280703,56,24.8,0,0,0,0,1,1,0,0,1,0,1,0
2111.45,36.404310344827586,57,39.3,1,1,1,1,1,1,0,0,0,0,0,1
2909.95,83.14142857142856,34,84.05,1,1,0,1,1,1,1,1,0,1,1,0
374.0,34.0,10,36.25,1,1,1,0,0,0,0,0,0,0,0,0
20.25,10.125,1,20.25,1,0,0,0,0,1,0,0,0,0,0,1
300.8,21.485714285714288,13,23.9,1,1,1,1,0,1,0,0,0,1,0,1
5581.05,97.91315789473684,56,98.6,1,1,1,1,1,0,1,0,0,0,0,0
5676.65,101.36874999999999,55,103.65,1,1,0,1,0,1,1,1,0,0,0,0
3379.25,91.33108108108108,36,92.9,0,0,0,0,0,1,0,1,1,0,1,0
942.95,19.644791666666666,47,19.9,0,0,0,0,1,0,0,1,0,0,0,0
232.4,17.876923076923077,12,20.1,1,0,0,0,0,1,0,1,0,0,1,0
85.45,42.725,1,85.45,1,1,1,1,0,1,1,0,0,1,0,1
2088.45,83.538,24,80.5,1,1,1,1,1,1,1,0,0,0,0,0
6137.0,95.890625,63,99.9,0,1,0,1,0,0,1,0,0,0,0,1
1434.6,39.849999999999994,35,39.85,1,1,1,1,0,1,0,0,0,1,0,0
3870.0,56.911764705882355,67,60.5,0,0,0,0,0,0,0,0,0,0,0,0
2043.45,78.59423076923078,25,84.8,1,1,1,1,1,1,1,0,0,1,0,1
2215.0,100.68181818181819,21,103.85,1,0,0,1,1,0,1,0,0,1,0,0
842.25,60.160714285714285,13,67.8,1,0,0,0,0,0,0,0,0,0,0,0
2576.2,71.5611111111111,35,75.2,1,1,1,1,1,1,1,1,0,1,0,1
1901.0,26.40277777777778,71,24.85,0,0,0,0,1,0,0,1,1,0,0,0
601.6,20.053333333333335,29,19.35,1,0,0,0,0,0,0,0,0,0,0,0
3515.25,48.822916666666664,71,49.35,0,1,1,1,1,0,0,1,1,0,0,1
605.45,75.68125,7,89.0,1,1,1,1,1,1,1,1,0,1,0,0
3094.05,53.345689655172414,57,55.0,1,1,1,1,0,1,0,0,0,0,0,0
4929.55,74.69015151515151,65,76.15,0,0,0,0,1,0,0,1,1,1,0,0
595.05,21.251785714285713,27,20.3,0,0,0,0,1,0,0,0,0,0,0,0
469.8,67.11428571428571,6,74.9,1,1,1,1,1,1,1,0,0,1,0,1
8436.25,115.56506849315069,72,117.35,0,0,0,0,0,1,1,0,1,0,0,0
19.75,9.875,1,19.75,1,0,0,0,1,1,0,0,0,0,0,0
492.0,41.0,11,45.2,1,1,0,1,1,0,0,0,0,1,0,0
987.95,24.69875,39,25.2,0,0,0,0,1,0,0,1,1,0,1,0
5496.9,91.615,59,89.75,1,0,1,1,0,1,1,0,0,0,0,0
1908.35,70.67962962962963,26,75.0,0,0,0,0,1,0,0,0,0,1,0,0
107.1,35.699999999999996,2,49.95,1,1,0,1,1,0,0,0,0,1,0,0
4575.35,62.67602739726028,72,65.7,0,0,0,0,0,0,0,1,1,0,1,0
4309.55,65.29621212121212,65,67.05,0,0,0,1,1,0,0,1,0,0,0,0
7922.75,108.53082191780823,72,110.9,0,1,0,0,1,0,1,1,1,0,1,0
522.35,74.62142857142858,6,87.95,1,1,0,0,1,1,1,0,0,1,0,0
587.7,17.809090909090912,32,19.8,0,0,0,0,1,0,0,0,0,0,0,0
3876.2,76.00392156862745,50,75.7,0,1,0,1,0,0,0,1,0,1,0,0
3778.85,60.94919354838709,61,62.15,0,0,0,0,1,1,0,1,1,1,0,0
1457.25,91.078125,15,101.25,1,1,1,1,0,1,1,0,0,0,0,1
8349.45,114.37602739726029,72,115.15,0,0,0,0,1,0,1,1,1,0,0,0
185.6,18.56,9,18.95,1,0,0,0,1,1,0,0,0,0,0,1
19.5,9.75,1,19.5,1,0,0,0,0,0,0,0,0,0,0,0
1066.9,82.06923076923077,12,86.55,1,1,1,1,0,1,1,0,0,1,0,0
973.55,25.61973684210526,37,28.6,1,1,0,0,0,0,0,0,0,1,0,1
1226.45,19.781451612903226,61,20.4,0,0,0,0,1,0,0,1,0,0,1,0
342.3,18.01578947368421,18,19.8,0,0,0,0,1,0,0,1,0,0,1,0
985.05,44.775,21,45.65,1,1,0,1,1,0,0,0,0,1,1,0
3948.45,57.223913043478255,68,56.4,0,0,0,0,1,1,0,1,1,0,1,0
828.05,63.69615384615384,12,73.3,1,1,0,1,1,1,1,0,0,1,0,0
41.85,13.950000000000001,2,24.35,1,1,1,1,0,0,0,0,0,1,0,1
6164.7,97.85238095238095,62,101.35,1,1,1,1,0,1,1,1,0,1,0,0
2862.75,95.425,29,98.65,1,1,1,0,0,0,1,0,0,1,0,1
33.6,16.8,1,33.6,1,1,0,0,1,0,0,0,0,0,1,0
343.95,57.324999999999996,5,79.9,1,1,0,1,1,1,1,1,0,1,0,1
20.7,10.35,1,20.7,1,0,1,0,0,0,0,0,0,0,0,0
6590.5,104.61111111111111,62,104.05,0,1,1,0,1,1,1,0,1,1,1,0
717.95,19.404054054054054,36,20.25,0,0,0,0,0,0,0,1,1,0,1,0
2890.65,99.67758620689655,28,103.3,1,1,1,0,0,1,1,0,0,1,0,1
4885.85,69.79785714285715,69,73.7,0,0,0,0,0,0,0,1,0,0,1,0
1222.05,101.83749999999999,11,96.2,1,0,0,0,0,1,1,1,0,1,0,1
6871.7,107.3703125,63,108.75,1,1,1,0,0,1,1,1,0,0,0,0
405.6,16.900000000000002,23,20.15,0,0,0,0,1,0,0,0,0,0,0,0
208.25,18.931818181818183,10,19.75,1,0,0,0,1,0,0,0,0,0,0,0
1801.9,25.02638888888889,71,25.95,0,0,0,0,0,1,0,1,1,0,0,0
3062.45,66.575,45,70.05,1,0,1,0,0,1,0,0,0,1,0,0
1764.75,24.8556338028169,70,24.05,0,0,0,0,0,0,0,1,1,0,1,0
1816.75,78.98913043478261,22,84.75,1,1,1,1,0,1,1,0,0,1,1,0
1255.1,23.681132075471698,52,23.05,0,0,0,0,0,0,0,1,1,0,1,0
5743.05,102.55446428571429,55,104.15,0,1,1,0,1,1,1,1,0,1,0,1
3921.1,59.41060606060606,65,59.95,0,0,0,0,0,0,0,0,1,1,0,0
1463.45,20.047260273972604,72,19.55,0,0,0,0,0,0,0,1,1,0,1,0
189.45,17.222727272727273,10,19.6,0,0,0,0,1,0,0,1,0,0,0,0
96.8,12.1,7,20.05,0,0,0,0,0,0,0,0,0,0,1,0
408.5,68.08333333333333,5,85.55,1,1,1,1,1,1,1,0,0,0,0,0
1846.65,73.866,24,78.6,0,0,0,1,0,0,0,1,1,1,1,0
8456.75,115.8458904109589,72,116.8,0,0,0,0,0,1,1,1,1,0,1,0
1011.5,45.97727272727273,21,43.55,1,0,0,0,1,1,0,0,0,1,0,0
4263.4,60.90571428571428,69,60.8,0,1,0,0,1,1,0,1,0,0,0,0
2549.1,56.64666666666666,44,54.9,1,1,0,0,1,1,0,1,0,0,1,0
3965.05,63.95241935483871,61,65.2,0,1,1,1,0,1,0,1,0,1,1,0
2496.7,99.868,24,102.95,1,1,0,1,1,1,1,0,0,0,0,1
90.6,45.3,1,90.6,1,1,1,1,0,0,1,0,0,1,0,1
288.05,41.15,6,50.8,1,1,0,0,0,1,0,0,0,1,0,1
368.1,73.62,4,90.05,1,1,1,1,1,1,1,0,0,0,0,1
7840.6,107.4054794520548,72,108.2,0,1,1,0,1,1,1,1,1,0,0,0
6632.75,90.85958904109589,72,92.0,0,0,0,0,1,0,0,0,1,0,0,0
1013.35,67.55666666666667,14,75.1,1,1,1,1,1,1,1,1,0,1,0,0
152.95,19.11875,7,25.05,1,0,0,0,1,1,0,0,0,0,0,0
3772.65,76.99285714285715,48,75.15,0,1,1,1,0,0,1,0,0,0,0,0
1026.35,18.32767857142857,55,19.5,0,0,0,0,1,0,0,1,0,0,1,0
19.3,9.65,1,19.3,1,0,0,0,1,0,0,0,0,0,0,0
5031.85,109.38804347826088,45,112.2,0,0,0,0,1,0,1,0,0,0,0,0
220.4,55.1,3,70.3,1,1,0,1,1,1,1,0,0,1,0,0
1416.5,19.67361111111111,71,19.6,0,0,0,0,0,0,0,1,1,0,0,0
158.35,17.594444444444445,8,20.25,1,0,0,0,1,0,0,1,0,0,0,0
256.6,64.15,3,75.85,1,1,1,1,0,1,1,1,0,1,0,1
5542.55,79.17928571428571,69,80.65,0,0,0,0,1,0,0,1,1,0,1,0
68.5,34.25,1,68.5,1,1,1,1,1,1,1,1,0,1,1,1
8443.7,115.66712328767125,72,115.75,0,0,0,0,0,1,1,1,1,0,0,0
791.75,65.97916666666667,11,73.5,1,0,1,1,1,1,1,0,0,1,0,1
5708.2,79.28055555555555,71,80.6,0,0,0,0,1,0,0,0,1,0,0,0
69.95,34.975,1,69.95,1,1,0,1,0,1,1,0,0,1,0,1
2016.3,59.30294117647059,33,59.55,0,0,0,0,0,0,0,1,1,1,0,0
326.65,19.21470588235294,16,19.05,0,0,0,0,0,0,0,0,0,0,0,0
5471.75,95.99561403508773,56,95.65,0,0,1,0,0,0,1,1,0,0,0,0
19.95,9.975,1,19.95,1,0,0,0,0,0,0,0,0,0,0,0
346.4,57.73333333333333,5,70.05,1,1,1,1,1,1,0,0,0,1,0,1
1061.6,18.303448275862067,57,19.4,0,0,0,0,1,0,0,1,0,0,1,0
1971.5,34.58771929824562,56,36.1,0,1,0,1,1,1,0,1,0,0,1,0
773.65,85.96111111111111,8,94.0,1,1,1,1,1,1,1,0,0,0,0,1
1422.05,61.82826086956521,22,61.15,1,0,0,1,0,0,0,1,0,0,1,1
19.75,9.875,1,19.75,1,0,0,0,0,0,0,0,0,0,0,0
2460.35,60.00853658536585,40,64.1,1,0,0,0,0,1,0,0,0,1,1,0
856.5,18.22340425531915,46,19.75,0,0,0,0,1,0,0,1,1,0,1,0
1275.85,19.93515625,63,19.7,0,0,0,0,1,0,0,1,1,0,1,0
7467.5,108.22463768115942,68,110.2,0,0,1,1,1,1,1,1,1,0,1,0
7261.75,103.73928571428571,69,106.35,0,0,0,0,1,1,1,1,1,0,1,0
5116.6,89.76491228070176,56,90.55,1,1,1,0,0,0,1,1,0,0,0,0
660.05,60.00454545454545,10,65.9,0,1,0,1,0,1,0,1,0,0,1,0
6590.8,102.98125,63,104.5,0,0,0,0,1,0,1,0,0,0,0,0
1208.15,48.326,24,52.5,0,0,0,0,0,1,0,1,1,0,1,0
1033.9,51.69500000000001,19,56.1,1,1,0,1,0,1,0,0,0,1,0,0
1885.15,81.96304347826087,22,88.75,1,1,1,1,1,1,1,1,0,1,1,0
2467.1,82.23666666666666,29,84.45,1,0,1,1,1,1,1,1,0,0,0,1
989.45,70.675,13,75.3,0,1,0,1,1,1,0,1,0,1,0,1
2006.95,28.266901408450703,70,26.0,0,0,0,0,0,1,0,1,1,0,0,0
5025.0,100.5,49,99.4,1,1,1,1,0,0,1,1,0,0,0,0
4830.25,109.7784090909091,43,109.55,0,0,0,0,0,1,1,1,0,1,0,1
59.75,14.9375,3,19.6,1,0,0,0,0,1,0,0,0,0,0,1
3088.25,71.81976744186046,42,73.15,0,1,1,0,1,0,0,1,0,1,1,0
3134.7,54.04655172413793,57,54.65,0,1,0,0,1,1,0,0,0,0,0,0
94.55,31.516666666666666,2,66.4,1,0,0,1,1,0,0,0,0,1,0,1
8312.4,113.86849315068493,72,115.55,0,0,0,0,0,1,1,1,1,0,0,0
4863.85,103.48617021276597,46,104.45,1,1,1,1,0,1,1,0,0,0,0,0
6871.9,102.56567164179104,66,100.05,1,1,0,0,1,1,1,1,0,1,0,1
6529.25,103.63888888888889,62,102.0,0,0,1,0,1,0,1,0,0,0,0,1
6637.9,90.93013698630136,72,91.15,0,0,0,0,0,1,0,1,1,0,0,0
3165.6,87.93333333333334,35,89.7,0,1,1,0,1,1,1,1,0,0,1,0
1454.15,80.78611111111111,17,90.2,1,0,0,1,1,0,1,1,0,0,0,1
6786.1,92.96027397260275,72,92.4,0,0,1,0,0,1,0,1,1,0,0,0
543.0,18.724137931034484,28,19.9,0,0,0,0,0,0,0,1,0,0,1,0
1327.15,23.283333333333335,56,25.15,0,0,0,0,1,1,0,1,1,0,0,1
2404.15,75.1296875,31,79.85,1,1,0,0,0,1,1,0,0,1,0,1
867.3,18.854347826086954,45,18.85,0,0,0,0,1,0,0,0,0,0,0,0
25.75,12.875,1,25.75,1,0,0,0,0,1,0,0,0,0,0,0
114.7,38.233333333333334,2,49.6,1,1,0,1,0,1,0,0,0,0,0,1
109.5,15.642857142857142,6,20.95,1,0,0,0,0,1,0,0,0,0,0,0
4692.95,95.77448979591837,48,97.05,0,1,1,1,0,1,1,1,0,0,0,0
546.85,21.032692307692308,25,25.4,1,0,0,0,1,1,0,1,0,0,1,0
1274.05,19.60076923076923,64,19.7,0,0,0,0,1,1,0,1,1,0,1,0
1782.4,34.94901960784314,50,35.0,1,0,0,1,1,1,0,0,0,0,0,0
5301.1,100.02075471698114,52,101.25,0,1,0,1,0,0,1,1,0,1,1,0
280.35,56.07000000000001,4,70.2,1,1,1,1,1,1,1,1,0,1,0,0
2897.95,87.81666666666666,32,90.95,1,1,1,1,0,0,1,0,0,1,0,0
3371.0,73.28260869565217,45,73.85,0,0,0,0,1,0,0,1,1,0,1,0
801.3,80.13,9,88.05,1,0,1,1,1,1,1,1,0,1,0,0
6975.25,104.10820895522389,66,105.95,0,1,0,0,0,1,1,1,0,1,0,1
257.05,64.2625,3,91.85,1,1,1,1,1,0,1,0,0,1,1,1
1079.45,19.62636363636364,54,20.1,0,0,0,0,0,0,0,0,1,0,0,0
40.1,20.05,1,40.1,1,1,1,0,0,0,0,1,0,1,1,1
6997.3,107.65076923076923,64,110.3,0,0,0,0,0,0,1,1,1,0,1,0
2217.15,69.2859375,31,73.9,1,1,1,1,0,1,1,0,0,1,0,1
1129.1,75.27333333333333,14,89.8,1,1,0,1,0,1,1,0,0,1,0,1
979.05,75.31153846153846,12,85.15,0,0,0,1,0,1,1,0,0,1,0,0
4119.4,60.579411764705874,67,60.95,0,0,0,0,1,1,0,1,0,0,0,0
2568.55,71.34861111111111,35,72.25,1,0,1,0,0,0,0,1,0,1,1,1
3349.1,72.80652173913043,45,73.55,0,0,0,0,0,0,0,0,1,1,0,0
492.1,44.73636363636364,10,46.0,1,1,0,1,1,0,0,0,0,1,0,0
1718.95,57.29833333333333,29,58.55,1,0,0,1,0,1,0,0,0,0,0,0
605.25,24.21,24,24.6,0,0,0,0,0,0,0,0,0,0,0,0
1344.5,20.067164179104477,66,19.75,0,0,0,0,1,1,0,1,1,0,1,0
4267.15,82.06057692307692,51,86.35,0,0,0,1,1,0,1,0,0,1,0,0
1121.05,24.370652173913044,45,25.5,0,0,0,0,0,0,0,1,1,0,0,0
918.7,18.374000000000002,49,19.0,0,0,0,0,0,0,0,1,0,0,0,0
521.8,17.39333333333333,29,19.55,0,0,0,0,0,1,0,1,1,0,0,0
4469.1,109.00243902439026,40,110.1,1,0,0,0,1,1,1,1,0,0,1,0
3580.3,94.21842105263158,37,96.55,1,1,1,1,0,1,1,0,0,1,0,1
1729.35,66.51346153846154,25,69.75,1,1,1,1,1,0,1,0,0,1,0,0
1073.3,46.665217391304346,22,50.6,1,1,1,1,0,1,0,0,0,1,0,0
4566.5,62.554794520547944,72,65.6,0,0,0,0,1,1,0,0,1,0,0,0
293.3,36.6625,7,40.1,1,1,0,1,0,1,0,0,0,0,0,1
2603.1,76.56176470588235,33,82.1,0,1,0,0,1,0,0,1,1,0,1,0
1783.75,74.32291666666667,23,79.1,1,1,0,0,0,1,1,0,0,0,0,0
2440.15,97.60600000000001,24,101.25,1,1,1,1,1,1,1,0,0,0,0,1
79.55,39.775,1,79.55,1,1,1,1,0,0,1,0,0,1,0,1
6322.1,90.3157142857143,69,90.65,0,0,0,0,1,0,0,0,1,0,0,0
57.4,14.35,3,20.55,0,0,0,0,0,1,0,0,0,0,1,0
4284.65,75.16929824561403,56,75.75,0,1,0,0,1,1,0,0,0,0,0,0
7138.65,108.16136363636363,65,110.0,0,0,0,0,1,1,1,0,0,1,0,0
1539.75,21.385416666666668,71,20.85,0,0,1,0,1,0,0,1,0,0,0,0
1058.1,70.53999999999999,14,80.35,1,1,0,1,0,1,1,0,0,1,0,0
123.8,41.266666666666666,2,70.15,1,1,1,1,0,1,1,0,0,1,0,0
2781.85,84.29848484848485,32,84.05,0,1,1,1,0,0,1,0,0,1,0,1
2731.0,66.60975609756098,40,67.45,1,0,1,1,1,0,0,0,0,1,0,0
20.75,10.375,1,20.75,1,0,0,0,1,0,0,0,0,0,0,0
89.1,44.55,1,89.1,1,1,1,1,1,1,1,0,0,1,0,1
497.3,62.1625,7,69.9,1,1,0,1,0,1,1,0,0,1,0,0
711.15,44.446875,15,51.1,1,1,1,1,0,1,0,1,0,1,0,0
1607.2,89.28888888888889,17,94.4,1,0,1,1,0,0,1,1,0,1,1,1
1490.95,74.5475,19,78.25,1,1,1,1,1,1,1,0,0,0,0,1
1898.1,26.362499999999997,71,25.55,0,0,0,0,1,0,0,0,1,0,0,0
3273.95,59.526363636363634,54,60.0,0,0,0,0,0,0,0,1,1,1,1,0
2929.75,91.5546875,31,90.55,1,0,0,0,1,1,1,1,0,0,0,0
838.7,69.89166666666667,11,76.4,1,0,1,1,0,0,1,0,0,1,0,0
1443.65,75.98157894736842,18,84.95,1,1,1,1,0,1,1,0,0,1,0,0
7746.7,106.11917808219178,72,110.1,0,0,0,0,0,1,1,0,1,0,0,0
6951.15,96.54374999999999,71,99.65,1,1,0,1,0,1,1,0,0,0,0,0
214.75,35.791666666666664,5,45.4,1,1,0,0,1,0,0,0,0,1,0,0
2669.45,68.4474358974359,38,69.0,0,1,0,0,1,0,0,1,0,1,0,0
235.2,39.199999999999996,5,48.65,1,1,0,0,1,1,0,0,0,1,1,0
92.65,30.883333333333336,2,44.15,1,1,1,1,1,1,0,0,0,1,0,1
3103.25,58.551886792452834,52,59.85,0,0,0,1,0,0,0,0,1,1,0,0
606.25,67.36111111111111,8,75.75,1,1,1,1,0,1,1,0,0,1,0,1
5330.2,77.24927536231884,68,80.65,0,1,1,1,0,1,0,0,1,0,0,0
1403.1,20.044285714285714,69,20.55,0,0,0,0,1,1,0,1,0,0,1,0
2727.8,63.437209302325584,42,66.4,1,0,0,0,0,1,0,1,0,0,0,0
5038.45,98.79313725490196,50,100.2,0,1,0,0,0,1,1,0,1,0,0,0
19.1,9.55,1,19.1,1,0,0,0,0,1,0,0,0,0,0,1
80.3,40.15,1,80.3,1,0,1,1,1,1,1,1,0,1,0,1
1462.6,43.01764705882353,33,44.55,1,1,0,1,1,1,0,1,0,1,0,0
150.6,18.825,7,20.35,1,0,0,0,0,0,0,0,0,0,0,0
5960.5,91.7,64,91.8,1,0,1,1,1,1,1,1,0,0,1,0
74.9,37.45,1,74.9,1,1,1,1,0,1,1,0,0,1,0,1
1192.3,19.871666666666666,59,20.2,0,0,0,0,1,1,0,0,1,0,0,0
314.55,44.93571428571429,6,50.35,1,1,1,1,0,0,0,1,0,1,0,0
56.0,14.0,3,18.8,1,0,0,0,0,0,0,0,0,0,0,0
330.8,20.675,15,20.45,1,0,0,0,0,0,0,1,0,0,0,0
877.35,62.667857142857144,13,64.75,0,1,1,1,1,1,0,1,0,1,1,0
2249.1,93.71249999999999,23,98.7,1,1,0,1,0,1,1,0,0,0,0,0
2807.65,87.7390625,31,89.45,1,0,1,1,1,0,1,1,0,1,0,0
1696.2,56.54,29,58.75,0,0,1,0,1,1,0,0,0,0,0,0
1032.05,20.641,49,20.7,0,0,0,0,0,0,0,1,0,0,0,0
4902.8,86.01403508771931,56,85.6,1,1,0,1,0,1,1,1,0,1,0,0
4995.35,78.05234375,63,80.3,0,0,0,0,0,1,0,0,1,0,0,0
5034.05,78.65703125,63,79.8,0,1,0,0,1,0,0,1,1,1,0,0
1857.75,74.31,24,79.85,1,0,1,1,1,1,1,1,0,1,1,0
1992.85,53.86081081081081,36,54.1,0,1,0,0,1,0,0,1,0,1,0,0
751.65,75.16499999999999,9,80.85,1,1,1,1,0,1,1,0,0,1,0,1
66.95,16.7375,3,24.75,1,1,1,1,1,0,0,0,0,1,0,1
1714.95,77.95227272727273,21,80.9,0,0,0,0,0,0,0,1,0,1,0,0
343.6,24.542857142857144,13,24.5,0,0,0,0,1,0,0,1,0,0,1,0
20.15,10.075,1,20.15,1,0,0,0,1,1,0,1,0,0,1,0
520.1,20.003846153846155,25,20.05,0,0,0,0,0,0,0,1,0,0,1,0
1387.45,19.27013888888889,71,19.6,0,0,0,0,1,1,0,1,1,0,1,0
7383.7,110.20447761194029,66,114.3,0,0,0,0,1,1,1,0,0,0,0,0
4483.95,97.47717391304347,45,100.3,0,0,1,1,0,1,1,0,0,0,0,0
1706.45,74.19347826086957,22,80.0,1,1,0,1,0,1,1,1,0,1,0,0
1327.4,19.52058823529412,67,20.85,0,0,0,0,0,1,0,1,0,0,0,0
5974.3,86.5840579710145,68,89.95,0,1,0,1,0,1,1,1,1,1,0,0
1397.475,1397.475,0,20.0,0,0,0,0,0,0,0,1,1,0,1,0
4515.85,90.31700000000001,49,90.85,1,1,0,1,0,1,1,0,0,1,0,1
179.85,35.97,4,48.75,1,1,0,1,0,0,0,0,0,1,0,0
5040.2,78.753125,63,80.0,0,0,0,0,1,0,0,1,0,0,0,0
165.0,55.0,2,79.7,1,1,0,1,0,0,1,1,0,0,0,1
422.7,19.213636363636365,21,20.35,0,0,0,0,1,1,0,0,0,0,0,0
3046.4,54.4,55,57.55,0,0,0,0,1,0,0,1,1,0,1,1
20.25,10.125,1,20.25,1,0,0,0,1,1,0,0,0,0,1,0
358.05,19.891666666666666,17,19.4,0,0,0,0,0,0,0,0,1,0,0,0
2936.25,94.71774193548387,30,100.4,1,0,0,1,1,1,1,0,0,1,0,0
1271.8,55.29565217391304,22,57.95,1,0,0,0,1,1,0,1,0,0,1,0
530.05,53.004999999999995,9,59.5,1,1,0,0,0,1,0,0,0,1,0,0
19.2,9.6,1,19.2,1,0,0,0,1,0,0,1,0,0,1,0
1808.7,82.21363636363637,21,86.5,1,1,1,1,0,1,1,1,0,1,0,1
1144.6,57.23,19,59.55,1,1,1,0,1,0,0,0,0,1,0,0
7446.9,106.38428571428571,69,103.95,1,1,1,1,0,1,1,1,0,0,1,1
25.1,12.55,1,25.1,1,1,1,1,1,1,0,0,0,1,0,1
7556.9,103.51917808219177,72,103.95,0,0,0,0,0,1,1,1,1,0,0,0
4858.7,68.43239436619719,70,68.95,0,0,0,1,1,0,0,1,1,1,1,0
6595.0,98.43283582089552,66,103.1,1,0,0,0,0,1,1,0,0,0,0,0
149.05,18.63125,7,24.7,1,1,1,1,0,1,0,1,0,1,1,0
4972.1,105.78936170212766,46,110.2,1,0,1,0,0,1,1,1,0,0,1,0
1880.85,47.021249999999995,39,48.95,1,0,0,0,1,1,0,0,0,0,0,1
2045.55,61.986363636363635,32,62.45,1,1,0,1,0,0,0,1,0,0,1,0
2187.15,87.486,24,89.55,1,1,1,1,1,1,1,0,0,0,0,0
477.55,68.22142857142858,6,83.55,1,1,0,1,1,1,1,1,0,0,1,1
2976.95,78.34078947368421,37,78.9,1,0,0,0,0,1,0,0,0,0,0,0
178.7,19.855555555555554,8,20.35,1,0,0,0,1,0,0,0,0,0,1,0
5025.85,68.84726027397261,72,71.45,0,0,0,1,0,1,0,1,1,1,1,0
3353.4,46.575,71,46.35,0,0,0,0,1,0,0,1,1,0,0,0
1461.15,85.95,16,94.65,1,1,0,1,0,1,1,1,0,0,0,0
2782.4,47.97241379310345,57,49.9,1,0,0,0,0,1,0,1,0,1,0,0
1699.15,25.36044776119403,66,25.45,0,0,0,0,1,0,0,0,0,0,0,0
1496.9,83.16111111111111,17,89.15,1,1,1,1,0,1,1,0,0,0,0,1
452.2,20.554545454545455,21,20.75,1,0,0,0,0,0,0,0,0,0,1,0
4428.45,66.09626865671642,66,66.1,0,0,0,1,1,1,0,1,1,0,0,0
1322.55,73.475,17,75.4,1,1,0,1,0,1,0,1,0,0,0,0
70.45,35.225,1,70.45,1,1,0,1,1,1,1,0,0,1,1,1
3563.8,60.40338983050848,58,60.3,0,0,0,1,1,0,0,1,0,0,0,1
139.75,15.527777777777779,8,21.05,1,0,0,0,0,0,0,1,0,0,1,0
1927.3,68.83214285714286,27,69.35,0,0,0,0,1,0,0,0,0,1,0,0
3000.25,85.72142857142858,34,88.85,1,1,0,1,1,0,1,1,0,0,0,0
3021.3,97.46129032258065,30,97.0,0,1,0,1,1,1,1,0,0,0,0,0
2245.4,66.04117647058824,33,66.4,1,1,0,1,1,1,0,0,0,0,0,0
24.75,12.375,1,24.75,1,1,1,1,1,0,0,0,0,1,1,1
944.65,62.97666666666667,14,69.2,1,0,0,1,1,0,0,1,0,0,1,0
1264.2,74.36470588235295,16,79.5,0,1,0,0,0,1,1,0,0,1,1,0
4917.75,98.355,49,100.65,0,1,0,0,0,0,1,0,1,1,0,0
2012.7,100.635,19,103.3,1,1,1,0,1,0,1,1,0,1,1,1
5743.3,80.89154929577465,70,79.7,0,0,0,0,0,0,0,1,1,0,1,0
1864.65,56.50454545454546,32,61.4,1,0,0,0,0,0,0,1,0,0,1,0
1221.65,64.29736842105264,18,69.8,1,1,1,1,0,1,1,0,0,1,0,0
1390.85,36.60131578947368,37,40.55,0,0,0,0,1,1,0,0,1,0,0,0
302.35,60.470000000000006,4,75.65,1,1,1,1,0,1,1,0,0,1,0,0
1374.9,80.87647058823529,16,90.7,1,0,1,1,0,0,1,1,0,0,0,0
1336.9,74.27222222222223,17,80.5,1,1,0,1,1,1,1,1,0,0,0,0
1297.8,64.89,19,60.6,1,0,1,1,0,1,0,0,0,0,1,0
6067.4,99.4655737704918,60,101.15,0,1,0,1,1,0,1,1,1,1,0,0
1222.25,23.504807692307693,51,24.95,0,0,0,0,1,1,0,1,1,0,1,0
487.95,16.825862068965517,28,20.3,0,0,0,0,1,1,0,1,1,0,1,0
2548.55,57.92159090909092,43,60.0,0,1,1,1,1,1,0,0,1,0,0,0
835.5,19.430232558139537,42,20.25,0,0,1,0,1,0,0,1,1,0,0,0
242.05,60.5125,3,78.5,1,1,1,1,1,1,1,0,0,1,0,1
44.75,22.375,1,44.75,1,1,0,1,0,0,0,0,0,1,0,0
63.75,15.9375,3,19.85,1,0,0,0,0,0,0,0,0,0,0,1
6218.45,97.16328125,63,98.0,0,0,0,1,0,0,1,0,1,0,0,0
260.9,65.225,3,79.9,1,1,1,1,1,1,1,0,0,1,0,1
7320.9,106.1,68,107.7,1,0,1,0,1,1,1,1,0,0,0,0
2967.35,95.72096774193548,30,99.7,1,1,1,1,0,1,1,0,0,0,0,1
6333.8,103.83278688524591,60,104.7,0,1,1,1,0,0,1,0,1,0,0,0
939.7,58.73125,15,58.6,1,1,0,0,1,1,0,0,0,0,0,1
4200.25,91.30978260869566,45,93.9,1,1,0,1,1,1,1,0,0,1,0,0
5950.2,83.8056338028169,70,86.45,0,0,0,0,0,0,0,1,1,0,0,0
1037.75,94.3409090909091,10,98.5,1,1,1,1,1,1,1,1,0,1,0,1
93.4,18.68,4,19.4,1,0,0,0,1,0,0,0,0,0,0,0
50.45,25.225,1,50.45,1,1,0,1,0,1,0,0,0,1,0,1
1614.9,23.40434782608696,68,24.95,0,0,0,0,0,1,0,1,1,0,0,0
1573.95,68.43260869565218,22,75.0,1,0,0,1,1,0,1,1,0,1,1,0
3624.3,92.93076923076923,38,94.65,1,1,1,1,1,1,1,1,0,0,1,1
100.25,50.125,1,100.25,1,1,0,1,0,1,1,0,0,0,0,1
1468.75,77.30263157894737,18,78.2,1,1,1,0,1,0,1,1,0,1,0,0
2607.6,86.92,29,94.2,1,1,1,0,1,1,1,0,0,1,0,0
1422.1,83.65294117647058,16,88.45,1,1,1,1,0,1,1,0,0,1,0,1
69.85,34.925,1,69.85,1,1,1,1,1,1,1,0,0,1,0,1
858.6,66.04615384615384,12,81.7,1,0,0,1,1,0,1,0,0,1,0,1
1523.4,47.60625,31,50.05,0,1,1,1,1,1,0,0,0,1,0,0
324.3,64.86,4,79.9,1,1,1,1,1,1,1,0,0,1,0,1
3435.6,70.11428571428571,48,69.55,0,1,0,0,0,1,0,1,0,1,0,0
399.6,24.975,15,25.4,1,0,0,0,0,1,0,0,0,0,0,1
4549.45,89.20490196078431,50,90.1,0,0,0,0,1,1,1,0,0,0,0,0
322.5,40.3125,7,44.65,1,1,0,1,1,1,0,0,0,1,0,0
3273.55,77.94166666666668,41,83.75,1,0,0,1,1,1,1,1,0,1,0,1
5375.15,77.90072463768115,68,80.35,0,0,0,1,1,0,1,1,1,1,1,0
2510.7,92.98888888888888,26,98.1,1,1,0,1,0,1,1,1,0,1,0,0
3090.05,53.27672413793104,57,53.35,0,1,0,0,1,0,0,0,1,1,0,0
61.05,15.2625,3,19.55,1,0,1,0,0,0,0,0,0,0,0,0
20.9,10.45,1,20.9,1,0,0,0,0,0,0,0,0,0,0,1
955.6,47.78,19,48.95,0,0,0,1,1,1,0,1,0,1,1,0
140.4,35.1,3,54.2,1,1,1,1,0,1,0,0,0,1,0,0
1493.1,24.884999999999998,59,24.45,0,0,1,0,0,0,0,0,1,0,0,0
69.4,34.7,1,69.4,1,1,0,1,0,1,1,1,0,1,0,1
1626.05,37.81511627906977,42,40.15,1,0,0,1,1,1,0,1,0,1,0,0
541.15,67.64375,7,74.9,1,1,1,1,0,1,1,0,0,1,0,1
1784.9,26.248529411764707,67,25.6,0,0,0,0,1,0,0,1,1,0,0,0
70.35,35.175,1,70.35,1,1,1,1,1,1,1,0,0,1,0,0
6075.9,90.68507462686567,66,91.7,0,0,0,0,1,0,0,1,1,0,0,0
5500.6,88.71935483870968,61,89.2,1,1,0,1,0,0,1,0,0,1,0,0
73.1,14.62,4,24.1,0,0,0,0,1,0,0,1,0,0,1,0
3229.4,75.10232558139535,42,74.15,1,0,0,1,0,1,1,1,0,1,0,1
3399.85,52.30538461538461,64,53.85,0,1,0,1,0,1,0,1,0,0,1,0
6431.05,116.92818181818183,54,115.6,0,0,0,0,0,1,1,1,0,0,0,0
19.75,9.875,1,19.75,1,0,0,0,1,1,0,0,0,0,0,0
1230.9,22.380000000000003,54,24.05,0,0,0,0,1,1,0,1,1,0,1,0
454.65,23.928947368421053,18,25.3,0,0,0,0,0,0,0,0,1,0,1,0
235.05,58.7625,3,84.3,1,1,1,1,1,0,1,0,0,0,0,0
70.1,35.05,1,70.1,1,1,1,1,0,1,1,0,0,1,0,1
6595.9,90.35479452054794,72,89.75,0,0,0,0,0,0,0,1,1,0,1,0
5867.0,96.18032786885246,60,97.95,0,1,1,1,1,1,1,1,0,0,0,0
196.35,16.3625,11,20.0,0,0,0,0,0,1,0,1,0,0,1,0
909.25,69.9423076923077,12,78.3,1,0,1,1,0,1,1,0,0,1,1,1
6449.15,104.01854838709677,61,103.9,0,1,0,0,1,0,1,1,0,0,1,0
762.45,19.06125,39,20.7,0,0,0,0,0,0,0,0,1,0,0,0
5283.95,94.35625,55,96.8,1,1,1,1,1,1,1,0,0,1,0,1
1617.5,89.86111111111111,17,94.4,1,0,1,1,0,1,1,0,0,0,0,1
785.75,20.67763157894737,37,20.15,0,0,0,0,1,0,0,0,0,0,0,0
1776.0,24.328767123287673,72,26.0,0,0,0,0,0,1,0,1,1,0,0,0
5396.25,73.92123287671232,72,77.35,0,1,0,0,1,0,0,1,1,0,0,0
574.5,63.833333333333336,8,66.05,1,0,0,0,0,0,0,0,0,1,0,0
400.3,17.40434782608696,22,19.9,1,0,0,0,0,0,0,1,0,0,1,0
84.3,42.15,1,84.3,1,1,1,1,0,0,1,0,0,0,0,1
2656.3,68.11025641025641,38,68.15,1,1,0,0,0,0,0,0,0,0,0,0
1445.95,80.33055555555556,17,80.85,0,1,1,0,1,0,0,0,0,0,1,0
5212.65,73.41760563380281,70,75.5,0,1,0,0,0,1,0,0,1,0,0,0
6440.25,88.22260273972603,72,92.45,0,0,0,0,0,0,0,1,1,0,1,1
2244.95,77.41206896551724,28,80.6,1,1,1,1,0,1,1,0,0,1,0,0
1130.0,70.625,15,83.2,1,1,0,1,0,1,1,0,0,0,0,0
6463.15,88.53630136986301,72,87.55,0,0,0,0,1,1,0,1,1,0,1,0
1131.2,94.26666666666667,11,99.55,1,1,1,1,0,1,1,1,0,1,0,1
585.95,65.10555555555555,8,81.25,1,1,1,1,1,1,1,0,0,1,0,1
6252.7,107.8051724137931,57,109.4,0,1,0,0,0,1,1,1,0,0,0,0
19.95,9.975,1,19.95,1,0,0,0,1,0,0,1,0,0,1,1
2062.15,43.87553191489362,46,45.55,1,0,1,1,0,0,0,1,0,0,0,0
587.1,18.938709677419357,30,20.7,0,0,0,0,1,0,0,1,0,0,0,0
720.45,65.49545454545455,10,75.3,1,0,1,1,1,0,1,1,0,1,0,0
2186.4,91.10000000000001,23,99.25,1,0,1,1,1,1,1,1,0,0,0,1
2979.3,90.28181818181818,32,93.4,1,0,0,1,1,1,1,0,0,0,0,0
956.65,68.33214285714286,13,73.75,1,0,0,1,1,1,1,0,0,1,0,0
3201.55,80.03875000000001,39,80.45,0,1,1,0,0,1,1,0,1,1,0,1
3973.2,88.29333333333332,44,88.15,1,1,0,1,0,1,1,0,0,0,0,0
447.9,44.79,9,49.2,1,1,0,0,1,0,0,0,0,1,0,0
1335.2,19.63529411764706,67,19.65,0,0,0,0,0,0,0,1,1,0,0,0
661.25,66.125,9,79.35,1,1,0,1,1,1,1,1,0,1,1,1
1111.85,69.490625,15,79.75,1,1,1,1,0,1,1,0,0,0,0,1
7555.0,104.93055555555556,71,105.15,0,1,0,1,0,1,1,1,1,0,0,0
49.0,24.5,1,49.0,1,1,0,0,1,0,0,0,0,1,0,0
3046.15,98.26290322580645,30,100.05,1,1,1,1,0,1,1,1,0,1,1,1
69.35,34.675,1,69.35,1,1,1,1,1,1,1,0,0,1,0,1
836.35,46.46388888888889,17,49.8,1,1,0,1,1,1,0,1,0,0,0,0
272.2,68.05,3,85.8,1,1,1,0,0,0,1,0,0,1,0,1
5293.4,77.84411764705882,67,79.7,0,0,1,1,1,1,0,1,1,1,1,1
20.95,10.475,1,20.95,1,0,0,0,1,0,0,0,0,0,0,0
50.55,25.275,1,50.55,1,1,0,1,0,0,0,0,0,1,0,1
2570.0,77.87878787878788,32,79.3,1,1,0,1,0,0,1,1,0,1,0,0
798.2,19.004761904761907,41,19.5,0,0,0,0,1,0,0,1,0,0,1,0
80.55,40.275,1,80.55,1,1,1,1,1,1,1,1,0,1,0,1
44.15,22.075,1,44.15,1,1,0,1,0,0,0,0,0,1,0,0
916.9,70.53076923076922,12,84.5,1,1,1,1,0,1,1,1,0,0,1,1
6487.2,102.97142857142858,62,105.5,1,0,1,1,1,1,1,1,0,0,1,0
1855.65,80.6804347826087,22,84.3,1,1,0,1,0,1,1,0,0,0,0,1
1556.85,86.49166666666666,17,92.7,1,1,0,0,0,1,1,0,0,0,1,0
1988.05,27.233561643835614,72,26.25,0,0,0,0,0,1,0,1,1,0,1,0
5432.2,95.30175438596491,56,96.95,1,1,0,0,1,1,1,1,0,0,1,0
147.55,14.755,9,20.45,1,0,0,0,0,1,0,0,0,0,0,0
8424.9,115.40958904109588,72,115.8,0,0,0,0,1,1,1,1,1,0,0,0
2203.7,104.93809523809523,20,108.2,1,0,0,0,1,1,1,0,0,0,0,0
387.4,19.369999999999997,19,20.2,0,0,0,0,1,0,0,1,1,0,1,0
116.65,38.88333333333333,2,67.75,1,1,1,1,1,1,1,0,0,1,0,1
3045.75,56.40277777777778,53,54.9,0,1,0,0,1,0,0,0,0,1,0,0
2287.25,81.6875,27,85.25,1,1,1,1,0,1,1,0,0,1,0,1
130.5,18.642857142857142,6,20.15,1,0,0,0,1,0,0,0,0,0,0,0
767.9,76.78999999999999,9,90.35,0,1,1,1,1,1,1,1,0,1,1,0
446.8,49.644444444444446,8,55.75,1,1,1,1,0,0,0,1,0,0,1,0
8100.25,112.50347222222223,71,114.6,0,0,0,0,0,0,1,1,1,0,1,0
830.7,75.51818181818182,10,80.05,1,1,0,1,0,1,1,0,0,0,0,1
20.0,10.0,1,20.0,1,0,0,0,1,0,0,0,0,0,0,1
4689.15,65.12708333333333,71,66.8,0,0,0,0,0,0,0,1,0,0,0,0
6754.35,97.88913043478261,68,100.3,0,1,1,0,1,1,1,1,0,0,0,0
3540.65,101.16142857142857,34,105.35,1,1,1,0,1,1,1,0,0,0,0,0
2184.6,80.91111111111111,26,85.2,0,1,1,0,1,1,1,0,0,0,0,0
1054.6,45.85217391304347,22,48.8,1,0,0,1,0,1,0,0,0,1,0,1
130.55,16.31875,7,18.95,1,0,0,0,1,1,0,0,0,0,0,0
1540.35,73.35,20,69.8,1,1,0,1,0,1,1,1,0,1,0,0
6411.25,105.10245901639344,60,106.15,1,1,1,1,0,1,1,1,0,0,0,0
1432.55,19.623972602739727,72,20.55,0,0,1,0,1,0,0,1,1,0,1,0
7629.85,104.51849315068493,72,105.75,0,1,0,1,0,1,1,1,0,0,0,0
101.9,20.380000000000003,4,25.25,1,0,0,0,1,0,0,0,0,0,0,0
313.4,18.435294117647057,16,19.75,1,0,1,0,1,0,0,1,0,0,1,0
6312.9,100.2047619047619,62,104.85,0,0,1,1,0,1,1,1,0,1,0,0
629.55,57.23181818181818,10,60.95,1,1,0,0,0,1,0,0,0,1,0,0
2640.55,82.5171875,31,81.15,1,1,1,1,1,1,1,0,0,0,0,0
1372.45,19.061805555555555,71,19.1,0,0,0,0,0,0,0,1,1,0,0,0
1212.25,20.546610169491526,58,20.8,0,0,0,0,1,0,0,0,1,0,0,0
6237.05,87.84577464788732,70,90.15,0,0,0,0,1,1,0,1,1,0,1,0
6310.9,87.65138888888889,71,90.1,0,0,1,0,0,0,0,1,1,0,0,0
5031.0,71.87142857142857,69,74.1,0,0,0,0,1,0,0,0,1,1,0,0
85.05,42.525,1,85.05,1,1,1,1,0,1,1,0,0,1,0,1
8672.45,118.80068493150686,72,118.75,0,0,0,0,0,1,1,1,1,0,1,0
2196.45,81.35,26,85.9,1,1,0,0,0,0,1,1,0,1,0,0
3008.15,88.47500000000001,33,95.0,1,1,0,0,0,1,1,1,0,1,0,0
220.8,20.072727272727274,10,20.15,0,0,0,0,0,0,0,1,1,0,1,0
5779.6,99.64827586206897,57,101.3,0,0,0,0,0,0,1,0,1,1,0,0
222.65,20.240909090909092,10,21.2,1,0,1,0,0,1,0,0,0,0,0,0
914.6,22.865000000000002,39,24.2,0,0,0,0,0,1,0,1,0,0,1,0
246.3,20.525000000000002,11,20.3,1,0,0,0,0,0,0,0,0,0,0,0
2110.15,95.9159090909091,21,102.8,1,1,1,0,0,1,1,1,0,0,1,1
5560.0,80.57971014492753,68,85.3,0,1,0,0,0,0,0,1,1,0,1,0
1633.0,85.94736842105263,18,89.6,0,1,0,1,1,1,1,0,0,1,0,0
547.65,78.23571428571428,6,99.95,1,1,0,0,0,1,1,0,0,1,0,1
969.85,51.044736842105266,18,56.25,1,0,0,1,1,0,0,0,0,1,0,0
2610.65,49.257547169811325,52,50.95,0,1,0,1,0,1,0,1,0,1,1,0
6567.9,115.22631578947367,56,115.85,0,0,0,0,1,0,1,1,1,0,1,0
4747.85,103.21413043478262,45,103.65,1,1,0,0,1,1,1,0,0,1,0,0
1759.55,25.875735294117646,67,26.1,0,0,0,0,0,1,0,0,1,0,0,0
101.1,25.275,3,35.1,1,0,0,0,1,0,0,1,0,1,0,0
6496.15,98.42651515151515,65,99.1,1,1,0,1,1,1,1,0,0,0,0,0
4234.15,66.15859375,63,67.25,0,1,0,0,1,0,0,1,1,0,0,0
300.7,25.058333333333334,11,25.0,0,0,0,0,0,0,0,1,1,0,1,0
59.55,29.775,1,59.55,1,1,0,0,1,1,0,0,0,1,1,0
4323.35,77.20267857142858,55,77.8,0,1,0,1,1,1,0,0,1,1,0,0
1466.1,56.388461538461534,25,55.1,0,1,0,0,1,1,0,1,0,1,1,0
8684.8,118.96986301369861,72,117.8,0,0,0,0,1,1,1,1,0,0,0,1
1776.45,24.334931506849315,72,24.15,0,0,0,0,0,1,0,1,1,0,0,0
2933.95,44.45378787878788,65,45.25,0,1,0,0,0,0,0,0,1,0,1,0
4370.25,79.4590909090909,54,79.5,1,1,1,1,0,1,1,0,0,0,0,1
144.35,18.04375,7,20.25,1,0,0,0,1,0,0,1,0,0,1,0
4804.75,65.81849315068493,72,64.75,0,0,0,0,0,0,0,1,1,0,0,0
1125.2,51.14545454545455,21,54.6,1,1,0,1,1,0,0,1,0,1,0,0
39.85,13.283333333333333,2,20.7,1,0,0,0,0,1,0,0,0,0,0,0
422.4,84.47999999999999,4,94.75,1,1,1,1,1,1,1,0,0,1,0,0
251.75,62.9375,3,79.65,1,1,0,0,1,1,1,1,0,1,0,1
8332.15,114.1390410958904,72,115.8,0,0,0,0,1,0,1,1,1,0,0,0
314.6,44.94285714285714,6,49.45,1,0,1,1,0,1,0,0,0,1,0,0
4331.4,81.72452830188679,52,83.8,1,1,0,1,1,1,1,0,0,1,0,0
6382.0,91.17142857142858,69,95.35,1,1,0,1,1,1,1,1,0,0,0,0
740.3,82.25555555555555,8,94.7,1,1,1,1,1,1,1,0,0,1,0,1
600.15,66.68333333333334,8,74.05,1,1,0,1,0,1,1,0,0,1,0,0
5538.8,86.54375,63,89.6,1,1,0,1,0,1,1,0,0,1,0,0
7049.5,115.56557377049181,60,116.6,0,0,0,0,1,1,1,0,0,0,0,0
690.5,53.11538461538461,12,54.2,1,0,0,0,0,0,0,1,0,1,0,0
279.3,19.95,13,19.3,1,0,0,0,0,1,0,0,0,0,0,0
1427.55,62.06739130434782,22,65.05,1,0,0,1,1,0,0,0,0,0,0,0
452.7,75.45,5,92.5,1,1,1,1,1,1,1,0,0,1,0,1
19.45,9.725,1,19.45,1,0,0,0,0,0,0,1,0,0,1,1
1709.15,23.413013698630138,72,24.05,0,0,0,0,0,1,0,1,1,0,1,0
53.15,17.716666666666665,2,18.75,1,0,0,0,0,0,0,0,0,0,0,0
777.35,18.959756097560977,40,20.15,0,0,0,0,0,0,0,1,1,0,1,0
860.85,19.13,44,20.0,0,0,0,0,1,0,0,1,0,0,1,0
5012.1,69.61250000000001,71,71.0,0,0,0,0,1,1,0,1,0,0,0,0
166.3,55.43333333333334,2,75.55,1,1,1,1,0,1,1,0,0,1,0,1
2404.1,89.04074074074073,26,93.6,1,1,1,1,1,1,1,0,0,1,0,0
70.0,35.0,1,70.0,1,1,1,1,1,1,1,1,0,1,1,1
24.4,12.2,1,24.4,1,1,0,1,0,0,0,0,0,1,0,0
4820.15,73.03257575757576,65,74.8,0,0,0,0,1,1,0,1,1,1,1,1
209.9,52.475,3,65.25,1,1,0,0,1,1,0,0,0,1,0,0
610.75,43.625,13,50.55,1,1,0,0,1,1,0,0,0,1,0,0
3409.6,100.28235294117647,33,104.4,1,1,1,1,0,1,1,1,0,0,0,1
70.7,35.35,1,70.7,1,1,0,1,0,1,1,0,0,1,0,0
155.35,31.07,4,45.25,1,1,0,1,1,0,0,1,0,1,1,0
144.0,48.0,2,70.3,1,1,1,1,1,1,1,0,0,1,0,0
7875.0,107.87671232876713,72,108.95,0,0,0,0,1,1,1,1,1,0,0,0
911.6,23.989473684210527,37,26.45,1,0,0,0,0,0,0,1,0,0,1,0
1270.2,79.3875,15,86.2,1,0,1,1,0,0,1,0,0,1,0,1
478.1,19.920833333333334,23,19.65,0,0,0,0,0,1,0,0,0,0,0,0
1561.5,50.37096774193548,30,51.2,1,1,0,0,0,0,0,1,0,1,1,1
761.85,17.717441860465115,42,19.05,0,0,1,0,0,1,0,1,0,0,1,0
2282.95,69.18030303030302,32,74.75,0,0,0,1,0,0,0,0,0,1,0,0
1615.1,70.22173913043478,22,75.8,1,1,0,1,0,1,1,1,0,1,1,0
1097.15,25.51511627906977,42,25.1,1,1,0,1,1,1,0,1,0,1,0,0
369.3,41.03333333333333,8,44.45,1,1,0,1,0,0,0,0,0,1,0,0
6725.3,101.89848484848486,65,104.3,0,0,0,1,0,1,1,1,1,1,1,0
31.55,10.516666666666667,2,19.5,1,0,0,0,0,0,0,0,0,0,0,1
6293.2,88.63661971830986,70,89.0,0,0,0,0,0,1,0,1,1,0,1,0
432.5,18.804347826086957,22,20.15,1,0,0,0,1,0,0,0,0,0,1,0
321.75,64.35,4,74.9,1,1,1,1,0,1,1,0,0,1,0,1
147.15,49.050000000000004,2,74.9,1,1,0,1,0,0,1,0,0,1,0,1
2434.45,35.80073529411764,67,36.15,0,0,0,1,0,0,0,1,1,0,1,0
532.1,20.465384615384615,25,19.2,1,0,0,0,0,1,0,0,0,0,0,0
375.25,17.86904761904762,20,19.25,1,0,0,0,0,0,0,1,0,0,0,0
125.95,41.983333333333334,2,61.2,1,0,0,1,0,1,0,0,0,1,1,0
1042.65,20.05096153846154,51,20.45,0,0,0,0,1,0,0,0,1,0,0,0
1620.25,34.473404255319146,46,35.05,1,0,0,1,0,0,0,1,0,0,1,0
2387.75,91.83653846153847,25,100.25,1,1,1,1,0,1,1,0,0,0,0,1
659.35,47.096428571428575,13,44.0,1,1,0,1,1,0,0,0,0,1,1,0
2660.2,102.3153846153846,25,102.8,1,0,0,1,0,1,1,0,0,0,0,1
1285.8,47.62222222222222,26,50.35,0,1,0,1,1,0,0,1,0,1,1,0
4211.55,95.71704545454546,43,100.0,0,1,1,0,1,1,1,0,0,1,0,1
377.55,18.8775,19,20.0,1,0,1,0,1,1,0,0,0,0,1,0
990.9,90.08181818181818,10,99.85,1,1,1,0,1,1,1,1,0,0,0,1
193.8,64.60000000000001,2,94.2,1,1,0,1,0,1,1,0,0,1,1,1
6058.95,82.99931506849315,72,86.4,0,0,0,0,0,1,0,1,1,0,0,0
964.9,50.78421052631579,18,58.4,1,0,0,1,1,1,0,0,0,0,0,0
790.15,79.015,9,83.85,1,1,1,1,1,1,1,0,0,1,0,1
2467.75,88.13392857142857,27,88.3,1,1,0,1,0,0,1,0,0,1,0,1
2322.85,92.914,24,94.1,1,1,1,1,1,1,1,0,0,1,0,0
7262.0,103.74285714285715,69,104.05,0,1,0,0,1,1,1,0,0,0,0,1
4854.3,103.28297872340426,46,108.9,0,1,0,0,0,1,1,1,1,0,0,0
7748.75,106.1472602739726,72,107.4,0,0,0,0,0,1,1,0,1,0,0,0
1914.9,83.25652173913043,22,94.7,1,1,0,1,1,1,1,1,0,1,0,1
6470.1,91.1281690140845,70,90.85,1,0,1,1,0,1,1,1,0,1,0,0
57.4,19.133333333333333,2,19.9,1,0,1,0,0,0,0,0,0,0,0,0
2019.8,63.11875,31,66.4,1,1,0,0,1,1,0,1,0,1,0,0
5688.05,99.79035087719299,56,100.65,1,1,0,1,0,1,1,1,0,1,0,1
1522.7,89.57058823529412,16,100.7,1,0,0,1,0,0,1,1,0,1,1,0
1334.5,25.17924528301887,52,25.6,0,0,0,0,1,0,0,0,1,0,1,0
252.0,18.0,13,19.85,1,0,0,0,1,1,0,1,0,0,1,0
700.45,19.456944444444446,35,20.75,0,0,0,0,0,0,0,0,0,0,0,0
5655.45,94.2575,59,95.8,0,1,1,1,0,0,1,0,1,1,0,0
6747.35,92.42945205479452,72,94.65,1,1,1,1,1,1,1,1,0,1,0,0
5265.1,78.58358208955224,66,80.55,0,1,0,1,0,1,0,1,1,0,0,1
5174.35,103.48700000000001,49,106.65,0,0,0,0,0,0,1,1,1,0,0,0
105.6,35.199999999999996,2,45.85,1,1,0,1,0,1,0,0,0,1,0,0
2271.85,103.26590909090909,21,104.35,1,1,1,1,1,1,1,0,0,0,0,0
2966.95,53.94454545454545,54,55.45,0,1,1,1,1,1,0,0,0,0,0,0
1772.25,70.89,24,78.85,1,0,1,1,1,1,1,1,0,1,0,1
61.15,30.575,1,61.15,1,0,1,1,1,0,0,0,0,0,0,0
494.95,70.70714285714286,6,78.95,1,0,1,1,1,1,1,0,0,0,0,0
44.45,22.225,1,44.45,1,1,0,1,0,1,0,0,0,1,0,1
5290.45,105.809,49,109.2,0,0,0,1,1,1,1,0,0,0,1,0
3346.8,58.71578947368421,56,61.3,0,0,0,1,0,1,0,1,1,0,1,0
5219.65,91.57280701754385,56,96.85,1,0,1,1,0,1,1,0,0,0,0,0
217.5,31.071428571428573,6,40.55,0,1,0,0,0,0,0,1,1,0,1,0
607.7,18.415151515151518,32,19.8,0,0,0,0,1,0,0,0,0,0,0,0
5431.4,106.49803921568626,50,108.25,0,0,1,1,1,1,1,1,0,0,1,0
6004.85,101.7771186440678,58,105.05,0,1,0,0,1,1,1,1,0,1,1,0
5957.9,90.27121212121212,65,90.45,0,0,0,0,0,1,0,1,1,0,1,0
5442.05,83.72384615384615,64,86.4,0,0,0,0,0,1,0,0,1,0,0,0
4370.25,65.2276119402985,66,66.9,0,0,0,1,0,0,0,1,1,0,0,0
4428.6,113.55384615384617,38,110.7,0,0,1,0,1,1,1,1,0,1,0,0
416.45,19.83095238095238,20,20.0,0,0,0,0,0,1,0,1,0,0,0,0
3067.2,82.89729729729729,36,84.9,1,1,1,1,1,1,1,0,0,1,0,1
6688.1,102.89384615384616,64,102.1,0,1,1,0,1,0,1,0,0,1,0,0
20.25,10.125,1,20.25,1,0,0,0,1,0,0,0,0,0,0,1
4224.7,69.25737704918032,60,70.15,0,1,0,0,0,1,0,0,0,0,0,0
74.35,37.175,1,74.35,1,1,1,1,1,1,1,0,0,0,0,1
4042.2,79.25882352941176,50,80.05,0,0,0,0,0,1,0,1,0,0,1,0
62.05,31.025,1,62.05,1,1,0,0,1,0,0,0,0,1,0,1
3580.95,49.05410958904109,72,49.2,0,0,1,1,0,1,0,1,1,0,0,0
1198.8,19.652459016393443,60,20.5,0,0,0,0,1,1,0,1,1,0,0,0
1755.35,37.34787234042553,46,38.25,0,0,0,0,1,0,0,0,1,1,0,0
3772.5,53.892857142857146,69,54.95,0,1,0,1,0,1,0,1,1,0,1,0
2877.95,89.9359375,31,96.6,1,1,0,0,1,1,1,0,0,1,0,0
357.7,17.884999999999998,19,19.9,0,0,0,0,1,0,0,1,0,0,1,0
1397.3,19.406944444444445,71,19.9,0,0,0,0,0,0,0,1,1,0,1,0
959.9,73.83846153846153,12,84.6,1,0,1,1,1,1,1,1,0,0,0,0
3182.95,79.57374999999999,39,80.0,0,0,0,0,1,0,0,1,0,1,1,1
3704.15,82.31444444444445,44,85.25,0,1,0,0,1,1,0,0,0,0,0,0
4620.4,81.05964912280702,56,81.25,0,0,0,0,0,0,0,1,1,0,1,0
8312.75,113.87328767123287,72,115.5,0,0,0,0,0,1,1,1,1,0,0,0
541.9,90.31666666666666,5,104.1,1,1,0,1,1,0,1,0,0,0,0,1
929.3,77.44166666666666,11,79.0,1,0,0,1,0,1,1,0,0,1,0,0
971.3,38.852,24,39.1,1,0,0,1,1,0,0,1,0,1,0,1
1285.05,80.315625,15,94.65,1,1,1,1,0,1,1,1,0,0,0,0
1521.2,20.838356164383562,72,20.8,0,0,0,0,1,1,0,0,1,0,0,0
3389.25,59.46052631578947,56,59.5,0,1,0,1,1,0,0,1,1,0,0,0
1198.05,18.431538461538462,64,20.05,0,0,0,0,1,1,0,0,1,0,0,0
3414.65,97.56142857142858,34,100.45,1,1,1,1,0,1,1,1,0,1,0,0
162.45,54.15,2,76.5,1,1,1,1,1,1,1,0,0,1,0,1
754.0,20.944444444444443,35,20.6,0,0,0,0,1,0,0,0,0,0,0,0
467.15,20.31086956521739,22,20.3,0,0,0,0,1,0,0,0,0,0,0,0
216.9,36.15,5,49.2,1,1,1,0,1,1,0,0,0,1,0,1
373.0,37.3,9,39.55,0,0,0,1,1,0,0,0,0,0,0,0
245.2,20.433333333333334,11,23.15,1,0,0,0,1,0,0,0,0,0,0,1
481.1,20.045833333333334,23,20.45,0,0,0,0,1,0,0,0,0,0,0,0
302.75,60.55,4,80.85,1,1,1,1,0,0,1,1,0,1,1,1
1728.2,25.046376811594204,68,25.25,0,0,0,0,1,0,0,1,1,0,0,0
2964.05,87.1779411764706,33,91.25,1,1,1,1,1,0,1,1,0,1,0,0
2156.25,67.3828125,31,72.45,1,0,0,0,1,1,0,0,0,0,0,0
60.1,30.05,1,60.1,1,1,0,0,1,0,0,0,0,0,0,1
1051.9,18.454385964912284,56,19.7,0,0,0,0,0,0,0,0,1,0,0,0
78.95,39.475,1,78.95,1,1,1,1,1,1,1,0,0,1,0,1
5013.0,74.82089552238806,66,75.1,0,0,1,0,1,1,0,1,0,0,1,0
1738.9,23.82054794520548,72,25.0,0,0,0,0,1,0,0,1,1,0,1,0
2275.1,65.00285714285714,34,69.15,1,1,0,1,1,0,1,0,0,1,0,0
5511.65,93.41779661016949,58,91.55,1,1,1,1,0,1,1,1,0,0,1,0
98.5,32.833333333333336,2,45.15,1,1,1,1,1,1,0,0,0,1,0,1
1316.9,34.65526315789474,37,35.8,0,1,0,1,1,0,0,0,1,1,0,0
7993.3,111.01805555555556,71,113.15,0,0,0,0,0,1,1,0,1,0,0,0
19.85,9.925,1,19.85,0,0,0,0,1,0,0,1,0,0,1,0
1388.45,19.28402777777778,71,19.8,0,0,0,0,1,0,0,1,1,0,1,0
666.0,18.5,35,19.9,0,0,1,0,1,0,0,1,0,0,1,0
94.45,13.492857142857144,6,19.7,0,0,0,0,0,0,0,1,0,0,1,0
244.65,61.1625,3,79.4,1,1,1,1,0,1,1,0,0,1,0,1
4134.7,59.067142857142855,69,59.1,0,1,0,0,0,0,0,1,0,0,1,0
2375.4,52.78666666666667,44,53.95,0,1,0,1,1,1,0,0,0,0,0,1
4862.5,90.04629629629629,53,91.15,0,1,1,0,0,1,1,1,0,1,0,0
2431.35,97.25399999999999,24,99.3,1,1,0,1,0,1,1,1,0,0,0,1
351.5,58.583333333333336,5,68.95,1,1,1,1,0,1,1,1,0,1,0,0
106.2,35.4,2,51.55,1,1,0,1,0,0,0,0,0,0,1,0
1413.0,22.428571428571427,62,24.4,0,0,0,0,1,1,0,0,1,0,1,0
1743.05,87.1525,19,96.8,1,1,1,1,0,1,1,1,0,1,0,0
657.5,65.75,9,70.05,1,1,0,1,1,0,1,0,0,1,0,0
1050.5,19.453703703703702,53,19.5,0,0,0,0,1,0,0,0,1,0,0,0
426.35,71.05833333333334,5,78.75,1,1,0,1,1,0,1,0,0,1,0,0
4982.5,69.20138888888889,71,69.2,0,0,1,1,0,0,0,1,0,0,1,0
19.55,9.775,1,19.55,1,0,0,0,0,1,0,0,0,0,0,0
1451.9,76.41578947368421,18,80.65,1,1,1,1,1,1,1,0,0,0,0,1
7634.8,104.58630136986302,72,103.65,0,1,1,1,1,1,1,0,1,0,0,0
235.05,47.010000000000005,4,54.7,1,0,0,1,0,0,0,1,0,0,0,0
3116.15,51.935833333333335,59,54.15,0,1,0,1,1,0,0,0,1,1,0,0
71.1,35.55,1,71.1,1,1,0,1,0,0,1,0,0,1,0,1
2633.4,82.29375,31,84.85,1,1,1,1,0,1,1,1,0,1,0,0
49.65,12.4125,3,20.0,1,0,0,0,1,0,0,1,0,0,0,0
6979.8,105.75454545454545,65,106.25,0,1,1,1,0,1,1,1,0,0,0,1
4920.8,98.416,49,99.25,0,1,0,0,1,1,1,1,0,1,0,0
46.35,15.450000000000001,2,19.35,1,0,0,0,1,0,0,0,0,0,0,0
1021.8,18.92222222222222,53,20.8,0,0,0,0,0,0,0,1,0,0,0,1
5276.1,94.21607142857144,55,94.75,0,0,1,1,0,1,1,1,0,1,0,0
8289.2,113.55068493150686,72,114.05,0,0,0,0,1,1,1,1,1,0,1,0
2659.45,71.87702702702703,36,74.9,1,1,0,1,0,1,1,0,0,1,0,0
196.75,17.886363636363637,10,19.8,1,0,0,0,0,1,0,1,0,0,1,0
94.0,47.0,1,94.0,1,1,1,1,1,1,1,0,0,1,0,1
5824.75,79.79109589041096,72,80.85,0,0,0,0,0,0,0,1,1,0,1,0
1517.5,52.327586206896555,28,54.65,1,1,0,0,0,0,0,0,0,0,0,0
3479.05,89.20641025641027,38,91.7,1,0,0,1,1,0,1,1,0,1,0,0
7365.7,118.8016129032258,61,118.6,0,0,1,0,0,1,1,0,0,0,0,0
1331.05,25.114150943396226,52,24.55,0,0,0,0,1,0,0,1,1,0,1,0
1195.95,17.587500000000002,67,19.45,0,0,0,0,1,1,0,0,0,0,0,0
3946.9,112.76857142857143,34,116.15,0,0,0,0,0,1,1,0,1,0,1,0
4299.95,78.18090909090908,54,80.6,0,0,1,0,0,0,0,0,1,1,0,0
20.3,10.15,1,20.3,1,0,0,0,0,1,0,1,0,0,0,0
1424.95,89.059375,15,89.85,1,1,1,1,0,0,1,0,0,0,0,1
193.6,38.72,4,46.0,1,1,0,1,0,1,0,0,0,1,0,1
620.55,62.05499999999999,9,66.25,1,1,0,0,0,0,0,0,0,0,0,1
4391.25,93.43085106382979,46,99.8,1,1,1,1,0,1,1,0,0,0,1,0
1993.8,86.68695652173913,22,90.0,1,1,1,0,0,1,1,0,0,1,0,1
2597.6,66.6051282051282,38,70.45,0,1,0,1,1,1,1,0,0,1,0,1
4213.9,75.24821428571428,55,75.0,0,0,0,0,0,1,0,1,0,0,1,0
19.9,9.95,1,19.9,1,0,0,0,0,0,0,0,0,0,0,0
5017.7,77.19538461538461,64,80.3,0,0,0,1,1,0,1,1,0,1,0,0
1052.35,19.48796296296296,53,19.75,0,0,0,0,1,0,0,0,1,0,1,1
4916.4,83.32881355932203,58,84.3,0,0,1,0,0,1,0,1,1,1,0,0
2959.8,51.92631578947369,56,54.05,0,1,0,0,1,1,0,1,0,1,0,0
7559.55,103.5554794520548,72,104.9,0,0,0,0,1,1,1,1,1,1,1,0
53.95,26.975,1,53.95,1,0,1,0,1,1,0,0,0,1,0,1
7133.1,97.71369863013699,72,97.25,0,1,0,1,1,1,1,1,0,0,0,0
1799.3,78.2304347826087,22,83.05,1,1,1,1,1,0,1,0,0,1,0,0
829.55,92.17222222222222,8,105.5,1,1,1,1,0,1,1,0,0,0,0,1
1312.15,77.18529411764706,16,81.0,1,1,1,1,0,1,1,0,0,1,1,1
1597.05,39.926249999999996,39,41.1,1,1,0,0,0,0,0,0,0,0,0,0
524.35,40.33461538461539,12,45.0,1,1,0,1,0,1,0,0,0,1,0,0
4191.45,76.20818181818181,54,74.55,0,0,0,1,1,1,0,1,1,0,0,0
711.95,37.47105263157895,18,40.2,0,0,0,0,0,1,0,0,0,0,0,0
2201.75,66.71969696969697,32,70.5,0,0,0,0,1,0,0,1,0,0,0,0
806.95,19.21309523809524,41,19.75,0,0,0,0,0,1,0,0,0,0,0,0
1620.45,23.83014705882353,67,24.65,0,0,0,0,1,0,0,1,1,0,1,0
6812.95,103.22651515151514,65,104.25,1,0,1,1,1,1,1,1,0,1,0,0
1837.9,70.68846153846154,25,78.35,1,0,0,0,0,1,0,0,0,0,0,0
69.8,34.9,1,69.8,1,1,1,1,0,1,1,1,0,1,1,1
7344.45,108.00661764705882,67,109.7,0,1,0,0,0,1,1,1,0,0,0,0
545.15,68.14375,7,73.75,1,1,0,1,1,0,1,0,0,1,0,1
1500.25,34.09659090909091,43,33.45,1,0,0,1,0,1,0,0,0,0,0,0
2283.15,91.32600000000001,24,94.6,1,0,1,1,0,1,1,0,0,1,0,0
494.05,49.405,9,54.55,1,0,1,1,1,0,0,0,0,1,0,1
1376.5,19.664285714285715,69,20.2,0,0,0,0,1,0,0,1,1,0,1,0
755.4,19.878947368421052,37,20.3,0,0,0,0,0,0,0,0,0,0,1,0
825.4,39.304761904761904,20,39.4,0,0,0,0,1,1,0,1,1,1,1,0
488.65,61.08125,7,69.15,1,1,0,1,1,0,1,0,0,1,0,0
2841.55,74.77763157894738,37,76.25,1,1,1,1,0,1,1,0,0,1,0,1
486.85,81.14166666666667,5,93.9,1,1,0,1,0,1,1,0,0,1,0,1
2075.1,49.40714285714286,41,51.35,0,1,1,1,1,1,0,0,0,1,0,0
5299.65,96.35727272727271,54,100.05,0,0,0,1,0,1,1,0,0,0,0,0
204.7,51.175,3,70.4,1,1,1,1,0,1,1,0,0,1,0,1
1356.3,19.375714285714285,69,20.3,0,0,0,0,1,0,0,0,1,0,0,0
5042.75,93.38425925925925,53,94.45,0,1,0,0,0,1,1,0,0,0,0,0
812.4,42.757894736842104,18,46.4,0,1,0,1,1,0,0,1,0,0,1,0
6605.55,101.62384615384616,64,104.05,0,0,0,0,1,1,1,1,1,0,0,0
2995.45,93.6078125,31,91.15,1,1,1,1,0,1,1,1,0,0,1,1
505.95,24.09285714285714,20,24.9,1,1,0,1,0,0,0,0,0,1,0,0
3509.4,60.50689655172414,57,59.6,0,0,0,0,1,0,0,1,0,0,1,0
6991.9,109.2484375,63,108.5,0,0,0,1,1,0,1,1,1,0,0,0
590.35,42.167857142857144,13,40.55,0,0,0,0,1,0,0,1,1,0,1,0
2789.7,56.932653061224485,48,58.95,0,1,0,1,0,1,0,1,0,0,0,0
137.95,45.98333333333333,2,70.95,1,1,1,1,0,1,1,0,0,1,0,1
1123.15,19.364655172413794,57,20.75,0,0,0,0,1,0,0,1,1,0,1,0
7953.25,110.46180555555556,71,113.15,0,1,0,0,1,1,1,1,0,0,0,0
349.8,43.725,7,48.8,1,1,1,1,0,0,0,1,0,1,1,0
1067.05,62.76764705882353,16,63.05,1,1,0,1,0,1,0,0,0,1,0,0
3527.3,100.78,34,100.85,1,1,1,1,1,0,1,1,0,1,0,0
3762.0,99.0,37,99.5,1,1,1,1,0,1,1,1,0,1,0,1
1248.9,73.46470588235294,16,80.55,1,1,0,1,1,1,1,0,0,0,0,0
3035.35,61.945918367346934,48,64.4,0,0,0,1,1,1,0,0,0,0,1,0
4300.8,72.89491525423729,58,75.2,0,1,0,0,1,1,0,1,0,0,1,0
6065.3,83.08630136986302,72,84.9,0,0,0,0,0,1,0,1,1,1,0,0
144.95,18.11875,7,19.3,1,0,0,0,0,0,0,0,0,0,0,0
3233.6,82.91282051282052,38,83.9,1,0,0,1,0,1,1,0,0,0,0,1
5438.9,110.99795918367346,48,117.45,1,0,1,0,0,0,1,1,0,0,0,1
1081.45,98.31363636363636,10,104.4,1,0,1,1,1,1,1,0,0,0,0,1
2308.6,74.47096774193548,30,74.65,0,0,0,0,0,0,0,0,0,0,0,0
1882.8,58.8375,31,59.05,1,1,0,1,1,1,0,1,0,1,0,0
3255.35,69.2627659574468,46,69.1,0,1,0,0,0,1,0,0,0,1,0,0
1067.65,20.9343137254902,50,20.55,0,0,0,0,1,0,0,1,1,0,0,0
2065.4,71.22068965517242,28,76.55,1,1,0,0,1,0,1,1,0,1,0,0
4136.4,61.73731343283581,66,62.5,0,0,0,0,0,1,0,0,1,0,0,0
221.9,24.655555555555555,8,29.4,1,1,1,1,1,1,0,0,0,1,0,1
3848.0,91.61904761904762,41,94.9,1,1,0,1,0,1,1,1,0,1,1,0
8022.85,109.90205479452055,72,111.65,0,1,0,0,1,1,1,1,1,0,0,0
173.15,21.64375,7,19.9,0,0,0,0,0,0,0,0,0,0,0,0
781.25,20.03205128205128,38,20.45,1,0,0,0,0,0,0,1,0,0,1,0
4510.8,100.24000000000001,44,106.05,0,0,1,1,1,1,1,0,0,0,0,0
5317.8,110.78750000000001,47,113.45,0,0,0,0,1,1,1,1,0,0,1,0
4779.45,88.50833333333333,53,92.55,1,1,1,0,1,1,1,1,0,0,1,0
250.1,50.019999999999996,4,65.6,1,1,1,1,1,0,0,1,0,1,0,0
1745.2,83.1047619047619,20,84.35,1,1,1,1,1,1,1,0,0,1,0,0
74.9,24.96666666666667,2,44.65,1,1,0,1,1,0,0,0,0,1,0,1
4140.1,71.38103448275862,57,71.1,0,1,0,1,1,1,0,1,0,0,0,0
3670.5,81.56666666666666,44,85.15,1,0,1,0,0,1,1,1,0,0,0,0
1167.8,46.711999999999996,24,49.7,1,1,0,1,1,1,0,0,0,1,0,0
469.65,29.353125,15,30.2,1,0,0,1,1,1,0,1,0,1,1,0
58.9,14.725,3,25.25,1,1,1,1,0,0,0,0,0,1,0,1
333.55,66.71000000000001,4,84.05,1,1,0,1,0,0,1,0,0,0,1,1
3171.15,83.45131578947368,37,85.7,1,1,1,1,1,1,1,1,0,1,0,1
74.7,37.35,1,74.7,1,1,1,1,0,1,1,0,0,0,0,1
1381.2,55.248000000000005,24,56.35,1,0,0,0,0,0,0,0,0,1,0,0
455.5,75.91666666666667,5,90.8,1,1,1,1,0,1,1,0,0,0,0,1
3645.5,107.22058823529412,33,107.55,1,1,1,1,0,0,1,0,0,0,0,0
1158.85,19.64152542372881,58,19.85,0,0,0,0,0,1,0,1,1,0,1,0
6954.15,95.26232876712328,72,95.9,0,0,0,1,0,1,1,1,1,0,1,0
1672.1,23.22361111111111,71,23.85,0,0,0,0,0,0,0,1,1,0,0,0
3152.5,108.70689655172414,28,106.15,1,1,1,1,0,1,1,0,0,0,0,1
4307.1,82.82884615384616,51,83.85,0,0,0,0,1,1,0,1,1,0,0,0
2530.4,81.6258064516129,30,85.35,0,0,0,0,0,0,0,0,0,0,0,1
6141.65,84.13219178082191,72,84.8,0,0,0,0,1,1,1,1,1,0,0,0
3186.7,86.12702702702703,36,90.85,1,0,1,1,1,1,1,0,0,1,0,1
1054.8,70.32,14,76.1,0,0,0,0,1,0,0,0,1,0,1,0
5430.65,74.39246575342466,72,74.55,0,0,0,0,0,0,0,1,1,0,1,0
849.9,36.952173913043474,22,39.2,1,1,1,1,0,0,0,1,0,0,1,0
151.75,50.583333333333336,2,79.55,1,1,1,1,0,0,1,0,0,0,0,0
299.4,18.7125,15,19.6,1,0,0,0,0,0,0,0,0,0,0,0
1086.75,20.89903846153846,51,19.55,0,0,0,0,1,0,0,1,1,0,1,0
2692.75,37.92605633802817,70,39.15,0,0,0,0,1,1,0,1,1,1,0,0
1389.6,19.299999999999997,71,20.1,0,0,0,0,0,0,0,1,1,0,1,0
3767.4,94.185,39,99.95,1,1,0,0,0,1,1,1,0,1,1,0
3641.5,58.733870967741936,61,59.8,1,0,1,1,0,0,0,1,0,0,1,0
2535.55,47.840566037735854,52,49.75,1,0,0,1,0,1,0,0,0,1,0,0
35.75,17.875,1,35.75,1,1,1,1,0,1,0,0,0,1,0,1
6880.85,105.85923076923078,64,108.5,0,0,0,0,1,1,1,1,0,1,0,0
3753.2,59.57460317460317,62,60.15,0,1,0,0,1,1,0,1,1,0,0,0
637.55,20.566129032258065,30,19.05,0,0,0,0,1,0,0,1,1,0,0,0
181.6,36.32,4,46.0,1,1,1,1,0,0,0,1,0,1,1,1
5329.55,83.27421875,63,84.0,0,0,0,0,1,1,0,1,0,0,0,0
44.55,22.275,1,44.55,1,1,0,1,0,1,0,0,0,1,0,0
1539.8,96.2375,15,103.45,1,1,1,0,1,1,1,1,0,1,0,0
2209.75,78.91964285714286,27,80.65,0,0,0,1,1,1,1,1,0,0,1,0
223.75,44.75,4,57.2,1,0,0,1,0,1,0,0,0,0,1,0
7751.7,106.18767123287671,72,110.75,0,0,1,1,0,1,1,1,1,0,0,0
1174.35,25.529347826086955,45,24.7,0,0,0,0,1,0,0,1,0,0,0,0
4385.05,95.32717391304348,45,97.05,1,0,1,0,0,1,1,0,0,0,0,0
2606.35,70.44189189189188,36,76.35,0,0,0,0,0,1,0,0,0,0,0,0
1539.45,85.525,17,89.4,1,0,1,1,1,1,1,1,0,1,1,1
18.9,9.45,1,18.9,1,0,0,0,1,0,0,0,0,0,0,0
1261.35,74.1970588235294,16,74.45,1,1,0,1,1,1,1,0,0,1,0,0
58.15,14.5375,3,19.8,1,0,0,0,1,1,0,0,0,0,0,1
225.6,45.12,4,50.9,1,1,1,1,1,1,0,1,0,1,1,1
5969.3,82.90694444444445,71,84.4,0,0,0,0,0,1,0,1,1,0,0,0
253.9,23.081818181818182,10,24.4,1,0,0,0,1,1,0,1,0,0,1,0
400.0,19.047619047619047,20,20.05,0,0,0,0,1,0,0,1,1,0,1,0
340.85,68.17,4,81.0,1,1,1,1,1,1,1,0,0,1,0,1
2515.3,93.15925925925927,26,98.35,1,1,1,1,1,1,1,0,0,1,0,1
227.35,45.47,4,55.5,1,1,0,1,0,0,0,0,0,1,0,0
305.95,50.99166666666667,5,51.0,1,1,0,1,1,1,0,0,0,0,0,1
365.4,73.08,4,91.65,1,1,1,1,0,1,1,1,0,0,0,1
2357.75,78.59166666666667,29,84.3,1,1,1,1,1,1,1,1,0,1,0,0
198.5,66.16666666666667,2,100.2,1,0,1,1,1,0,1,0,0,0,0,0
554.25,18.475,29,19.4,0,0,0,0,0,0,0,0,1,0,0,0
90.85,45.425,1,90.85,1,1,1,1,1,1,1,0,0,1,1,1
69.4,34.7,1,69.4,1,1,0,1,1,0,1,0,0,1,0,1
742.95,82.55000000000001,8,94.45,1,1,0,1,0,1,1,0,0,1,0,1
251.65,17.975,13,20.4,1,0,1,0,1,1,0,0,0,0,0,0
5597.65,93.29416666666665,59,94.75,1,0,1,1,0,1,1,1,0,0,0,0
20.15,10.075,1,20.15,1,0,0,0,0,1,0,1,0,0,1,1
4816.7,94.44509803921568,50,95.7,1,1,1,1,1,1,1,0,0,1,0,1
768.05,40.42368421052631,18,44.35,1,1,0,1,1,1,0,1,0,1,0,0
1215.8,67.54444444444444,17,74.55,1,0,0,1,0,0,0,1,0,0,1,0
3522.65,73.38854166666667,47,73.6,0,1,1,1,1,0,0,1,1,0,0,0
1834.95,67.96111111111111,26,74.95,1,1,0,1,0,1,1,0,0,1,0,1
305.1,43.58571428571429,6,47.95,1,1,1,1,0,1,0,0,0,1,0,1
910.45,45.5225,19,50.1,1,1,0,1,1,0,0,1,0,1,1,0
155.65,38.9125,3,63.6,1,1,1,0,0,1,0,0,0,1,0,1
3656.25,52.98913043478261,68,53.0,0,1,1,1,0,1,0,1,1,0,1,0
52.0,17.333333333333332,2,19.85,1,0,0,0,0,0,0,1,0,0,0,0
150.85,18.85625,7,24.35,0,1,0,1,1,1,0,0,0,1,0,0
389.25,20.486842105263158,18,19.55,1,0,0,0,0,1,0,0,0,0,0,0
1873.7,26.023611111111112,71,25.05,0,0,0,0,0,0,0,1,1,0,0,0
1261.0,90.07142857142857,13,93.8,1,0,0,1,1,0,1,1,0,0,0,0
108.7,27.175,3,36.85,1,1,0,0,1,1,0,0,0,0,0,1
7346.2,100.63287671232877,72,103.75,0,1,0,1,1,1,1,1,1,0,0,0
3708.4,55.34925373134328,66,56.75,0,1,0,1,1,1,0,1,1,0,1,0
469.65,18.785999999999998,24,20.8,0,0,0,0,1,1,0,1,0,0,1,0
44.1,22.05,1,44.1,1,1,1,1,0,1,0,0,0,1,0,1
1385.85,24.31315789473684,56,24.45,0,0,0,0,0,1,0,1,1,0,1,0
548.8,23.86086956521739,22,25.6,0,0,0,0,0,0,0,1,0,0,0,0
712.75,47.516666666666666,14,50.75,1,1,1,1,1,1,0,0,0,1,0,1
6405.0,103.30645161290323,61,104.4,0,1,0,1,0,1,1,1,0,0,0,1
1637.4,39.93658536585366,40,39.3,1,1,1,1,0,1,0,1,0,0,0,1
2536.55,58.989534883720935,42,59.65,1,0,0,1,0,0,0,0,0,0,0,0
6042.7,82.77671232876712,72,83.3,0,0,0,0,0,1,0,1,1,1,1,0
958.25,73.71153846153847,12,79.55,1,1,0,0,0,1,1,0,0,1,0,0
1730.65,24.036805555555556,71,24.45,0,0,0,0,1,0,0,1,1,0,0,0
459.6,17.022222222222222,26,19.2,0,0,0,0,0,0,0,1,0,0,0,0
201.95,25.24375,7,29.8,1,0,0,1,0,0,0,0,0,1,1,0
285.2,40.74285714285714,6,45.5,1,1,0,1,0,0,0,1,0,1,1,0
6145.85,104.16694915254237,58,106.45,0,0,1,1,0,1,1,0,0,0,0,1
1529.45,29.4125,51,30.05,1,1,0,1,1,1,0,1,0,0,0,0
4664.5,63.897260273972606,72,65.65,0,0,0,0,1,1,0,1,1,0,1,0
1740.7,91.61578947368422,18,96.05,1,0,1,1,0,1,1,0,0,1,0,1
552.95,69.11875,7,75.1,1,1,0,1,0,1,1,0,0,1,0,1
3496.3,72.83958333333334,47,74.05,0,0,0,0,0,0,0,0,1,0,0,0
93.7,31.233333333333334,2,44.7,1,1,1,1,1,1,0,0,0,1,0,1
7053.35,111.95793650793651,62,110.75,0,1,0,0,1,1,1,0,0,0,0,0
301.55,17.738235294117647,16,19.7,0,0,0,0,0,0,0,1,1,0,1,0
312.7,44.67142857142857,6,49.5,1,1,0,0,1,1,0,0,0,1,0,0
1046.5,52.325,19,55.0,1,1,0,0,1,1,0,0,0,1,0,1
2960.1,42.287142857142854,69,43.95,0,0,0,1,0,1,0,1,1,1,1,0
834.2,69.51666666666667,11,74.35,1,1,1,1,1,1,1,1,0,1,1,1
6953.4,106.97538461538461,64,111.15,1,1,1,0,0,1,1,1,0,0,0,0
4134.85,103.37125,39,104.7,0,0,0,0,0,1,1,1,0,1,0,1
899.8,56.2375,15,55.7,1,0,0,1,0,1,0,0,0,1,0,1
541.5,20.826923076923077,25,20.6,1,0,0,0,1,0,0,0,0,0,0,0
116.85,16.692857142857143,6,19.65,0,0,0,0,0,0,0,0,1,0,0,0
7942.15,118.53955223880597,66,115.8,0,0,0,0,1,0,1,1,0,0,0,0
5321.25,85.82661290322581,61,88.65,0,1,0,0,0,0,0,0,1,0,0,0
4156.8,94.47272727272728,43,94.5,1,0,1,1,0,1,1,1,0,0,0,0
223.6,17.2,12,20.1,1,0,0,0,0,0,0,0,0,0,0,0
768.45,32.018750000000004,23,34.65,1,1,0,1,1,1,0,0,0,1,0,0
3765.05,52.29236111111111,71,52.3,1,1,0,1,1,1,0,1,0,0,0,0
2157.5,61.642857142857146,34,65.0,1,1,0,0,0,0,0,0,0,1,0,0
108.05,18.008333333333333,5,19.85,1,0,0,0,0,0,0,0,0,0,0,1
1391.65,33.13452380952381,41,35.45,0,1,0,0,0,0,0,1,0,0,0,0
1379.8,18.9013698630137,72,19.7,0,0,0,0,0,0,0,1,1,0,1,0
1273.3,84.88666666666667,14,95.6,1,1,1,1,1,1,1,0,0,1,0,0
810.45,19.29642857142857,41,19.85,0,0,0,0,0,1,0,0,1,0,0,0
1810.85,75.45208333333333,23,81.85,0,0,0,1,0,0,1,1,0,1,1,0
7782.85,108.0951388888889,71,109.3,0,0,0,0,1,0,1,1,1,0,1,0
70.3,35.15,1,70.3,1,1,1,1,0,1,1,0,0,1,0,1
1797.1,24.61780821917808,72,25.4,0,0,0,0,1,0,0,1,1,0,0,0
377.85,53.978571428571435,6,69.8,1,1,1,1,1,1,1,1,0,1,1,0
445.3,18.554166666666667,23,20.0,0,0,0,0,1,1,0,1,0,0,1,0
851.75,77.43181818181819,10,85.55,1,1,1,1,1,0,1,1,0,1,0,1
7624.2,104.44109589041096,72,109.9,0,0,1,0,0,1,1,0,1,0,0,0
355.1,44.3875,7,50.3,1,0,0,1,0,1,0,1,0,1,0,0
575.45,82.20714285714287,6,94.5,1,1,0,1,1,0,1,0,0,1,1,1
906.85,90.685,9,101.5,1,1,1,0,1,1,1,1,0,0,1,0
1057.55,81.35,12,89.15,1,1,1,1,0,1,1,0,0,0,0,0
19.4,9.7,1,19.4,1,0,0,0,0,1,0,0,0,0,0,0
1388.75,28.341836734693878,48,29.9,0,1,0,1,0,0,0,1,0,0,1,0
1641.3,78.15714285714286,20,78.8,1,1,1,1,1,0,1,0,0,1,0,0
1375.15,80.89117647058823,16,85.35,1,1,0,1,0,1,1,1,0,1,0,1
152.7,50.9,2,79.65,1,1,0,1,0,1,1,0,0,1,0,1
185.2,16.836363636363636,10,19.3,0,0,0,0,0,1,0,0,0,0,0,0
195.05,65.01666666666667,2,79.6,1,1,1,1,0,1,1,0,0,1,0,1
1826.7,86.9857142857143,20,96.8,1,1,0,0,1,0,1,1,0,0,1,0
417.5,19.88095238095238,20,20.65,0,0,0,0,1,0,0,1,0,0,0,0
344.5,17.225,19,19.8,0,0,0,0,1,0,0,1,0,0,1,0
1660.0,83.0,19,90.6,1,0,1,1,1,1,1,0,0,1,0,1
2180.55,94.80652173913045,22,104.6,1,0,1,0,1,1,1,1,0,0,0,0
2835.9,78.775,35,80.05,1,1,0,0,0,0,1,0,0,1,0,0
45.15,22.575,1,45.15,1,1,0,1,0,0,0,0,0,1,0,0
2730.85,68.27125,39,73.15,1,1,0,1,1,1,1,0,0,1,0,0
5437.1,98.85636363636364,54,99.1,0,1,1,0,0,1,1,1,0,1,0,0
20.2,10.1,1,20.2,1,0,0,0,0,1,0,0,0,0,0,1
6981.35,104.19925373134329,66,106.05,0,0,0,1,1,1,1,1,1,1,0,1
5794.45,101.65701754385965,56,105.35,1,0,0,0,1,1,1,0,0,1,0,0
747.2,39.32631578947369,18,45.65,1,1,0,1,1,1,0,0,0,1,1,0
1267.95,74.58529411764707,16,79.95,1,1,0,1,0,1,1,1,0,0,1,0
3674.95,53.26014492753623,68,54.45,0,0,0,1,0,1,0,0,0,1,0,0
1275.6,23.62222222222222,53,25.1,0,0,0,0,0,0,0,1,1,0,0,0
5893.9,80.73835616438356,72,84.7,0,0,0,0,0,0,0,1,1,1,1,0
724.65,72.465,9,75.85,1,1,1,1,1,1,1,0,0,1,0,0
1536.75,49.57258064516129,30,48.8,1,0,0,1,0,1,0,0,0,1,0,0
3615.6,97.71891891891892,36,99.15,1,1,1,1,0,1,1,0,0,0,0,1
607.3,31.963157894736838,18,35.2,1,1,1,0,0,1,0,0,0,1,0,0
4154.55,74.18839285714286,55,76.25,0,0,1,0,0,0,0,1,0,1,1,0
2184.35,54.60875,39,55.9,1,0,1,1,0,0,0,1,0,1,0,1
1852.85,84.22045454545454,21,82.35,1,1,1,1,1,1,1,0,0,0,0,1
77.15,25.71666666666667,2,40.4,1,1,0,0,1,1,0,0,0,0,0,1
847.8,24.935294117647057,33,24.9,0,0,0,0,1,1,0,0,0,0,0,0
2390.45,53.121111111111105,44,54.3,0,1,0,1,1,0,0,1,1,0,0,0
1923.5,62.04838709677419,30,66.3,1,0,0,0,0,0,0,1,0,1,1,0
1493.2,20.73888888888889,71,20.9,0,0,0,0,0,1,0,1,1,0,0,0
338.1,67.62,4,75.35,1,1,1,1,0,0,1,0,0,1,0,1
3030.6,84.18333333333334,35,85.15,0,1,1,1,1,1,1,0,0,1,1,1
75.35,37.675,1,75.35,1,1,0,1,1,0,1,1,0,1,0,0
2184.85,91.03541666666666,23,104.45,1,1,1,1,1,1,1,1,0,0,0,0
1031.4,44.84347826086957,22,49.45,0,1,0,1,0,1,0,0,0,1,1,0
921.3,18.426,49,19.45,0,0,0,0,0,0,0,0,0,0,1,0
3875.4,90.12558139534885,42,92.15,1,1,1,1,0,1,1,1,0,1,1,0
3124.5,91.8970588235294,33,93.8,0,1,1,1,0,1,1,1,0,1,1,1
144.15,18.01875,7,19.85,0,0,0,0,0,0,0,1,1,0,1,0
6689.0,98.36764705882354,67,100.25,0,0,0,0,0,1,1,1,0,1,1,0
1451.1,90.69375,15,95.7,1,1,1,0,1,0,1,0,0,0,0,0
6368.2,93.64999999999999,67,93.15,0,1,1,1,1,1,1,1,1,0,0,0
3729.6,69.06666666666666,53,69.7,0,0,0,0,1,1,0,1,1,0,1,0
350.1,15.913636363636364,21,19.8,0,0,0,0,1,0,0,1,0,0,1,0
2847.2,69.44390243902438,40,71.35,1,0,0,0,0,1,0,1,0,0,1,0
452.35,19.667391304347827,22,20.75,0,0,0,0,0,0,0,1,0,0,1,0
1494.5,37.3625,39,40.6,1,1,1,0,1,1,0,0,0,1,0,0
930.45,20.22717391304348,45,20.4,0,0,1,0,1,1,0,0,0,0,0,1
41.85,13.950000000000001,2,20.35,1,0,0,0,0,0,0,1,0,0,0,0
1272.05,21.931896551724137,57,19.75,0,0,0,0,0,0,0,1,1,0,1,0
475.1,52.78888888888889,8,54.4,1,1,1,1,1,1,0,1,0,1,1,0
673.1,84.1375,7,94.7,1,0,0,1,1,1,1,1,0,0,0,1
208.7,29.814285714285713,6,30.5,1,1,0,1,1,1,0,0,0,0,0,1
150.75,18.84375,7,20.45,1,0,0,0,0,0,0,1,0,0,1,0
3199.0,63.98,49,66.15,0,1,0,0,1,1,0,0,1,1,0,0
5844.65,88.55530303030302,65,89.85,0,0,1,0,0,1,1,0,0,0,0,0
2462.6,43.975,55,45.05,0,1,0,1,0,0,0,0,0,1,0,0
6263.8,86.99722222222222,71,86.85,0,0,0,0,1,0,0,1,1,0,1,0
3403.4,94.53888888888889,35,96.75,1,0,0,0,1,1,1,0,0,0,0,0
237.75,59.4375,3,77.0,1,1,1,1,1,1,1,0,0,1,0,1
221.35,18.445833333333333,11,20.1,1,0,0,0,0,0,0,0,0,0,1,1
75.3,37.65,1,75.3,1,1,1,1,0,0,1,0,0,1,0,1
1672.1,92.89444444444445,17,106.65,1,0,0,0,1,1,1,0,0,0,0,0
7881.2,107.96164383561644,72,110.15,0,0,0,0,0,1,1,1,1,1,0,0
2320.8,80.02758620689656,28,82.85,0,0,0,1,0,1,1,1,0,1,1,0
370.5,19.5,18,20.1,0,0,0,0,0,0,0,1,1,0,0,0
4062.2,99.0780487804878,40,99.2,0,1,0,0,0,1,1,1,0,0,0,1
3043.7,57.42830188679245,52,59.45,1,1,1,1,0,1,0,0,0,1,0,0
2723.4,56.737500000000004,47,58.6,1,1,0,1,0,1,0,1,0,0,0,0
1081.25,45.052083333333336,23,49.7,1,1,0,1,0,0,0,0,0,1,0,0
4097.05,61.150000000000006,66,65.85,0,0,0,0,1,0,0,1,1,0,1,0
632.2,70.24444444444445,8,73.5,1,1,1,1,0,1,1,0,0,1,0,0
4042.3,84.21458333333334,47,85.5,1,0,0,1,1,0,1,0,0,1,0,1
164.85,20.60625,7,20.05,1,0,0,0,0,0,0,0,0,0,0,1
8166.8,113.42777777777778,71,113.65,0,0,0,0,0,0,1,1,1,0,1,0
4113.7,80.66078431372549,50,83.4,1,0,1,1,0,1,1,0,0,0,0,0
3047.15,64.83297872340425,46,65.65,0,0,0,0,1,0,0,1,1,0,0,0
70.4,35.2,1,70.4,1,1,1,1,1,0,1,0,0,1,0,1
4193.4,62.58805970149253,66,61.35,0,0,0,0,0,1,0,0,1,1,0,0
3729.75,86.73837209302326,42,85.9,1,1,0,0,0,1,1,1,0,1,0,0
399.45,66.575,5,75.65,1,1,0,0,0,1,1,0,0,1,0,0
331.3,41.4125,7,49.75,0,0,1,1,1,1,0,1,0,1,1,1
1964.6,65.48666666666666,29,70.9,0,1,0,1,1,0,0,0,0,0,0,0
1336.15,47.71964285714286,27,49.85,1,1,0,1,0,0,0,1,0,0,1,0
1147.45,71.715625,15,75.3,1,1,0,1,0,1,1,0,0,0,0,1
486.05,18.69423076923077,25,20.1,0,0,0,0,0,0,0,1,1,0,1,0
1078.9,89.90833333333335,11,94.0,1,1,1,1,0,1,1,1,0,1,0,1
5925.75,102.16810344827586,57,103.05,1,0,1,0,1,1,1,1,0,0,0,0
7804.15,114.76691176470588,67,118.35,0,0,0,0,1,1,1,0,0,0,0,1
4747.2,98.89999999999999,47,99.7,1,1,1,1,0,0,1,1,0,1,0,0
1028.9,73.49285714285715,13,81.9,1,1,0,1,0,1,1,0,0,1,0,0
226.45,25.16111111111111,8,30.45,1,0,1,1,1,1,0,0,0,1,0,1
4364.1,96.98,44,96.1,1,1,1,1,0,1,1,1,0,1,0,1
4692.55,65.17430555555556,71,66.2,0,0,1,1,1,1,0,1,0,1,1,0
2433.9,97.35600000000001,24,104.25,1,1,1,1,1,1,1,1,0,0,0,1
1217.25,76.078125,15,80.2,1,1,1,1,1,1,1,0,0,0,0,1
19.75,9.875,1,19.75,1,0,1,0,0,0,0,0,0,0,0,0
154.3,51.43333333333334,2,72.6,1,1,0,1,1,1,1,0,0,1,0,0
6382.55,113.97410714285715,55,116.5,1,0,1,0,1,1,1,0,0,0,0,0
7623.2,105.87777777777778,71,106.8,0,1,1,0,1,1,1,0,1,0,0,0
1261.45,24.734313725490196,50,24.95,0,0,0,0,1,0,0,1,1,0,1,0
89.25,44.625,1,89.25,1,1,1,1,1,1,1,0,0,1,0,0
86.05,14.341666666666667,5,19.25,1,0,0,0,1,1,0,0,0,0,0,0
6779.05,101.17985074626866,66,104.55,0,0,0,0,0,1,1,0,0,0,0,0
4345.0,86.9,49,87.2,0,0,0,0,0,1,0,1,0,0,1,0
82.85,20.7125,3,30.75,1,1,1,1,0,1,0,1,0,0,0,0
1714.55,25.590298507462688,66,25.7,0,0,0,0,1,1,0,1,0,0,1,0
893.2,74.43333333333334,11,86.2,1,1,1,1,1,0,1,0,0,1,1,0
810.85,27.96034482758621,28,30.1,1,1,0,0,1,1,0,0,0,1,0,0
6347.55,96.175,65,99.35,0,0,1,1,1,1,1,1,1,0,0,0
1123.65,17.835714285714285,62,19.2,0,0,0,0,0,1,0,0,1,0,0,0
43.15,14.383333333333333,2,20.1,1,0,0,0,0,0,0,1,0,0,0,0
35.1,11.700000000000001,2,20.35,1,0,0,0,0,0,0,0,0,0,0,0
1388.0,24.785714285714285,55,25.65,0,0,0,0,0,1,0,1,1,0,1,0
3851.45,91.70119047619048,41,94.55,1,1,1,1,1,1,1,1,0,0,0,0
1743.5,96.86111111111111,17,104.2,1,0,1,1,0,1,1,1,0,1,1,1
2638.1,85.1,30,94.4,0,1,0,0,0,1,1,0,0,1,0,0
946.95,52.608333333333334,17,56.1,0,0,0,1,1,0,0,0,0,0,0,0
1114.85,65.57941176470588,16,68.25,0,0,0,0,0,0,0,1,1,0,1,0
1777.6,24.350684931506848,72,24.75,0,0,0,0,1,0,0,0,1,0,0,0
684.85,68.485,9,76.25,1,1,1,1,1,1,1,0,0,1,0,0
74.35,37.175,1,74.35,1,1,1,1,0,0,1,0,0,0,0,0
1312.45,54.68541666666667,23,54.15,1,1,1,0,1,0,0,0,0,0,1,0
159.2,17.688888888888886,8,19.45,1,0,0,0,1,0,0,0,0,0,1,0
610.2,30.51,19,34.95,1,0,0,1,1,1,0,1,0,0,1,0
404.35,50.54375,7,53.65,1,0,1,1,0,1,0,0,0,1,0,0
69.65,34.825,1,69.65,1,1,1,1,1,1,1,0,0,1,0,1
6363.45,102.63629032258065,61,104.0,0,0,1,1,1,0,1,0,0,1,0,0
4124.65,71.11465517241379,57,70.35,0,0,0,0,0,1,0,1,1,0,0,0
713.1,71.31,9,80.8,1,1,1,1,1,1,1,0,0,1,0,1
950.75,59.421875,15,64.85,0,0,0,1,1,0,0,0,0,1,1,0
19.65,9.825,1,19.65,1,0,0,0,0,0,0,0,0,0,0,0
505.95,38.919230769230765,12,45.9,1,1,0,1,0,0,0,1,0,1,0,0
1149.65,20.902727272727276,54,20.0,0,0,0,0,1,0,0,0,1,0,0,0
169.65,33.93,4,44.8,1,1,1,1,1,0,0,1,0,1,1,0
526.7,65.8375,7,80.3,1,1,0,1,0,1,1,0,0,1,0,1
393.15,18.72142857142857,20,20.35,0,0,0,0,0,0,0,1,0,0,0,0
1147.0,42.48148148148148,26,45.8,1,0,0,0,0,0,0,0,0,1,1,0
3021.6,81.66486486486487,36,84.1,1,1,1,1,1,1,1,1,0,1,0,1
5718.2,105.89259259259259,53,108.95,0,1,0,0,0,1,1,1,0,0,0,0
191.35,47.8375,3,69.35,1,1,1,0,1,1,0,0,0,1,0,1
4539.6,65.7913043478261,68,64.35,0,0,0,0,0,0,0,0,1,0,0,0
6397.6,87.63835616438357,72,90.8,0,0,0,0,1,1,0,1,1,0,1,0
280.4,21.569230769230767,12,24.95,0,0,0,0,1,0,0,0,0,0,0,0
2718.3,77.66571428571429,34,79.6,1,1,0,1,0,1,1,1,0,0,1,1
5711.05,82.76884057971014,68,84.7,0,0,0,1,0,1,1,1,1,0,0,0
3478.15,68.19901960784314,50,70.8,0,0,0,0,0,1,0,0,0,1,1,0
36.45,18.225,1,36.45,1,1,1,1,0,1,0,0,0,1,0,1
4133.95,98.42738095238094,41,104.4,1,1,1,1,0,1,1,0,0,0,0,0
2917.65,94.11774193548388,30,101.5,1,1,1,0,1,1,1,1,0,1,0,0
54.3,27.15,1,54.3,1,1,1,1,1,0,0,0,0,0,0,0
2964.8,98.82666666666667,29,103.95,1,1,1,1,1,1,1,1,0,1,1,0
2198.3,91.59583333333335,23,91.1,0,0,0,0,0,1,0,1,1,0,1,0
1189.9,19.50655737704918,60,19.95,0,0,0,0,1,0,0,0,1,0,1,0
1914.5,26.226027397260275,72,26.45,0,0,0,0,0,0,0,1,1,0,0,0
2001.5,87.02173913043478,22,89.4,1,1,1,1,1,1,1,0,0,0,1,1
5336.35,73.10068493150685,72,75.1,0,0,0,0,1,1,0,0,1,0,0,0
7238.6,108.03880597014926,66,108.1,0,1,0,1,0,0,1,0,0,0,0,0
7998.8,109.57260273972604,72,110.15,0,1,1,0,0,1,1,1,1,0,0,0
3825.85,79.70520833333333,47,80.35,1,0,1,1,0,0,1,1,0,1,0,1
5703.25,109.67788461538461,51,111.5,0,1,1,0,0,1,1,0,0,0,0,0
7397.0,104.1830985915493,70,106.5,0,1,1,1,0,1,1,1,0,0,1,0
164.6,16.46,9,19.9,0,0,1,0,1,1,0,0,0,0,0,0
6555.2,109.25333333333333,59,111.1,0,0,0,0,1,1,1,1,1,0,1,0
225.65,56.4125,3,70.7,1,1,0,0,1,0,0,0,0,1,1,0
955.75,24.506410256410255,38,24.85,1,1,1,1,1,1,0,1,0,1,0,0
3382.3,89.0078947368421,37,91.2,1,0,0,1,0,0,1,0,0,0,0,0
2313.8,60.88947368421053,37,65.6,0,0,0,0,1,0,0,0,1,0,0,0
933.3,37.332,24,40.65,1,1,0,1,0,1,0,1,0,1,0,1
780.85,52.056666666666665,14,59.45,1,0,0,0,0,0,0,1,0,0,1,0
7852.4,107.56712328767122,72,109.95,0,0,0,0,1,1,1,1,1,0,0,0
3184.25,58.967592592592595,53,60.45,0,1,1,0,1,1,0,1,0,0,0,1
764.95,84.99444444444445,8,84.9,1,1,1,1,0,1,1,1,0,1,0,1
2763.0,37.84931506849315,72,38.5,0,0,0,1,1,0,0,1,1,0,1,0
1614.7,89.70555555555556,17,92.55,1,1,1,1,0,1,1,1,0,1,0,0
145.4,48.46666666666667,2,73.55,1,1,0,1,0,1,1,1,0,0,1,1
156.25,17.36111111111111,8,20.15,1,0,0,0,0,0,0,1,0,0,0,1
1604.5,32.744897959183675,48,34.7,0,1,0,1,0,0,0,1,0,0,0,1
270.15,24.55909090909091,10,24.5,1,0,0,0,0,1,0,0,0,0,0,0
1397.475,1397.475,0,19.7,0,0,0,0,1,1,0,1,0,0,1,0
20.6,10.3,1,20.6,1,0,0,0,1,0,0,0,0,0,0,0
1734.5,57.81666666666667,29,58.0,0,0,0,0,0,0,0,0,0,1,0,0
7047.5,106.78030303030303,65,107.45,0,1,1,1,0,1,1,1,0,0,1,0
573.15,63.68333333333333,8,65.5,1,0,0,1,0,1,0,0,0,0,0,0
1538.6,24.816129032258065,61,25.45,0,0,0,0,1,0,0,1,1,0,0,0
4459.8,96.95217391304348,45,100.15,0,1,0,1,0,1,1,0,0,1,0,0
7459.0,102.17808219178082,72,104.45,0,1,0,1,1,1,1,1,0,0,1,0
306.05,23.542307692307695,12,21.15,1,0,1,0,1,1,0,1,0,0,1,0
639.7,79.9625,7,96.2,1,1,1,1,1,0,1,0,0,1,0,0
348.15,34.815,9,44.4,1,1,0,1,1,1,0,0,0,1,0,0
4533.9,103.04318181818181,43,107.55,0,1,1,0,0,1,1,1,0,1,0,1
5563.65,94.29915254237288,58,94.35,0,1,0,0,1,0,1,1,1,1,1,0
1587.55,93.38529411764705,16,98.75,1,1,1,1,1,1,1,1,0,1,0,1
40.25,13.416666666666666,2,20.3,1,0,0,0,1,0,0,1,0,0,1,0
842.9,93.65555555555555,8,101.15,1,1,1,1,0,0,1,1,0,0,0,1
4228.55,103.13536585365854,40,105.75,0,0,0,1,0,0,1,1,0,1,0,0
784.45,78.44500000000001,9,81.15,1,0,1,1,1,1,1,0,0,1,0,0
3729.75,88.80357142857143,41,89.55,0,1,1,0,1,1,1,0,0,0,0,0
1406.9,52.10740740740741,26,54.75,1,1,0,1,0,1,0,0,0,0,0,0
1857.3,54.62647058823529,33,53.75,0,1,0,0,0,1,0,1,0,0,0,0
7322.5,106.1231884057971,68,105.75,0,1,0,0,1,0,1,1,0,0,1,0
6725.5,101.90151515151516,65,105.85,0,1,0,0,0,1,1,1,1,0,0,0
3627.3,64.77321428571429,55,64.2,0,1,1,0,1,1,0,0,0,0,0,0
1761.45,83.87857142857143,20,88.7,1,1,1,1,1,1,1,0,0,1,0,1
1725.95,86.2975,19,87.7,0,1,0,0,1,1,1,0,0,1,0,0
4192.15,91.1336956521739,45,89.3,1,1,0,1,0,1,1,0,0,1,0,0
1411.2,19.87605633802817,70,20.15,0,0,0,0,0,1,0,1,1,0,1,0
164.5,54.833333333333336,2,79.75,1,1,1,1,0,1,1,0,0,1,0,1
2724.6,97.30714285714285,27,94.55,1,1,0,1,0,1,1,0,0,1,0,1
264.55,20.35,12,20.05,0,0,1,0,0,1,0,1,1,0,0,0
4671.7,63.9958904109589,72,67.2,0,0,0,0,1,0,0,0,1,0,1,0
1173.55,90.27307692307691,12,94.55,1,1,1,1,1,0,1,0,0,1,0,0
318.5,53.083333333333336,5,69.05,1,1,0,1,0,1,1,0,0,1,0,1
7713.55,107.13263888888889,71,107.5,1,0,1,1,1,1,1,1,0,0,0,0
2471.25,68.64583333333333,35,73.0,0,1,1,0,1,1,0,0,0,1,0,0
7842.3,110.4549295774648,70,114.75,0,0,0,0,1,0,1,1,1,0,1,0
2227.8,69.61875,31,76.05,1,1,1,1,0,1,1,0,0,1,0,0
4990.25,94.15566037735849,52,96.25,0,1,0,0,1,1,1,1,1,1,1,1
3744.05,98.52763157894738,37,101.1,1,1,1,1,1,1,1,0,0,1,0,1
7220.35,103.14785714285715,69,104.7,0,1,0,0,1,1,1,0,0,0,0,1
2351.45,75.8532258064516,30,77.9,1,1,0,1,1,0,1,1,0,1,0,0
2989.6,87.92941176470588,33,90.65,1,0,1,1,0,1,1,0,0,1,0,0
6077.75,110.50454545454545,54,110.45,0,1,1,0,1,1,1,1,1,0,0,0
4070.95,67.84916666666666,59,68.7,0,0,0,0,0,0,0,0,0,1,0,0
2479.05,44.268750000000004,55,44.85,1,0,1,1,1,1,0,0,0,0,0,0
2134.3,30.490000000000002,69,29.8,0,1,0,1,1,1,0,1,0,1,0,0
6000.1,89.55373134328359,66,88.9,0,1,0,1,0,1,1,0,0,0,0,0
2203.1,57.97631578947368,37,58.75,0,0,0,0,1,1,0,1,0,1,1,0
183.15,18.315,9,19.85,0,0,0,0,1,0,0,1,0,0,0,0
6194.1,88.48714285714286,69,86.9,0,0,0,0,1,0,0,1,1,1,1,0
638.95,58.08636363636364,10,59.65,1,1,0,1,1,1,0,0,0,0,0,0
2139.2,52.17560975609756,40,55.25,1,0,0,1,1,1,0,0,0,0,1,1
831.75,59.410714285714285,13,66.4,1,1,0,1,1,0,0,0,0,1,1,0
521.3,74.47142857142856,6,90.1,1,1,1,1,0,1,1,0,0,0,0,1
1337.5,19.107142857142858,69,20.15,0,0,0,0,0,0,0,1,1,0,1,0
7181.95,107.19328358208955,66,108.1,0,1,0,0,0,1,1,1,0,0,0,0
608.0,50.666666666666664,11,53.75,1,1,1,1,1,0,0,0,0,1,0,1
2560.1,54.47021276595744,46,56.9,0,0,0,0,1,0,0,1,0,1,1,0
577.6,82.51428571428572,6,89.3,1,1,1,1,0,0,1,0,0,1,0,1
5953.0,104.43859649122807,56,109.6,1,0,0,0,0,1,1,1,0,1,1,0
1790.15,25.213380281690142,70,25.15,0,0,0,0,1,0,0,1,1,0,1,0
2531.4,74.45294117647059,33,79.15,0,1,1,0,0,1,0,1,0,1,1,0
4760.3,65.2095890410959,72,66.75,0,0,0,0,0,0,0,1,1,0,1,0
292.85,73.2125,3,95.2,1,1,1,1,0,1,1,1,0,1,0,1
953.65,47.6825,19,48.8,1,1,0,0,0,0,0,0,0,1,1,0
198.0,33.0,5,45.7,1,1,1,1,0,0,0,0,0,1,0,1
5705.05,79.23680555555556,71,80.7,0,1,0,0,0,1,0,1,1,0,0,0
609.9,67.76666666666667,8,74.5,1,0,1,1,1,1,1,1,0,1,0,1
20.55,10.275,1,20.55,1,0,0,0,1,0,0,0,0,0,0,0
79.65,39.825,1,79.65,1,1,1,1,0,1,1,0,0,1,0,1
6993.65,112.8008064516129,61,115.1,0,0,0,0,0,1,1,0,0,0,0,0
4122.65,57.259027777777774,71,59.7,0,0,0,0,0,0,0,1,1,0,1,0
5762.95,83.52101449275362,68,86.45,0,1,0,1,0,0,1,1,0,0,0,0
1537.85,32.72021276595744,46,33.7,0,1,0,0,1,0,0,0,0,1,0,0
2603.3,76.56764705882354,33,80.1,0,0,0,1,1,0,1,0,0,1,0,0
5566.4,103.08148148148148,53,104.05,0,0,0,0,0,1,1,1,1,0,1,0
5431.9,106.5078431372549,50,108.75,1,0,0,1,0,0,1,1,0,0,0,0
2258.25,38.935344827586206,57,41.1,0,0,0,0,0,1,0,0,0,1,0,0
1092.35,19.86090909090909,54,20.35,0,0,0,0,0,1,0,1,1,0,1,0
6401.25,104.93852459016394,60,105.9,1,1,1,1,0,1,1,1,0,0,0,0
2812.2,96.97241379310344,28,101.3,1,1,0,0,0,1,1,1,0,1,0,1
80.05,40.025,1,80.05,1,1,0,1,0,1,1,1,0,1,1,1
2698.35,89.945,29,89.2,1,1,1,1,1,1,1,1,0,1,1,1
616.9,56.08181818181818,10,65.5,1,1,1,0,0,1,0,1,0,0,1,0
1912.85,43.47386363636363,43,40.45,1,0,1,1,1,1,0,0,0,0,1,0
849.1,60.65,13,70.45,1,1,0,1,1,0,1,1,0,1,0,0
3460.3,78.64318181818182,43,78.8,0,0,1,0,0,1,0,1,1,1,0,0
1465.75,73.2875,19,83.65,1,1,1,1,1,1,1,1,0,1,1,1
90.1,45.05,1,90.1,1,1,1,1,1,1,1,1,0,1,1,0
5555.3,79.36142857142858,69,82.45,0,0,0,0,0,1,0,0,1,1,0,0
1278.8,20.625806451612902,61,20.25,0,0,0,0,0,0,0,1,1,0,0,0
2907.35,66.07613636363637,43,66.25,1,0,0,0,1,0,0,1,0,0,0,0
146.3,20.900000000000002,6,19.5,1,0,0,0,0,0,0,1,0,0,0,1
51.25,25.625,1,51.25,1,1,0,0,1,0,0,0,0,1,0,1
4952.95,86.8938596491228,56,89.7,1,1,0,1,1,0,1,1,0,1,0,0
4504.9,63.44929577464788,70,64.55,0,0,0,0,0,0,0,1,1,0,0,0
45.6,22.8,1,45.6,1,1,1,1,1,1,0,0,0,1,0,1
4520.15,90.40299999999999,49,93.65,0,1,1,1,1,1,1,1,0,0,1,0
267.35,38.19285714285714,6,49.65,1,1,0,0,0,1,0,0,0,1,0,1
2316.85,70.20757575757575,32,73.6,0,0,0,0,0,0,0,1,1,0,1,0
8075.35,110.62123287671233,72,109.75,0,0,0,0,0,1,1,1,1,1,0,0
2302.35,60.58815789473684,37,61.45,0,0,0,0,1,0,0,0,1,0,1,0
7251.9,103.59857142857142,69,106.4,0,0,0,0,0,1,1,1,0,0,0,0
2078.55,76.98333333333333,26,81.9,1,1,0,0,0,0,0,1,0,0,0,0
6225.4,105.51525423728813,58,105.2,0,1,0,1,0,1,1,1,0,0,1,0
1242.25,49.69,24,54.6,0,1,0,0,1,0,0,0,0,1,0,0
99.45,16.575,5,20.55,0,0,1,0,1,0,0,1,0,0,1,0
288.05,18.003125,15,20.0,1,0,1,0,1,1,0,1,0,0,1,1
599.25,19.330645161290324,30,19.7,0,0,0,0,0,0,0,1,1,0,1,0
3462.1,61.823214285714286,55,66.05,0,0,0,0,0,1,0,1,0,0,0,0
853.0,32.80769230769231,25,34.0,1,1,0,1,0,1,0,1,0,1,0,1
934.1,84.91818181818182,10,92.5,1,1,0,0,1,1,1,1,0,0,0,1
2375.2,52.78222222222222,44,54.05,0,0,0,0,1,1,0,1,1,0,1,0
2813.05,58.60520833333334,47,58.9,0,0,0,0,0,1,0,0,0,0,0,0
1222.8,87.34285714285714,13,88.35,1,1,1,1,0,0,1,1,0,1,1,1
5293.2,105.86399999999999,49,107.95,0,1,0,0,0,1,1,1,1,0,1,1
6314.35,97.14384615384616,64,96.9,0,0,0,0,0,1,1,1,0,1,0,0
19.1,9.55,1,19.1,1,0,0,0,1,0,0,0,0,0,0,0
1003.05,47.76428571428571,20,50.0,1,1,0,0,1,0,0,0,0,1,0,0
1593.1,41.92368421052631,37,45.4,0,0,1,0,0,0,0,1,1,1,0,0
2509.95,80.96612903225805,30,85.45,1,1,1,1,1,0,1,1,0,1,1,0
3187.65,81.73461538461538,38,84.1,0,0,0,1,0,0,0,0,0,0,0,0
74.45,37.225,1,74.45,1,1,0,1,0,1,1,0,0,1,0,1
2345.2,61.715789473684204,37,64.75,1,1,1,1,0,1,0,0,0,1,0,1
3330.1,62.83207547169811,52,66.25,0,0,0,0,0,0,0,1,1,0,0,0
5522.7,76.70416666666667,71,76.9,0,0,0,0,1,1,0,0,1,0,1,0
2335.3,86.4925925925926,26,89.8,1,1,1,1,1,0,1,0,0,0,0,1
4798.4,71.61791044776119,66,74.6,0,0,0,1,1,1,0,0,1,0,0,0
8594.4,117.73150684931507,72,116.95,0,0,0,0,1,1,1,1,1,0,0,0
970.55,37.32884615384615,25,40.65,0,0,0,1,1,1,0,0,0,1,1,0
7665.8,109.51142857142857,69,114.35,0,0,0,0,1,1,1,1,1,0,1,0
3686.05,68.2601851851852,53,69.7,0,0,0,1,1,0,0,1,1,0,1,0
1115.15,85.78076923076924,12,95.5,0,1,0,1,0,0,1,0,0,1,0,1
2537.0,93.96296296296296,26,98.65,1,1,1,0,1,1,1,0,0,1,0,0
1393.6,63.345454545454544,21,61.65,1,1,0,1,1,0,0,0,0,1,0,0
89.35,44.675,1,89.35,1,1,1,1,0,1,1,0,0,1,1,0
4445.3,90.7204081632653,48,95.4,1,0,1,0,1,1,1,0,0,1,0,0
978.6,36.24444444444445,26,35.4,0,0,0,1,0,0,0,1,0,1,0,0
1258.15,20.625409836065575,60,19.95,0,0,0,0,1,0,0,1,1,0,0,0
331.35,17.439473684210526,18,19.25,1,0,0,0,1,0,0,0,0,0,0,0
291.4,26.49090909090909,10,29.65,1,1,1,0,0,1,0,0,0,1,0,1
453.75,75.625,5,84.5,1,0,1,1,1,1,1,1,0,1,1,1
84.75,16.95,4,20.4,0,0,0,0,0,1,0,0,0,0,1,0
1715.1,25.986363636363635,65,24.75,0,0,0,0,1,0,0,1,1,0,1,0
1715.15,24.157042253521126,70,25.35,0,0,0,0,1,0,0,1,1,0,1,0
1597.25,84.0657894736842,18,90.7,1,1,0,1,1,1,1,0,0,1,0,1
1250.1,19.84285714285714,62,20.0,0,0,0,0,1,0,0,0,1,0,1,0
3996.8,59.65373134328358,66,59.75,0,0,1,1,0,1,0,1,1,1,1,0
5215.1,79.01666666666667,65,82.5,0,0,0,0,0,1,0,1,1,0,1,0
235.5,58.875,3,70.3,1,1,1,1,0,1,1,0,0,1,0,1
673.2,19.234285714285715,34,20.35,1,0,0,0,0,0,0,0,0,0,0,0
1442.2,84.83529411764707,16,90.8,1,1,0,1,1,1,1,1,0,1,1,0
5639.05,102.52818181818182,54,103.95,0,0,0,1,0,1,1,0,0,1,0,1
5222.35,102.39901960784314,50,104.95,1,1,1,0,0,1,1,0,0,1,0,0
7291.75,101.27430555555556,71,105.25,0,1,1,0,1,1,1,1,1,0,0,0
799.65,72.69545454545454,10,74.75,1,1,1,1,0,1,1,0,0,1,0,1
50.8,25.4,1,50.8,1,1,1,0,0,1,0,0,0,1,0,1
424.5,22.342105263157894,18,23.75,0,0,0,0,1,0,0,0,0,0,0,0
249.4,49.88,4,61.3,1,1,1,0,1,1,0,0,0,1,0,0
4415.75,74.84322033898304,58,75.8,0,0,0,0,0,0,0,1,1,1,1,0
5270.6,92.46666666666667,56,98.0,0,0,1,1,0,1,1,1,0,1,0,0
144.55,48.18333333333334,2,80.25,1,1,1,1,1,1,1,0,0,1,0,1
2447.95,74.18030303030302,32,78.9,1,1,1,1,1,1,1,1,0,1,0,1
2884.9,50.612280701754386,56,52.0,0,0,0,0,1,1,0,1,0,0,1,0
3050.15,82.43648648648649,36,84.75,1,1,1,1,1,1,1,0,0,1,0,1
253.0,50.6,4,64.4,1,1,0,0,0,1,0,0,0,1,0,0
4517.25,83.65277777777777,53,85.45,1,1,0,1,1,0,1,0,0,1,0,1
436.2,39.654545454545456,10,45.8,1,1,0,1,1,1,0,0,0,1,0,0
118.4,23.68,4,30.5,1,1,1,0,1,0,0,0,0,1,0,0
19.9,9.95,1,19.9,1,0,0,0,1,0,0,1,0,0,1,1
3649.6,70.18461538461538,51,69.15,1,1,0,1,0,0,1,1,0,1,0,0
1200.15,92.31923076923077,12,99.45,1,1,1,1,1,1,1,0,0,1,0,1
255.6,36.51428571428571,6,49.25,0,1,0,0,0,1,0,0,0,1,0,0
2395.05,37.42265625,63,39.35,0,1,0,0,1,0,0,1,1,0,1,0
70.6,35.3,1,70.6,1,1,1,1,0,1,1,0,0,1,0,1
5083.55,103.74591836734695,48,105.1,1,1,0,0,0,1,1,1,0,0,0,0
389.6,64.93333333333334,5,81.0,1,1,0,1,0,1,1,0,0,1,0,1
644.5,17.90277777777778,35,20.1,0,0,0,0,0,1,0,0,0,0,1,0
523.5,74.78571428571429,6,84.85,1,1,1,1,1,1,1,0,0,0,0,1
39.3,13.1,2,19.75,1,0,0,0,1,0,0,0,0,0,0,0
989.05,19.39313725490196,50,19.75,0,0,0,0,0,0,0,0,0,0,0,0
2406.1,70.76764705882353,33,70.4,1,1,0,1,0,1,1,0,0,1,0,0
638.55,19.9546875,31,20.45,0,0,0,0,1,0,0,0,1,0,0,0
191.1,19.11,9,20.35,0,0,0,0,0,0,0,1,1,0,1,0
4524.05,82.25545454545455,54,86.2,1,1,1,0,0,1,0,1,0,0,1,0
4664.2,99.23829787234042,46,95.65,0,0,0,1,0,1,1,0,0,0,0,0
3470.8,99.16571428571429,34,103.8,0,0,1,1,1,1,1,0,0,0,1,0
6910.3,95.97638888888889,71,97.2,0,0,1,1,1,1,1,1,1,1,1,0
4014.2,62.721875,63,63.55,0,0,0,0,0,0,0,1,1,0,1,0
1288.0,24.76923076923077,51,24.95,0,0,0,0,0,0,0,0,1,0,0,0
2277.65,84.35740740740741,26,89.15,1,1,1,1,0,1,1,0,0,0,0,1
6375.8,98.08923076923077,64,99.0,0,0,0,1,0,1,1,1,1,1,0,0
24.8,12.4,1,24.8,1,1,1,1,0,1,0,1,0,1,0,1
5251.75,84.70564516129032,61,85.55,0,1,0,0,1,1,1,1,0,0,0,0
1505.45,94.090625,15,94.0,1,1,0,1,0,1,1,0,0,1,0,0
6903.1,106.20153846153846,64,105.65,0,1,0,0,1,1,1,0,0,0,0,1
913.3,48.06842105263158,18,50.3,1,1,1,1,0,1,0,0,0,1,0,0
5535.8,95.4448275862069,57,95.0,0,1,1,1,0,1,1,1,0,0,1,0
815.55,54.37,14,61.4,0,0,0,1,1,1,0,1,1,0,1,0
1411.65,74.29736842105264,18,80.55,1,1,0,1,1,1,1,0,0,0,0,0
5602.25,76.7431506849315,72,78.5,0,0,0,1,0,0,1,1,1,1,0,0
8244.3,116.11690140845069,70,114.3,0,0,0,0,1,0,1,1,1,0,0,0
741.5,19.012820512820515,38,20.05,0,0,0,0,0,0,0,0,1,0,0,0
4375.8,63.41739130434783,68,62.65,0,0,0,0,1,0,0,1,1,0,1,0
1008.7,72.05,13,80.85,1,1,1,1,1,1,1,0,0,1,0,1
5968.4,90.43030303030302,65,92.7,0,0,0,1,1,1,1,1,1,0,0,0
3096.9,99.9,30,100.45,1,1,1,1,0,0,1,0,0,1,0,0
3901.25,75.02403846153847,51,75.2,0,1,0,0,1,1,0,1,1,1,0,0
2613.4,81.66875,31,84.75,1,0,0,1,0,1,1,0,0,1,0,0
853.1,85.31,9,89.45,1,1,1,1,0,0,1,1,0,1,0,1
5661.7,77.55753424657534,72,79.5,0,0,0,0,0,1,0,1,1,0,1,0
794.25,72.20454545454545,10,72.15,1,1,0,1,1,1,0,0,0,1,0,1
695.05,18.29078947368421,37,19.8,0,0,1,0,0,1,0,0,0,0,0,0
160.8,53.6,2,76.4,1,1,1,0,0,0,0,0,0,1,0,1
5552.05,99.14375,55,100.9,0,0,0,1,1,1,1,0,0,0,0,0
3275.15,96.32794117647059,33,95.3,1,0,0,1,1,1,1,0,0,1,1,0
4236.6,90.1404255319149,46,90.95,0,1,0,0,0,0,1,1,0,1,1,0
54.5,27.25,1,54.5,1,0,1,0,0,0,0,0,0,1,1,0
1174.35,55.921428571428564,20,61.6,1,1,0,1,0,1,0,0,0,1,0,1
741.7,74.17,9,79.9,1,1,1,1,1,1,1,1,0,0,0,1
3019.25,91.49242424242425,32,96.15,1,1,0,1,1,1,1,0,0,1,0,1
962.9,48.144999999999996,19,49.6,1,1,0,1,0,1,0,1,0,1,1,0
4759.75,67.03873239436619,70,65.3,0,0,0,0,0,0,0,1,1,1,0,1
1498.35,24.166935483870965,61,25.0,0,0,0,0,0,1,0,0,1,0,1,0
1233.15,45.672222222222224,26,45.45,1,1,1,1,1,0,0,0,0,1,0,0
4882.8,106.14782608695653,45,107.75,1,1,0,1,1,1,1,1,0,0,0,0
5411.65,85.89920634920634,62,89.1,0,1,0,1,1,1,1,1,1,1,1,0
19.65,9.825,1,19.65,1,0,0,0,1,0,0,0,0,0,0,1
148.05,37.0125,3,44.75,1,1,0,1,0,0,0,0,0,1,0,0
3930.55,93.58452380952382,41,101.6,0,0,0,1,0,1,1,1,0,0,1,0
6895.5,101.40441176470588,67,103.15,0,1,0,0,1,0,1,1,1,0,1,0
84.65,42.325,1,84.65,1,1,0,1,1,1,1,0,0,1,0,1
6856.95,95.23541666666667,71,95.65,0,0,0,1,0,0,1,1,0,0,0,0
2658.8,69.96842105263158,37,75.1,0,0,0,1,0,0,0,1,0,0,1,0
3766.2,61.74098360655737,60,61.35,0,0,0,0,1,1,0,1,1,0,0,0
69.55,34.775,1,69.55,1,1,1,1,0,1,1,1,0,1,0,1
129.55,18.50714285714286,6,19.7,1,0,0,0,0,0,0,0,0,0,0,0
347.25,24.803571428571427,13,31.05,1,1,1,1,0,1,0,0,0,0,0,1
581.7,48.475,11,51.0,1,0,0,1,0,0,0,1,0,1,1,0
354.05,44.25625,7,51.0,1,0,0,1,1,1,0,0,0,1,0,1
929.45,84.49545454545455,10,88.85,1,1,1,1,0,1,1,1,0,1,1,0
679.0,19.4,34,20.05,0,0,0,0,1,0,0,1,1,0,0,0
3846.75,61.05952380952381,62,65.1,0,0,0,0,0,1,0,0,1,1,0,0
4480.7,68.93384615384615,64,70.15,0,1,0,0,1,1,0,1,0,0,0,0
44.35,22.175,1,44.35,1,1,0,1,0,1,0,1,0,1,1,1
499.4,19.207692307692305,25,20.75,0,0,0,0,1,1,0,0,1,0,0,0
1553.2,57.525925925925925,26,56.05,0,1,0,1,0,1,0,0,0,0,0,0
219.5,19.954545454545453,10,19.95,0,0,0,0,1,1,0,0,0,0,1,0
5311.85,98.3675925925926,53,98.6,0,0,0,1,0,0,1,0,0,0,0,0
586.05,73.25625,7,79.7,1,1,1,1,0,1,1,0,0,1,0,1
2576.8,75.78823529411765,33,79.0,1,1,0,1,1,1,1,0,0,0,0,0
6435.25,89.37847222222223,71,89.45,0,1,0,1,0,0,1,1,1,0,0,0
1993.25,66.44166666666666,29,74.2,1,1,1,1,0,1,1,0,0,1,0,0
1923.85,76.954,24,81.0,1,0,0,0,1,0,0,1,0,1,1,0
939.8,44.75238095238095,20,49.6,1,1,1,1,1,1,0,1,0,1,1,0
84.6,42.3,1,84.6,1,1,1,1,0,1,1,0,0,1,0,0
3092.65,56.230000000000004,54,55.0,1,1,0,1,1,1,0,0,0,0,1,1
415.55,69.25833333333334,5,84.85,1,1,0,1,0,1,1,0,0,1,0,1
5986.55,82.00753424657535,72,84.2,0,0,0,0,0,1,0,1,1,1,1,0
5487.0,103.52830188679245,52,106.3,0,0,1,0,1,1,1,1,1,0,0,0
651.5,65.15,9,69.05,1,1,1,1,0,0,1,0,0,1,0,0
45.4,22.7,1,45.4,1,1,0,1,0,1,0,0,0,1,0,0
73.65,36.825,1,73.65,1,1,1,1,1,1,1,0,0,1,0,1
2405.05,70.73676470588236,33,73.9,0,1,0,0,1,1,0,1,0,1,1,1
4458.15,79.60982142857142,55,77.75,1,1,1,1,0,1,1,1,0,1,0,1
6856.45,97.94928571428571,69,99.35,0,1,1,0,1,1,1,1,1,1,1,0
50.75,25.375,1,50.75,1,0,0,1,1,1,0,0,0,1,0,0
4735.2,86.09454545454545,54,87.1,0,0,0,0,1,0,0,0,1,1,0,0
682.15,20.063235294117646,33,20.15,0,0,0,0,1,1,0,0,0,0,1,0
4525.8,98.38695652173914,45,98.7,0,1,0,0,1,1,1,1,0,0,0,0
321.05,26.754166666666666,11,25.2,1,1,1,1,0,0,0,0,0,1,1,0
335.65,47.949999999999996,6,55.7,1,0,0,1,1,1,0,0,0,0,0,0
1424.4,64.74545454545455,21,65.35,1,0,0,1,1,0,0,0,0,1,0,0
1748.55,26.493181818181817,65,25.3,0,0,0,0,0,1,0,1,1,0,1,0
474.9,67.84285714285714,6,84.35,1,1,1,1,0,1,1,1,0,1,0,1
668.4,74.26666666666667,8,84.95,1,0,1,1,0,0,1,0,0,1,0,1
926.25,77.1875,11,73.85,1,1,1,0,1,1,1,0,0,1,0,1
1077.95,24.498863636363637,43,24.25,0,0,0,0,1,0,0,1,1,0,1,0
2541.25,50.825,49,51.8,0,1,0,1,1,1,0,1,0,0,1,1
46.0,23.0,1,46.0,1,1,1,1,0,0,0,1,0,1,0,1
1156.1,72.25625,15,79.4,1,1,1,1,1,1,1,0,0,1,0,1
3694.45,60.56475409836065,60,60.5,0,0,0,1,1,0,0,1,1,0,1,0
382.8,21.266666666666666,17,25.1,1,1,0,1,1,0,0,0,0,1,0,0
1167.8,68.69411764705882,16,71.8,1,1,0,1,1,1,1,1,0,1,0,1
746.75,20.743055555555557,35,20.05,0,0,0,0,1,0,0,1,0,0,1,0
3912.9,86.95333333333333,44,88.4,0,1,0,1,1,0,1,1,0,0,0,1
368.85,28.373076923076926,12,30.25,0,1,0,0,0,0,0,1,0,1,1,0
20.2,10.1,1,20.2,1,0,0,0,1,0,0,0,0,0,0,0
1654.7,57.05862068965517,28,59.9,0,0,1,0,0,1,0,0,0,0,0,0
1940.85,27.335915492957746,70,25.15,0,0,0,0,1,0,0,1,1,0,0,0
221.7,36.949999999999996,5,46.0,1,1,0,1,0,0,0,0,0,1,1,1
1794.65,94.45526315789475,18,101.3,1,1,0,1,1,0,1,0,0,0,0,0
5289.8,74.50422535211268,70,76.95,0,0,0,0,1,1,0,1,1,1,0,0
501.2,50.12,9,55.3,1,1,0,1,0,1,0,1,0,0,1,0
6140.85,90.30661764705883,67,92.45,0,0,0,0,0,1,1,0,1,0,0,0
48.45,24.225,1,48.45,1,0,0,1,0,1,0,0,0,1,0,0
309.25,16.276315789473685,18,19.35,0,0,0,0,0,0,0,1,1,0,1,0
201.1,40.22,4,51.75,1,1,0,1,1,0,0,0,0,1,0,1
6179.35,85.82430555555555,71,86.7,0,0,0,1,1,1,1,1,0,0,1,0
2838.7,91.57096774193548,30,94.4,1,0,1,1,1,1,1,1,0,0,1,1
55.7,27.85,1,55.7,1,0,0,1,1,0,0,1,0,1,0,0
4589.85,81.96160714285715,55,84.25,0,0,0,1,0,1,1,0,0,1,0,0
3735.45,62.2575,59,64.65,1,1,1,0,1,1,0,0,0,1,0,0
70.15,35.075,1,70.15,1,1,0,1,0,1,1,0,0,1,0,1
477.55,59.69375,7,69.2,1,1,0,1,0,1,1,1,0,1,0,0
2553.7,55.51521739130435,45,54.65,0,0,0,0,1,0,0,1,1,1,1,0
1342.15,24.402727272727276,54,24.75,0,0,0,0,0,1,0,1,0,0,1,0
1216.35,23.39134615384615,51,23.95,0,0,0,0,1,1,0,1,0,0,1,0
7578.05,103.80890410958904,72,105.0,0,1,0,1,0,0,1,1,0,0,0,0
2603.95,57.86555555555555,44,59.85,0,0,0,0,1,1,0,1,0,0,0,0
42.7,14.233333333333334,2,20.05,1,0,0,0,1,0,0,0,0,0,0,0
6056.9,90.40149253731343,66,92.15,0,1,0,1,0,1,1,0,0,1,0,0
2983.65,43.24130434782609,68,44.8,0,0,0,1,1,0,0,1,0,0,1,0
689.35,21.5421875,31,20.9,0,0,0,0,0,0,0,0,1,0,0,0
2025.1,92.05,21,95.4,1,1,0,1,0,1,1,0,0,1,0,0
1747.2,79.41818181818182,21,80.35,1,0,1,1,1,0,1,0,0,1,1,0
4657.95,83.17767857142857,55,85.1,0,0,0,0,0,1,0,1,1,1,1,0
296.1,29.610000000000003,9,34.7,1,1,0,1,1,1,0,0,0,1,0,1
8016.6,111.34166666666667,71,115.05,0,0,0,0,1,1,1,1,1,0,0,0
81.1,40.55,1,81.1,1,1,1,1,0,1,1,0,0,1,0,1
433.5,18.847826086956523,22,19.95,0,0,0,0,1,0,0,1,0,0,1,0
20.55,10.275,1,20.55,1,0,0,0,0,0,0,1,0,0,1,1
6428.4,103.68387096774192,61,106.6,0,1,1,0,0,1,1,0,1,1,0,1
5883.85,86.52720588235294,67,86.15,0,1,0,0,0,0,0,1,1,0,0,0
1043.8,69.58666666666666,14,78.85,1,0,1,1,0,0,1,0,0,0,0,0
6252.9,104.21499999999999,59,106.75,1,0,1,0,1,1,1,1,0,0,0,1
1857.25,84.42045454545455,21,86.55,1,1,0,1,1,0,1,1,0,1,0,0
146.4,29.28,4,42.4,1,0,0,0,1,0,0,0,0,0,0,0
240.45,60.1125,3,89.45,1,1,1,1,0,1,1,0,0,1,0,1
1724.15,24.28380281690141,70,24.25,0,0,0,0,1,0,0,1,1,0,0,0
315.3,78.825,3,97.9,1,1,1,0,0,1,1,0,0,0,0,1
429.55,19.525000000000002,21,20.5,0,0,0,0,1,0,0,0,0,0,0,0
356.15,16.95952380952381,20,19.6,1,0,0,0,1,1,0,0,0,0,0,0
488.25,21.22826086956522,22,20.25,0,0,0,0,1,0,0,1,0,0,1,0
55.7,27.85,1,55.7,1,1,0,1,1,1,0,0,0,1,0,1
1298.7,20.2921875,63,20.6,0,0,0,0,0,1,0,0,1,0,0,0
1378.75,19.419014084507044,70,19.8,0,0,0,0,0,0,0,1,1,0,1,0
973.45,69.53214285714286,13,79.8,1,1,1,1,1,1,1,0,0,0,0,1
384.25,64.04166666666667,5,80.2,1,1,1,1,0,0,1,0,0,1,0,0
8543.25,117.03082191780823,72,116.4,0,0,0,0,0,1,1,1,1,0,1,0
389.95,27.853571428571428,13,31.65,1,1,1,1,0,1,0,0,0,0,0,0
5731.85,92.4491935483871,61,94.15,1,1,0,0,1,0,1,1,0,0,0,0
20.65,10.325,1,20.65,1,0,1,0,1,0,0,0,0,0,0,0
4275.75,75.01315789473684,56,76.85,1,1,0,0,0,1,1,1,0,1,0,0
84.5,16.9,4,20.15,1,0,0,0,0,0,0,0,0,0,0,0
1924.1,53.44722222222222,35,55.25,0,0,0,1,1,0,0,0,1,1,0,0
669.85,35.25526315789474,18,39.05,1,1,1,1,0,1,0,1,0,1,0,1
5784.3,79.23698630136987,72,82.15,0,1,0,1,1,0,0,1,1,0,0,0
5166.2,103.324,49,103.0,0,0,0,0,0,0,1,0,0,0,0,0
4060.55,90.23444444444445,44,95.1,1,0,0,0,0,1,1,1,0,0,0,0
267.4,66.85,3,83.9,1,1,0,0,0,1,1,1,0,1,0,1
3532.85,92.96973684210526,37,95.15,1,1,1,1,0,1,1,1,0,0,1,0
4914.8,79.2709677419355,61,79.8,0,1,1,1,1,1,0,1,0,0,0,0
5315.8,74.87042253521128,70,74.8,0,0,0,0,1,1,0,1,1,1,0,0
69.85,34.925,1,69.85,1,1,1,1,0,1,1,0,0,1,0,1
775.6,18.46666666666667,41,20.45,1,0,1,0,0,0,0,0,0,0,0,0
5445.95,76.70352112676056,70,78.35,0,0,0,0,1,0,0,1,0,0,1,0
53.55,26.775,1,53.55,1,1,0,1,0,1,0,0,0,1,0,1
1007.8,19.38076923076923,51,19.1,0,0,1,0,1,0,0,0,0,0,0,0
833.55,19.384883720930233,42,20.0,0,0,0,0,0,0,0,1,1,0,1,0
6579.05,92.66267605633803,70,93.9,0,0,0,0,0,0,1,1,1,0,1,1
1004.5,20.5,48,19.95,0,0,0,0,1,0,0,0,0,0,0,0
7856.0,113.85507246376811,68,113.15,0,0,1,0,1,1,1,1,1,0,1,1
1183.05,24.143877551020406,48,24.0,0,0,0,0,0,0,0,0,1,0,0,0
2169.75,80.36111111111111,26,84.95,1,1,1,1,0,0,1,1,0,0,0,1
896.9,74.74166666666666,11,80.5,1,1,0,1,1,1,1,1,0,0,0,1
19.3,9.65,1,19.3,1,0,0,0,1,1,0,0,0,0,0,1
501.35,17.905357142857145,27,19.15,0,0,0,0,0,0,0,0,0,0,0,0
4126.35,87.79468085106383,46,91.3,0,1,0,1,0,1,1,0,0,0,0,0
49.65,24.825,1,49.65,1,1,0,1,1,1,0,0,0,1,0,1
2460.15,52.3436170212766,46,54.35,0,1,0,0,0,0,0,0,1,1,0,1
477.6,18.36923076923077,25,19.15,1,0,0,0,1,1,0,1,0,0,1,0
370.65,74.13,4,88.45,1,1,1,1,1,1,1,0,0,1,0,1
265.75,18.982142857142858,13,19.75,0,0,0,0,1,0,0,0,1,0,0,0
2424.45,75.7640625,31,75.5,0,0,0,0,1,1,0,1,0,0,0,0
1849.95,77.08125,23,83.75,1,1,1,1,0,1,1,1,0,1,1,0
61.05,20.349999999999998,2,19.4,1,0,0,0,0,0,0,0,0,0,0,0
1698.55,25.73560606060606,65,26.5,0,0,0,0,0,0,0,0,1,0,0,0
1910.6,83.0695652173913,22,90.5,1,1,0,0,1,1,1,0,0,1,0,1
998.1,17.823214285714286,55,19.15,0,0,0,0,0,0,0,1,0,0,1,0
890.6,89.06,9,94.85,1,1,0,0,1,1,1,1,0,0,0,1
529.5,66.1875,7,69.95,1,1,0,1,1,1,1,1,0,1,1,1
1383.6,38.43333333333333,35,40.9,0,1,0,0,0,0,0,1,0,1,1,0
493.4,70.48571428571428,6,80.25,0,0,0,0,1,1,0,0,1,1,0,0
48.6,24.3,1,48.6,1,0,0,1,0,1,0,0,0,1,0,1
1207.0,67.05555555555556,17,70.8,1,1,1,1,1,1,1,0,0,1,0,0
563.5,51.22727272727273,10,60.2,1,1,0,1,1,0,0,1,0,1,1,0
864.55,54.034375,15,55.2,0,1,0,0,1,0,0,0,0,1,1,0
2109.35,51.447560975609754,40,55.8,1,0,1,1,0,1,0,0,0,0,0,1
701.05,50.074999999999996,13,54.15,0,0,0,0,0,0,0,1,0,1,1,0
2265.25,75.50833333333334,29,80.15,1,1,0,1,1,1,1,1,0,0,0,1
220.6,55.15,3,75.5,1,1,1,1,0,1,1,0,0,1,0,1
5749.8,97.4542372881356,58,100.4,1,1,0,0,0,1,1,1,0,1,0,0
2796.45,60.792391304347824,45,62.55,0,0,0,0,0,1,0,0,0,0,0,0
5165.7,70.76301369863013,72,70.45,0,0,0,0,0,1,0,1,1,0,1,0
5696.6,82.55942028985508,68,85.5,0,0,0,1,1,1,1,1,0,0,1,0
20.2,10.1,1,20.2,1,0,0,0,1,1,0,0,0,0,0,1
2076.05,53.23205128205129,38,54.5,1,0,1,1,0,0,0,1,0,0,1,0
44.2,14.733333333333334,2,20.75,1,0,0,0,1,0,0,0,0,0,0,0
215.25,17.9375,11,20.35,1,0,0,0,1,0,0,0,0,0,0,0
1859.5,88.54761904761905,20,91.0,0,1,0,1,0,1,1,1,0,1,0,0
7470.1,102.33013698630137,72,104.8,0,1,0,1,1,1,1,1,1,0,0,0
229.5,57.375,3,74.75,1,1,0,1,0,1,1,1,0,1,0,1
2470.1,102.92083333333333,23,104.05,1,1,0,0,1,1,1,0,0,1,0,1
2092.9,51.046341463414635,40,51.1,1,1,1,0,1,1,0,0,0,1,0,0
5629.55,89.35793650793651,62,89.8,1,1,0,1,1,1,1,1,0,0,0,0
469.85,20.428260869565218,22,20.55,1,0,1,0,0,1,0,0,0,0,1,0
733.95,61.1625,11,64.05,1,0,0,1,0,0,0,0,0,1,0,0
485.25,60.65625,7,74.85,1,1,1,1,1,1,1,1,0,1,0,0
1244.5,88.89285714285714,13,96.65,1,0,1,1,0,1,1,0,0,0,0,1
20.05,10.025,1,20.05,1,0,0,0,1,0,0,0,0,0,0,1
3994.45,99.86125,39,103.45,1,1,1,1,0,1,1,0,0,0,0,1
78.25,19.5625,3,25.0,1,1,0,1,1,0,0,1,0,1,0,0
1131.5,19.177966101694917,58,20.3,0,0,0,0,1,0,0,0,1,0,0,0
184.05,26.292857142857144,6,26.35,1,0,0,0,1,0,0,0,0,0,1,0
19.9,9.95,1,19.9,1,0,1,0,0,1,0,1,0,0,1,1
1178.75,51.25,22,54.7,1,1,0,1,0,1,0,1,0,0,0,0
667.7,44.513333333333335,14,46.35,1,1,1,1,1,0,0,1,0,1,0,1
5629.15,86.60230769230769,64,90.25,0,1,0,1,1,0,1,1,0,1,1,0
19.95,9.975,1,19.95,1,0,1,0,1,0,0,0,0,0,0,1
109.3,15.614285714285714,6,20.65,1,0,0,0,1,0,0,0,0,0,0,0
79.6,39.8,1,79.6,1,1,1,1,1,0,1,0,0,1,0,1
958.45,23.96125,39,25.45,0,0,0,0,1,0,0,0,0,0,1,0
403.15,19.197619047619046,20,19.5,0,0,0,0,0,0,0,0,0,0,0,0
75.9,37.95,1,75.9,1,1,1,0,1,1,1,0,0,1,0,1
76.2,38.1,1,76.2,1,1,1,1,1,0,1,1,0,1,0,1
4392.5,67.57692307692308,64,66.15,0,0,0,1,1,1,0,1,0,1,0,0
19.25,9.625,1,19.25,1,0,0,0,1,0,0,0,0,0,1,1
3168.0,67.40425531914893,46,69.1,1,1,0,1,0,1,0,1,0,0,0,0
1096.6,37.813793103448276,28,39.1,0,1,1,1,0,1,0,1,0,0,1,0
669.45,19.689705882352943,33,20.05,1,0,0,0,0,0,0,1,0,0,0,0
2343.85,58.59625,39,59.8,0,0,1,1,1,0,0,1,0,0,1,0
3588.4,83.45116279069768,42,84.3,1,1,1,0,0,1,1,1,0,1,0,1
48.6,24.3,1,48.6,1,1,1,1,0,1,0,0,0,0,0,0
522.95,65.36875,7,79.0,1,1,1,1,0,1,1,0,0,1,0,1
7511.9,105.80140845070422,70,105.35,0,0,0,1,1,0,1,1,1,0,0,0
1725.0,26.136363636363637,65,25.1,0,0,0,0,1,1,0,0,1,0,0,0
49.75,24.875,1,49.75,1,0,1,1,1,0,0,0,0,1,0,0
1691.9,89.04736842105264,18,94.75,1,1,1,1,1,1,1,1,0,1,0,0
2248.05,89.92200000000001,24,93.0,1,1,1,1,1,1,1,1,0,1,0,0
4479.2,69.9875,63,71.9,0,0,0,0,1,1,0,0,1,1,0,0
3471.1,77.13555555555556,44,77.55,0,1,0,1,0,1,0,0,0,0,1,0
63.0,12.6,4,19.85,1,0,1,0,1,1,0,0,0,0,0,0
70.25,35.125,1,70.25,1,1,1,1,0,1,1,0,0,1,0,1
3314.15,87.21447368421053,37,95.25,1,1,1,1,0,1,1,1,0,1,1,0
865.55,78.68636363636364,10,84.6,1,1,0,1,0,1,1,0,0,1,0,1
852.7,24.362857142857145,34,25.05,1,1,0,1,1,1,0,0,0,1,0,0
1930.9,53.63611111111111,35,53.15,0,0,0,1,1,0,0,1,0,1,0,0
91.4,18.28,4,20.15,1,0,1,0,0,0,0,1,0,0,0,0
3949.15,98.72875,39,101.25,1,1,1,0,0,1,1,1,0,1,0,0
4304.0,97.81818181818181,43,100.55,0,1,0,1,1,1,1,1,0,0,0,0
409.9,22.772222222222222,17,24.1,1,0,0,0,0,0,0,1,0,0,1,1
1554.9,25.07903225806452,61,25.3,0,0,0,0,0,0,0,1,1,0,0,0
3472.05,69.441,49,71.8,0,0,1,1,0,0,0,1,0,0,0,0
117.8,23.56,4,19.7,0,0,0,0,1,0,0,0,0,0,0,0
3210.35,49.39,64,49.85,0,1,1,0,0,0,0,1,1,0,1,0
207.4,51.85,3,69.6,1,1,0,1,1,1,1,0,0,1,0,0
19.75,9.875,1,19.75,1,0,1,0,1,0,0,1,0,0,1,0
3132.75,76.40853658536585,40,80.8,0,1,1,1,1,0,1,1,0,0,0,0
60.0,30.0,1,60.0,1,0,1,0,0,1,0,0,0,0,1,1
649.65,72.18333333333334,8,86.55,1,1,1,1,1,1,1,0,0,1,0,1
20.85,10.425,1,20.85,1,0,0,0,0,1,0,1,0,0,0,1
2106.3,60.18000000000001,34,64.2,0,1,0,0,0,0,0,1,0,1,0,0
35.0,17.5,1,35.0,1,1,1,1,0,0,0,1,0,1,0,0
2011.4,50.285000000000004,39,50.75,1,1,1,1,0,1,0,0,0,1,0,1
6205.5,105.17796610169492,58,105.5,0,0,0,0,0,1,1,1,0,0,0,1
903.7,19.645652173913046,45,19.2,0,0,1,0,1,0,0,1,1,0,1,0
503.6,71.94285714285715,6,85.15,1,0,0,1,1,1,1,0,0,1,0,1
3882.3,88.23409090909091,43,90.65,0,0,0,0,1,1,1,0,0,0,0,0
879.8,20.947619047619046,41,20.0,0,0,0,0,1,1,0,1,1,0,1,0
383.65,63.94166666666666,5,74.65,1,1,1,1,1,1,1,0,0,0,0,0
4390.25,60.14041095890411,72,61.2,0,0,0,0,1,1,0,0,1,1,0,0
68.2,13.64,4,19.95,0,0,0,0,1,0,0,0,0,0,0,0
452.8,45.28,9,54.8,1,1,0,0,1,0,0,1,0,0,1,0
5329.0,73.0,72,73.45,0,1,0,1,1,1,0,1,1,1,0,0
1758.9,51.73235294117647,33,51.45,0,1,0,0,0,1,0,1,0,1,0,0
5737.6,78.59726027397261,72,80.45,0,0,0,1,0,0,1,1,1,1,0,0
1152.7,50.11739130434783,22,54.2,1,0,1,0,1,1,0,1,0,1,0,1
7674.55,108.09225352112676,70,109.5,0,1,1,0,0,1,1,1,0,0,0,1
2157.95,98.08863636363635,21,104.4,1,1,1,1,1,0,1,1,0,0,1,1
1219.85,76.240625,15,85.3,1,1,1,1,1,0,1,0,0,1,0,0
2414.55,80.485,29,79.3,1,1,1,0,1,1,1,1,0,1,0,0
1155.6,72.225,15,76.5,1,1,0,0,0,0,0,1,0,0,1,0
7548.1,104.83472222222223,71,105.1,1,0,0,1,1,1,1,1,0,0,1,1
1809.35,24.785616438356165,72,25.4,0,0,0,0,1,0,0,0,1,0,0,0
1564.4,78.22,19,86.85,1,1,1,1,0,1,1,1,0,1,0,0
19.65,9.825,1,19.65,1,0,0,0,1,0,0,0,0,0,0,0
75.7,37.85,1,75.7,1,1,1,1,0,1,1,0,0,0,0,1
84.4,28.133333333333336,2,45.55,1,1,1,1,0,0,0,0,0,1,0,0
864.85,72.07083333333334,11,78.1,1,1,0,1,0,1,1,1,0,1,1,0
228.75,17.596153846153847,12,19.3,0,0,0,0,0,0,0,0,0,0,0,0
7752.05,109.1838028169014,70,110.5,0,1,1,0,0,1,1,1,1,0,0,0
1951.0,92.9047619047619,20,90.8,1,1,1,1,0,0,1,1,0,1,0,1
470.6,19.608333333333334,23,20.3,1,0,0,0,0,1,0,0,0,0,0,0
4060.9,81.218,49,81.35,0,0,0,0,1,0,0,0,1,0,0,0
384.5,76.9,4,97.95,1,1,1,1,0,1,1,1,0,0,1,1
3432.9,104.02727272727273,32,108.15,1,0,0,0,1,1,1,0,0,0,0,1
108.65,36.21666666666667,2,55.3,1,1,1,1,1,1,0,0,0,1,1,0
3952.65,56.46642857142857,69,56.55,0,0,0,1,1,0,0,1,1,0,0,0
463.05,66.15,6,80.5,1,1,0,1,1,1,1,0,0,1,0,1
494.05,19.762,24,19.7,0,0,0,0,0,1,0,1,1,0,1,0
3416.85,103.54090909090908,32,104.05,0,1,0,1,0,1,1,0,0,0,0,0
1498.65,53.52321428571429,27,52.85,0,0,0,1,0,0,0,0,1,0,0,0
2867.75,102.41964285714286,27,104.3,1,0,0,0,0,1,1,1,0,1,0,1
4807.35,81.48050847457628,58,80.65,1,1,0,0,1,0,1,0,0,1,0,0
71.35,35.675,1,71.35,1,1,0,1,1,1,1,0,0,1,0,1
471.35,24.807894736842105,18,24.65,0,0,0,0,0,1,0,1,1,0,1,0
1041.8,21.704166666666666,47,21.3,0,0,0,0,0,1,0,1,1,0,1,0
7689.8,108.30704225352113,70,110.2,0,1,1,0,0,1,1,1,1,0,1,0
1132.35,80.88214285714285,13,89.4,1,1,1,0,0,0,1,0,0,0,0,1
1815.0,49.054054054054056,36,51.05,1,0,0,1,0,0,0,1,0,1,1,0
1311.3,19.283823529411762,67,19.8,0,0,0,0,1,1,0,0,1,0,0,0
199.45,18.13181818181818,10,19.9,1,0,0,0,0,1,0,0,0,0,0,0
1637.3,81.865,19,87.3,1,0,1,1,1,1,1,0,0,1,0,0
1326.35,18.421527777777776,71,19.85,0,0,0,0,0,0,0,1,1,0,1,0
6376.55,87.35000000000001,72,89.4,0,0,0,0,1,1,0,1,1,0,1,0
935.9,19.099999999999998,48,20.0,0,0,0,0,0,0,0,1,1,0,1,0
20.05,10.025,1,20.05,1,0,0,0,1,0,0,0,0,0,0,0
1611.15,84.79736842105264,18,83.25,1,0,1,0,1,0,0,1,0,1,1,0
20.6,10.3,1,20.6,1,0,0,0,1,0,0,0,0,0,0,1
6989.7,102.78970588235293,67,102.9,0,1,0,0,1,0,1,1,1,0,0,0
2779.5,39.707142857142856,69,39.1,0,0,0,0,1,0,0,1,1,1,1,0
1931.75,96.5875,19,99.95,1,1,1,1,1,1,1,0,0,0,0,1
8331.95,114.13630136986302,72,114.5,0,0,0,0,1,1,1,1,1,0,0,0
735.9,18.869230769230768,38,20.2,0,0,0,0,0,0,0,0,1,0,0,0
2283.3,55.69024390243903,40,55.8,0,1,1,1,1,0,0,1,0,1,0,0
1445.2,23.309677419354838,61,24.2,0,0,0,0,0,1,0,1,1,0,1,0
818.05,74.36818181818181,10,81.0,1,1,0,1,0,1,1,0,0,0,0,1
2333.05,70.69848484848485,32,72.8,0,0,0,0,1,1,0,1,0,1,0,0
1992.55,90.57045454545454,21,99.85,1,1,0,1,0,1,1,0,0,0,0,0
5890.0,98.16666666666667,59,99.5,0,1,1,1,0,1,1,0,0,1,0,0
916.75,65.48214285714286,13,70.15,1,1,1,1,0,1,1,1,0,1,0,1
1029.8,21.454166666666666,47,20.25,0,0,0,0,0,0,0,0,1,0,0,0
1796.55,25.665,69,26.0,0,0,0,0,1,1,0,1,1,0,1,0
33.7,11.233333333333334,2,19.9,1,0,0,0,1,1,0,0,0,0,0,0
454.05,19.741304347826087,22,19.05,1,0,0,0,0,0,0,1,0,0,1,0
1392.25,87.015625,15,96.5,1,0,1,1,1,1,1,1,0,1,0,0
1049.6,19.437037037037037,53,19.85,0,0,0,0,0,0,0,0,1,0,0,0
734.6,25.33103448275862,28,25.7,1,0,0,0,0,0,0,1,0,0,0,0
475.1,20.656521739130437,22,20.3,0,0,0,0,1,0,0,0,0,0,0,0
70.15,35.075,1,70.15,1,1,0,1,0,1,1,0,0,1,0,1
1540.05,90.59117647058824,16,91.55,1,1,1,0,1,1,1,1,0,1,0,0
1978.65,40.38061224489796,48,39.4,0,0,0,0,0,0,0,1,1,0,1,0
3181.8,102.63870967741936,30,105.7,1,0,0,0,1,1,1,1,0,0,0,0
229.7,57.425,3,70.25,1,1,1,1,0,1,1,0,0,1,0,0
5625.55,96.99224137931034,57,93.75,0,0,1,0,1,0,1,0,1,1,0,0
6581.9,95.38985507246376,68,96.55,0,0,0,1,0,1,1,1,0,0,0,1
1347.15,56.13125,23,60.0,0,1,0,0,0,0,0,1,0,1,0,0
3808.2,57.699999999999996,65,59.8,0,1,0,0,0,1,0,1,1,1,0,0
3974.15,88.31444444444445,44,90.65,0,1,0,1,1,1,1,1,0,1,0,0
7661.8,106.41388888888889,71,109.0,0,0,0,1,0,1,1,1,1,0,1,0
2479.25,65.24342105263158,37,68.1,0,0,0,0,0,0,0,1,0,1,0,0
266.6,20.50769230769231,12,20.4,1,0,0,0,0,0,0,0,0,0,0,0
5601.4,80.02,69,81.95,0,1,0,0,1,1,0,1,1,0,1,0
1982.6,55.07222222222222,35,60.55,1,0,1,1,0,0,0,0,0,0,0,0
339.9,56.65,5,65.6,1,1,0,0,1,1,0,0,0,0,0,0
4828.05,81.8313559322034,58,82.5,0,1,0,1,1,0,1,1,1,1,1,0
5980.55,81.92534246575343,72,82.3,0,0,0,0,1,1,0,1,1,0,0,0
4808.7,65.87260273972602,72,68.15,0,0,0,0,1,0,0,1,1,0,0,0
20.3,10.15,1,20.3,1,0,0,0,0,0,0,0,0,0,0,0
3692.85,92.32124999999999,39,95.55,0,0,1,0,0,1,1,0,0,1,0,1
1068.15,19.78055555555556,53,20.2,0,0,0,0,1,0,0,1,0,0,1,0
2383.6,85.12857142857142,27,89.2,1,1,1,0,0,1,1,0,0,1,0,0
69.65,34.825,1,69.65,1,1,1,1,0,1,1,0,0,1,0,1
89.3,44.65,1,89.3,1,1,1,1,0,1,1,0,0,1,0,1
1438.05,75.68684210526315,18,74.8,1,0,1,1,0,0,1,1,0,1,0,0
917.45,19.52021276595745,46,20.2,0,0,0,0,1,1,0,1,1,0,1,0
6096.45,83.51301369863013,72,84.4,0,0,0,0,0,1,0,1,1,1,0,0
3078.1,83.19189189189188,36,87.55,1,1,1,0,0,1,1,0,0,1,0,1
99.95,19.990000000000002,4,25.15,1,1,1,1,0,1,0,1,0,1,0,0
475.2,18.276923076923076,25,19.8,0,0,0,0,0,0,0,0,1,0,0,0
2036.55,49.671951219512195,40,50.85,1,1,1,1,0,1,0,1,0,0,1,0
6444.05,100.68828125,63,102.4,1,1,1,1,1,1,1,1,0,0,0,0
1426.75,89.171875,15,96.3,1,0,0,0,0,1,1,0,0,1,0,1
767.55,51.169999999999995,14,55.5,1,1,0,1,1,1,0,0,0,0,0,0
7932.5,108.66438356164383,72,109.75,0,1,0,0,1,1,1,1,1,0,0,0
4040.65,101.01625,39,106.4,1,0,1,1,1,1,1,0,0,0,0,0
2768.65,57.68020833333333,47,60.0,0,0,0,1,0,1,0,1,1,0,1,0
1672.35,83.61749999999999,19,88.8,1,0,0,0,1,1,1,1,0,0,0,0
474.8,79.13333333333334,5,85.2,1,1,1,1,0,1,1,0,0,1,0,1
446.1,31.864285714285717,13,35.1,1,1,1,1,0,1,0,0,0,1,0,1
1345.65,74.75833333333334,17,80.05,1,1,0,1,0,0,1,0,0,1,0,0
2425.4,69.29714285714286,34,75.55,1,1,1,1,1,1,1,1,0,1,0,0
2077.95,48.32441860465116,42,49.55,1,1,1,1,0,1,0,0,0,0,0,0
416.3,69.38333333333334,5,81.3,1,1,1,1,1,1,1,1,0,0,0,1
1663.5,23.104166666666668,71,23.9,0,0,0,0,0,0,0,1,1,0,1,0
1286.05,64.3025,19,66.4,1,0,0,1,1,0,0,1,0,1,0,0
35.85,11.950000000000001,2,19.6,1,0,1,0,0,1,0,0,0,0,1,1
1094.35,18.86810344827586,57,18.8,0,0,0,0,1,0,0,0,1,0,0,0
7719.5,105.74657534246575,72,108.4,0,1,1,0,1,1,1,1,1,0,0,0
514.6,73.51428571428572,6,85.95,1,1,0,1,0,1,1,0,0,0,0,0
1451.6,80.64444444444445,17,85.45,1,1,1,1,0,1,1,1,0,1,1,1
4932.5,79.55645161290323,61,80.9,0,1,0,1,1,0,0,1,1,0,0,0
71.0,35.5,1,71.0,1,1,1,1,1,1,1,1,0,1,1,1
5443.65,111.09489795918367,48,111.8,0,0,0,0,1,0,1,1,1,0,1,0
330.25,19.426470588235293,16,20.6,1,0,0,0,1,1,0,0,0,0,0,0
746.5,74.65,9,85.05,1,1,1,1,1,1,1,0,0,1,0,1
122.7,30.675,3,44.6,1,1,1,1,0,0,0,0,0,1,0,0
44.4,22.2,1,44.4,1,1,1,1,1,1,0,0,0,1,1,1
6631.85,100.48257575757576,65,105.1,0,1,0,1,1,0,1,0,1,0,0,0
8250.0,116.19718309859155,70,115.15,0,0,0,0,0,1,1,1,1,0,1,0
3561.15,58.37950819672131,60,59.8,0,0,0,1,1,1,0,1,0,1,0,0
1763.55,25.193571428571428,69,26.3,0,0,1,0,0,1,0,1,0,0,0,0
2419.0,67.19444444444444,35,70.55,1,1,1,1,0,0,1,0,0,1,0,0
470.2,20.443478260869565,22,20.05,1,0,0,0,0,1,0,0,0,0,0,0
5234.95,78.13358208955223,66,79.85,0,1,0,1,1,0,0,1,1,0,1,0
70.3,35.15,1,70.3,1,1,1,1,1,1,1,1,0,1,0,1
79.35,39.675,1,79.35,1,1,0,1,0,1,1,1,0,1,0,1
3097.0,88.48571428571428,34,90.05,1,1,0,1,1,1,1,1,0,1,1,0
1709.1,23.412328767123288,72,24.45,0,0,0,0,0,0,0,1,1,0,1,0
1848.8,57.775,31,59.95,0,0,1,0,1,0,0,1,0,1,1,0
723.3,23.33225806451613,30,25.35,0,0,0,0,1,0,0,0,0,0,1,0
809.75,80.975,9,90.8,1,1,0,1,0,1,1,0,0,1,0,1
1470.95,70.04523809523809,20,70.45,1,1,1,1,1,1,1,1,0,1,1,1
577.15,28.857499999999998,19,34.3,1,1,0,1,1,1,0,1,0,0,0,0
6914.95,104.77196969696969,65,105.05,1,0,1,1,0,1,1,1,0,1,0,0
602.9,19.448387096774194,30,19.3,0,0,0,0,0,0,0,1,1,0,1,0
124.4,17.771428571428572,6,19.15,0,0,0,0,1,0,0,0,0,0,0,0
96.8,32.266666666666666,2,51.4,1,1,1,1,0,0,0,0,0,0,0,0
3827.9,70.88703703703703,53,71.85,1,0,1,0,1,0,0,1,0,1,1,0
533.05,66.63125,7,75.4,1,1,1,1,1,1,1,1,0,1,0,0
2961.4,47.76451612903226,61,49.7,0,0,0,1,0,1,0,1,0,1,1,0
3264.45,45.97816901408451,70,45.25,0,1,1,1,1,1,0,0,0,1,0,1
995.35,71.09642857142858,13,78.75,1,0,1,1,0,1,0,0,0,1,0,0
2815.25,78.20138888888889,35,81.6,0,1,0,1,1,1,1,1,0,1,0,0
154.8,51.6,2,70.4,1,1,0,1,0,1,1,1,0,1,0,0
246.3,61.575,3,75.8,1,1,1,1,0,1,1,0,0,1,0,1
257.6,64.4,3,76.1,1,1,1,1,0,0,1,0,0,1,0,0
5757.2,91.38412698412698,62,94.0,0,1,0,1,0,1,1,0,0,1,0,0
7517.7,102.98219178082192,72,103.95,0,0,0,0,1,0,1,1,1,0,1,0
1234.8,19.29375,63,19.95,0,0,0,0,1,1,0,1,1,0,0,0
1389.2,66.15238095238095,20,71.3,1,1,0,1,1,0,1,0,0,1,0,1
3836.3,106.5638888888889,35,110.8,0,0,0,0,0,1,1,0,0,0,0,0
1474.75,67.0340909090909,21,69.1,1,1,1,1,1,1,1,1,0,1,0,1
6001.45,95.2611111111111,62,96.1,0,0,1,1,1,0,1,1,0,0,0,0
720.1,45.00625,15,48.8,1,1,0,1,0,1,0,0,0,1,0,0
2832.75,50.58482142857143,55,50.55,1,0,0,1,0,1,0,0,0,1,0,0
472.25,39.354166666666664,11,44.65,1,1,0,1,0,1,0,0,0,1,0,0
1460.65,81.14722222222223,17,88.25,1,1,1,1,0,0,1,1,0,1,1,1
1336.35,21.554032258064513,61,19.45,0,0,0,0,0,0,0,0,0,0,0,0
6388.65,88.73124999999999,71,89.3,0,0,0,0,0,0,0,1,1,0,0,0
153.05,51.01666666666667,2,70.0,1,1,0,1,0,0,1,0,0,1,0,1
677.9,18.830555555555556,35,19.25,0,0,0,0,1,0,0,0,1,0,0,0
1165.6,64.75555555555555,17,70.5,1,1,0,1,0,0,1,0,0,1,0,0
2119.5,96.3409090909091,21,97.35,1,1,1,1,0,1,1,0,0,1,0,1
921.55,19.198958333333334,47,19.65,0,0,0,0,0,0,0,1,1,0,0,0
72.0,18.0,3,20.85,1,0,0,0,0,0,0,1,0,0,0,0
68.35,17.0875,3,19.65,1,0,0,0,1,1,0,0,0,0,0,0
847.25,18.82777777777778,44,19.35,0,0,0,0,1,1,0,1,1,0,0,0
44.0,22.0,1,44.0,1,1,0,1,0,1,0,0,0,1,0,0
4295.35,95.45222222222223,44,94.4,0,1,1,1,0,0,1,1,0,0,1,0
135.0,22.5,5,25.9,1,0,0,0,1,1,0,1,0,0,1,1
1400.55,56.022,24,55.65,1,0,0,1,1,1,0,0,0,1,0,1
69.65,34.825,1,69.65,1,1,1,1,0,1,1,0,0,1,1,1
1380.4,72.65263157894738,18,75.4,1,0,1,1,0,1,1,0,0,1,0,0
1060.2,96.38181818181819,10,100.6,1,1,1,1,0,1,1,0,0,1,0,1
4386.2,66.45757575757575,65,71.0,0,0,0,1,0,0,0,1,1,0,0,0
86.0,43.0,1,86.0,1,1,1,1,0,1,1,0,0,0,0,1
5785.5,107.13888888888889,53,106.95,0,0,0,1,0,1,1,0,0,1,0,1
52.05,13.0125,3,21.2,0,0,0,0,1,0,0,0,0,0,0,0
2018.4,59.36470588235294,33,61.05,0,0,0,0,1,1,0,1,1,0,0,0
79.45,19.8625,3,29.6,1,1,1,1,1,1,0,0,0,0,0,1
2727.3,77.92285714285715,34,79.95,0,0,0,0,0,1,0,0,0,1,0,0
263.65,17.576666666666664,14,19.7,0,0,0,0,0,1,0,1,1,0,1,0
275.4,19.67142857142857,13,20.3,1,0,0,0,0,1,0,0,0,0,0,0
2816.65,59.92872340425532,46,59.9,0,1,0,0,1,1,0,1,0,0,0,1
538.5,22.4375,23,24.35,0,0,0,0,1,0,0,1,0,0,1,0
948.9,19.76875,47,19.75,0,0,0,0,0,0,0,1,1,0,1,0
846.8,47.044444444444444,17,50.3,1,0,0,1,1,1,0,0,0,1,1,0
4783.5,95.67,49,95.6,1,1,1,1,0,1,1,1,0,1,1,1
2997.45,49.957499999999996,59,50.25,1,1,1,1,1,1,0,1,0,0,0,0
5897.4,84.24857142857142,69,85.35,0,0,0,0,0,1,0,0,1,1,0,0
470.6,39.21666666666667,11,41.6,0,1,1,1,1,1,0,0,0,1,0,1
524.5,47.68181818181818,10,51.65,1,0,0,1,1,1,0,0,0,1,0,0
269.65,20.74230769230769,12,24.0,0,0,0,0,1,1,0,1,1,0,1,0
4740.0,103.04347826086956,45,100.85,1,1,0,1,1,1,1,0,0,0,0,1
2341.5,58.5375,39,59.85,1,1,0,1,0,1,0,1,0,1,1,0
1789.65,24.856250000000003,71,25.45,0,0,0,0,1,0,0,1,1,0,0,0
1626.4,22.58888888888889,71,23.9,0,0,0,0,1,0,0,1,1,0,1,0
800.3,23.538235294117644,33,24.15,0,0,0,0,0,0,0,1,0,0,1,0
5060.85,74.42426470588236,67,75.7,1,1,0,1,1,1,1,0,0,1,0,0
1448.8,38.126315789473686,37,40.2,1,0,0,1,1,0,0,1,0,0,1,1
4254.85,85.09700000000001,49,84.5,1,1,1,1,1,0,1,1,0,1,1,1
466.6,46.660000000000004,9,50.85,1,1,0,1,0,0,0,1,0,0,0,0
4627.8,87.31698113207547,52,91.6,0,0,0,0,1,1,1,1,1,1,0,0
6838.6,96.31830985915494,70,98.9,0,1,1,1,0,0,1,0,0,0,0,0
85.0,42.5,1,85.0,1,1,1,1,1,1,1,0,0,0,0,0
1101.85,73.45666666666666,14,78.95,1,1,1,1,0,1,1,0,0,0,0,1
44.3,22.15,1,44.3,1,1,0,1,1,1,0,0,0,1,0,0
20.2,10.1,1,20.2,1,0,0,0,1,0,0,0,0,0,0,1
4297.6,81.0867924528302,52,80.2,0,1,0,1,0,1,1,0,0,0,0,0
414.1,59.15714285714286,6,60.9,1,1,0,1,1,0,0,0,0,1,0,0
256.6,32.075,7,34.2,1,0,0,1,1,0,0,1,0,0,0,0
3969.35,82.69479166666666,47,85.2,1,1,0,1,0,1,1,0,0,0,0,1
2274.1,84.22592592592592,26,87.15,0,0,0,0,0,1,1,0,0,1,0,0
1296.8,49.87692307692308,25,54.3,1,0,1,0,1,0,0,1,0,1,1,0
1268.85,18.12642857142857,69,19.1,0,0,0,0,1,1,0,0,1,0,0,0
8192.6,112.22739726027397,72,112.75,0,0,0,0,0,1,1,0,1,0,0,0
59.25,11.85,4,19.95,1,0,0,0,1,1,0,0,0,0,0,0
1147.85,19.13083333333333,59,19.5,0,0,0,0,1,0,0,1,1,0,1,0
4361.55,64.14044117647059,67,65.55,0,0,0,1,1,0,0,0,1,1,0,0
2006.1,74.3,26,78.8,1,1,1,1,0,1,1,0,0,1,0,0
2078.95,74.24821428571428,27,78.2,0,1,0,0,0,0,0,0,0,0,0,0
7609.75,104.2431506849315,72,105.25,0,0,0,1,1,0,1,1,1,1,1,0
487.05,69.57857142857144,6,89.25,1,1,1,0,0,1,1,0,0,1,0,0
1218.45,19.340476190476192,62,20.65,0,0,0,0,1,0,0,1,1,0,1,0
1416.2,67.43809523809524,20,68.7,0,1,1,0,1,1,0,0,0,0,0,0
483.3,69.04285714285714,6,78.65,1,0,0,0,1,0,0,0,0,1,0,0
1234.6,23.74230769230769,51,24.75,0,0,0,0,1,0,0,0,1,0,0,0
1311.6,21.154838709677417,61,19.75,0,0,0,0,0,0,0,1,1,0,1,0
5618.3,89.17936507936508,62,89.1,1,0,1,1,1,1,1,1,0,0,0,0
6185.15,84.72808219178081,72,84.7,0,0,0,0,0,1,1,0,1,1,0,0
1237.85,88.41785714285713,13,98.0,1,1,1,1,1,1,1,1,0,0,0,1
498.1,83.01666666666667,5,94.45,1,1,1,1,1,1,1,1,0,1,0,1
294.45,73.6125,3,105.0,1,1,1,1,1,1,1,0,0,0,0,1
2381.55,88.20555555555556,26,93.85,1,1,1,1,0,1,1,1,0,0,0,1
788.35,56.31071428571429,13,59.9,1,1,1,1,1,1,0,0,0,0,0,0
756.4,19.394871794871793,38,19.95,0,0,0,0,0,1,0,1,1,0,1,0
613.4,68.15555555555555,8,84.0,1,1,1,1,0,1,1,1,0,1,0,1
3625.2,103.57714285714285,34,108.9,1,1,1,0,1,1,1,1,0,0,1,0
550.35,28.96578947368421,18,33.6,1,0,0,1,1,0,0,0,0,1,0,0
4793.8,84.10175438596491,56,85.85,0,1,0,0,1,1,1,1,0,0,1,0
1267.2,34.24864864864865,36,34.85,1,1,0,0,0,1,0,0,0,0,0,0
442.2,44.22,9,48.75,1,1,1,1,0,1,0,1,0,1,0,1
84.85,42.425,1,84.85,1,1,1,1,1,1,1,0,0,1,0,1
654.85,50.37307692307692,12,56.65,1,0,0,0,1,0,0,0,0,1,0,1
5567.45,95.99051724137931,57,95.3,1,1,0,0,0,1,1,1,0,0,1,0
3160.55,73.50116279069768,42,73.9,0,0,0,0,0,0,0,0,0,0,0,1
740.3,21.773529411764706,33,24.5,0,0,0,0,0,1,0,1,1,0,1,1
5706.2,80.36901408450704,70,84.6,0,0,0,0,1,0,1,1,1,0,0,0
3085.35,44.71521739130435,68,44.95,1,1,1,0,0,0,0,0,0,0,0,0
24.7,12.35,1,24.7,1,1,1,1,1,1,0,0,0,1,1,0
3541.4,93.19473684210527,37,100.3,1,1,0,0,0,0,1,0,0,1,0,0
84.2,16.84,4,25.45,1,0,0,0,0,1,0,0,0,0,1,0
50.7,25.35,1,50.7,1,0,0,1,1,1,0,0,0,1,0,0
1165.55,55.50238095238095,20,55.0,1,0,0,0,1,1,0,0,0,0,0,0
4855.35,66.51164383561644,72,68.4,0,0,0,0,1,0,0,1,1,0,1,0
2806.9,87.715625,31,89.9,1,1,1,1,0,1,1,0,0,1,0,1
1422.65,74.8763157894737,18,78.55,1,1,1,1,1,0,1,1,0,1,0,1
608.15,50.67916666666667,11,55.05,1,1,0,1,1,1,0,1,0,1,0,0
641.35,18.863235294117647,33,19.8,0,0,0,0,0,0,0,1,1,0,1,0
4959.15,78.71666666666665,62,84.45,0,1,1,1,0,0,1,0,0,1,0,0
35.9,17.95,1,35.9,1,1,0,0,0,0,0,0,0,1,0,0
1321.3,77.7235294117647,16,80.75,1,0,0,1,1,0,1,1,0,0,0,0
1663.75,72.33695652173913,22,78.65,0,1,0,0,1,1,0,1,0,1,1,0
3024.15,60.483000000000004,49,61.75,1,0,0,0,0,0,0,1,0,1,1,0
2188.5,59.148648648648646,36,63.7,0,0,0,1,1,1,0,1,0,1,1,0
4138.05,96.23372093023256,42,99.45,1,1,1,0,1,1,1,1,0,0,0,1
102.5,20.5,4,25.2,1,1,0,1,1,1,0,0,0,1,0,1
872.65,67.12692307692308,12,74.05,0,1,0,0,0,0,0,0,0,1,0,1
2724.25,85.1328125,31,87.6,1,0,1,0,0,0,1,0,0,1,0,0
413.25,68.875,5,89.15,1,0,1,1,1,1,1,1,0,1,0,0
1374.2,20.51044776119403,66,20.0,0,0,0,0,1,0,0,1,1,0,1,0
757.1,47.31875,15,55.0,1,1,0,0,0,0,0,0,0,1,0,1
6692.65,102.96384615384615,64,104.4,0,1,0,1,1,1,1,0,1,0,0,0
218.5,19.863636363636363,10,20.05,1,0,0,0,1,1,0,1,0,0,1,0
608.8,76.1,7,89.75,1,1,1,0,1,1,1,1,0,0,1,1
1004.75,33.49166666666667,29,34.3,1,1,1,0,1,0,0,0,0,0,0,0
1125.6,19.406896551724138,57,20.65,0,0,0,0,1,0,0,0,1,0,0,0
3847.6,81.86382978723404,46,84.25,1,0,0,1,0,0,1,0,0,0,0,0
978.0,18.11111111111111,53,19.65,0,0,0,0,1,0,0,0,1,0,0,0
1387.35,77.07499999999999,17,79.85,0,0,0,0,0,0,0,0,0,0,0,0
746.05,19.129487179487178,38,20.2,0,0,0,0,0,1,0,1,1,0,1,0
304.6,19.0375,15,19.8,0,0,0,0,1,0,0,0,0,0,0,0
1098.85,47.77608695652174,22,50.35,1,1,1,1,0,1,0,0,0,0,0,0
1139.2,75.94666666666667,14,85.15,1,1,1,1,1,1,1,1,0,1,0,1
4368.95,75.32672413793104,57,74.6,0,1,0,0,0,0,0,1,0,0,0,0
827.7,68.97500000000001,11,79.15,1,1,0,1,1,1,1,0,0,1,0,0
20.35,10.175,1,20.35,0,0,0,0,0,0,0,1,1,0,1,0
262.05,20.157692307692308,12,21.05,0,0,0,0,1,0,0,1,1,0,1,0
279.55,69.8875,3,94.6,1,1,1,1,1,1,1,1,0,1,0,1
3512.5,94.93243243243244,36,94.7,1,1,1,1,1,1,1,0,0,0,1,0
1483.25,87.25,16,94.25,1,0,1,1,1,1,1,0,0,1,0,1
4653.85,70.51287878787879,65,72.45,0,0,0,1,1,0,0,1,0,0,1,1
151.75,50.583333333333336,2,74.95,1,1,1,1,1,0,1,0,0,0,0,0
4400.75,102.34302325581395,42,105.2,1,0,1,1,0,1,1,0,0,1,0,1
8033.1,110.04246575342466,72,111.95,0,0,0,0,1,0,1,1,1,0,1,0
1253.65,19.899206349206352,62,19.85,0,0,0,0,1,0,0,0,1,0,0,0
552.65,78.95,6,89.75,1,1,1,1,0,1,1,0,0,0,0,0
1036.0,21.142857142857142,48,20.05,0,0,0,0,1,1,0,1,1,0,0,0
4025.5,111.81944444444444,35,108.95,0,0,1,0,1,1,1,0,1,1,0,0
928.4,17.516981132075472,52,19.65,0,0,0,0,1,0,0,0,0,0,1,0
24.9,12.45,1,24.9,1,1,0,1,0,1,0,0,0,1,0,0
460.25,65.75,6,82.85,1,1,1,1,1,1,1,1,0,1,0,1
6506.15,90.36319444444445,71,93.2,0,0,0,0,0,0,0,1,1,0,0,0
5598.3,82.32794117647059,67,84.8,0,0,0,1,0,0,1,1,0,0,1,0
4374.55,71.71393442622951,60,71.75,0,0,1,1,1,1,0,0,0,0,0,0
678.75,28.28125,23,30.35,1,1,0,0,1,1,0,1,0,1,1,0
2191.7,54.7925,39,54.85,0,1,0,0,1,0,0,0,0,1,1,0
239.75,14.984375,15,19.5,0,0,0,0,1,1,0,1,0,0,1,0
5485.5,101.58333333333333,53,103.85,1,1,1,1,1,1,1,1,0,0,0,1
609.05,24.362,24,24.2,0,0,0,0,1,0,0,1,1,0,1,0
683.75,17.99342105263158,37,19.35,1,0,1,0,0,0,0,1,0,0,1,0
404.2,67.36666666666666,5,83.6,1,1,1,1,0,1,1,1,0,0,1,1
5189.75,101.75980392156863,50,100.65,0,1,1,0,0,1,1,1,0,1,0,0
5060.9,92.01636363636364,54,94.1,0,1,0,1,0,1,1,0,0,1,0,0
233.65,58.4125,3,74.55,1,0,1,1,0,1,1,0,0,1,0,0
7176.55,104.00797101449275,68,108.45,0,1,1,0,1,0,1,0,0,0,0,1
291.45,48.574999999999996,5,56.15,1,1,1,0,1,0,0,0,0,1,0,0
689.75,20.28676470588235,33,20.35,0,0,0,0,1,0,0,0,1,0,0,0
3263.9,77.71190476190476,41,80.55,0,1,1,1,0,1,0,0,0,0,0,0
1993.2,56.94857142857143,34,61.25,0,0,0,0,0,0,0,1,0,1,1,0
254.5,18.178571428571427,13,20.45,1,0,0,0,0,1,0,1,0,0,1,0
347.65,16.554761904761904,20,18.9,1,0,0,0,0,1,0,0,0,0,0,0
967.9,18.61346153846154,51,19.6,0,0,0,0,0,0,0,0,1,0,0,0
242.95,60.7375,3,91.5,1,1,0,1,0,1,1,1,0,0,0,1
1841.9,43.85476190476191,41,45.2,1,1,0,1,0,0,0,0,0,1,1,0
232.1,16.57857142857143,13,19.45,1,0,0,0,0,0,0,0,0,0,0,0
809.25,22.479166666666668,35,25.45,0,0,0,0,1,0,0,1,1,0,1,0
866.45,66.65,12,80.85,1,0,0,0,1,0,1,1,0,1,0,1
360.55,72.11,4,94.9,1,0,0,0,1,1,1,0,0,0,0,0
2076.2,47.18636363636363,43,49.05,1,1,0,1,0,1,0,0,0,1,0,1
355.9,27.376923076923074,12,29.3,1,1,0,0,0,1,0,1,0,1,1,0
7299.65,105.79202898550724,68,105.3,1,1,1,1,1,1,1,1,0,0,0,1
2291.2,88.12307692307692,25,88.95,1,1,1,1,1,1,1,0,0,0,0,1
129.15,16.14375,7,20.25,0,0,0,0,0,0,0,0,0,0,0,0
7491.75,111.81716417910448,66,110.85,0,1,1,0,1,1,1,1,0,0,0,1
5835.5,108.06481481481481,53,110.5,0,0,1,0,0,0,1,1,0,0,0,0
7031.45,109.86640625,63,109.4,1,0,0,1,1,1,1,0,0,0,0,0
7723.9,108.78732394366196,70,114.2,0,0,0,0,0,1,1,1,1,0,1,1
1032.0,36.857142857142854,27,36.5,1,1,0,1,1,0,0,1,0,1,0,1
70.75,35.375,1,70.75,1,1,0,1,0,0,1,0,0,1,0,1
109.6,18.266666666666666,5,19.95,1,0,0,0,0,0,0,0,0,0,0,0
727.8,19.152631578947368,37,19.6,0,0,0,0,0,0,0,1,0,0,0,0
130.75,32.6875,3,40.15,1,1,0,1,1,1,0,0,0,1,0,1
893.0,68.6923076923077,12,76.6,1,1,1,1,0,1,1,0,0,1,1,0
763.1,19.566666666666666,38,19.6,0,0,0,0,0,0,0,1,0,0,1,0
781.4,78.14,9,85.3,1,1,0,1,0,1,1,0,0,1,0,0
902.25,64.44642857142857,13,65.85,1,0,1,1,1,1,0,1,0,1,0,0
2653.65,88.455,29,94.45,1,1,1,1,1,1,1,1,0,1,0,1
1016.7,21.181250000000002,47,20.05,0,0,0,0,0,0,0,1,1,0,1,0
5943.65,95.86532258064516,61,99.4,1,0,0,0,1,0,1,1,0,1,0,0
275.7,16.21764705882353,16,20.0,1,0,0,0,1,0,0,0,0,0,0,0
3126.45,74.43928571428572,41,78.45,0,0,1,0,0,0,0,1,1,0,1,0
1070.15,24.32159090909091,43,25.1,0,0,1,0,0,1,0,0,1,0,1,0
3457.9,93.45675675675676,36,97.35,1,1,0,1,0,1,1,1,0,0,1,1
340.4,48.628571428571426,6,55.0,1,1,1,1,0,1,0,0,0,1,0,0
4299.2,72.86779661016949,58,71.1,0,0,0,0,0,1,0,0,0,0,0,0
1093.2,54.660000000000004,19,61.55,1,1,0,0,1,1,0,0,0,1,0,0
521.9,43.49166666666667,11,45.9,1,1,0,1,1,1,0,1,0,1,0,0
1630.4,40.760000000000005,39,40.3,0,0,0,0,0,1,0,0,0,0,0,0
713.6,79.28888888888889,8,87.1,1,1,1,1,0,1,1,0,0,0,0,0
1265.65,46.87592592592593,26,49.5,1,1,0,1,0,1,0,0,0,1,1,0
4003.85,74.14537037037037,53,73.8,1,1,0,1,0,1,1,0,0,0,0,0
1401.4,19.738028169014086,70,19.2,0,0,0,0,0,1,0,1,1,0,1,0
45.3,22.65,1,45.3,1,1,0,1,1,1,0,0,0,1,0,1
1510.5,25.175,59,25.0,0,0,0,0,1,0,0,0,1,0,0,0
178.1,59.36666666666667,2,94.95,1,1,1,1,1,0,1,0,0,1,0,1
264.8,33.1,7,35.3,0,0,0,1,1,0,0,0,0,1,0,0
480.6,36.96923076923077,12,44.55,1,1,1,1,0,1,0,0,0,1,1,1
4541.9,75.69833333333332,59,76.75,0,1,0,0,1,0,0,1,0,0,1,0
4976.15,80.26048387096773,61,81.0,0,1,0,0,1,1,0,1,1,1,1,0
7542.25,103.31849315068493,72,105.55,0,0,0,1,1,1,1,1,1,1,1,0
251.25,17.946428571428573,13,18.8,1,0,0,0,0,0,0,1,0,0,1,0
1595.5,24.546153846153846,64,24.9,0,0,0,0,0,0,0,1,0,0,1,0
23.45,11.725,1,23.45,1,1,1,1,1,1,0,1,0,1,0,1
685.55,62.32272727272727,10,64.9,0,1,0,0,0,0,0,0,0,0,0,0
3874.1,58.698484848484846,65,61.35,0,0,0,1,0,0,0,1,0,0,1,0
6891.4,109.38730158730158,62,113.95,0,0,0,0,0,0,1,1,1,0,0,0
4916.95,87.80267857142857,55,90.15,0,0,1,0,0,1,0,1,0,0,0,0
1373.0,52.80769230769231,25,54.1,1,1,1,1,0,0,0,1,0,0,0,0
29.7,14.85,1,29.7,1,0,0,1,1,0,0,0,0,1,0,1
49.8,24.9,1,49.8,1,0,0,1,1,1,0,0,0,1,0,0
6039.9,100.66499999999999,59,101.1,1,1,1,1,0,0,1,1,0,0,0,1
1548.65,23.825384615384618,64,24.4,0,0,0,0,1,1,0,1,1,0,1,0
3440.25,92.97972972972973,36,95.0,1,1,0,1,1,1,1,1,0,1,0,0
151.3,37.825,3,50.65,1,1,0,1,0,1,0,0,0,1,0,1
4226.7,68.17258064516129,61,69.9,0,0,0,1,1,1,0,1,1,1,0,0
1023.75,37.916666666666664,26,39.95,0,1,0,1,1,1,0,0,0,0,1,0
55.4,27.7,1,55.4,1,1,1,1,0,1,0,0,0,1,0,1
90.6,45.3,1,90.6,1,1,1,1,0,1,1,1,0,0,0,1
7074.4,102.52753623188406,68,103.25,0,0,0,1,1,1,1,1,1,0,1,0
156.35,52.11666666666667,2,86.85,1,1,0,1,1,1,1,1,0,1,0,1
6849.75,93.83219178082192,72,94.25,0,0,0,0,0,1,1,1,1,0,0,0
3263.6,45.327777777777776,71,47.05,0,1,1,0,0,1,0,1,1,1,0,0
1252.85,21.600862068965515,57,20.55,0,0,0,0,1,0,0,0,1,0,0,0
67.55,13.51,4,19.65,1,0,0,0,1,1,0,0,0,0,0,0
70.2,35.1,1,70.2,1,1,1,1,0,1,1,0,0,1,0,0
5750.0,78.76712328767124,72,81.0,0,0,0,0,1,0,0,1,1,0,1,0
1549.75,70.44318181818181,21,75.9,0,0,0,1,1,1,0,1,0,1,1,0
1810.55,25.146527777777777,71,24.7,0,0,0,0,0,0,0,1,1,0,1,0
2952.85,98.42833333333333,29,99.05,1,1,0,1,0,1,1,1,0,1,0,1
7467.55,106.67928571428571,69,110.25,0,0,0,0,0,0,1,0,1,1,0,0
5484.4,84.3753846153846,64,85.0,0,0,0,0,0,1,0,1,1,1,0,0
294.9,17.34705882352941,16,19.75,1,0,0,0,1,0,0,0,0,0,0,0
97.5,19.5,4,23.9,0,0,1,0,0,0,0,0,0,0,0,0
5916.45,111.6311320754717,52,111.25,0,0,0,0,0,1,1,0,0,0,0,1
113.35,37.78333333333333,2,55.1,1,0,0,1,1,1,0,0,0,1,0,1
19.95,9.975,1,19.95,1,0,0,0,1,0,0,0,0,0,0,0
476.8,25.094736842105263,18,25.15,1,1,0,1,1,0,0,0,0,1,0,0
101.65,33.88333333333333,2,54.15,1,1,0,1,0,0,0,0,0,0,0,0
1130.85,56.5425,19,59.8,1,1,0,1,0,1,0,1,0,0,0,0
3532.25,86.15243902439025,40,83.85,1,1,0,1,0,0,1,0,0,1,0,0
6891.45,102.85746268656716,66,104.9,0,1,1,1,0,1,1,1,0,0,1,0
1570.7,71.39545454545454,21,75.3,1,1,0,1,1,0,1,0,0,1,0,0
520.95,57.88333333333334,8,66.65,1,1,1,0,1,1,0,0,0,0,0,0
7854.9,107.60136986301369,72,109.5,0,0,0,0,0,1,1,1,1,0,1,0
3581.4,73.08979591836734,48,73.85,0,1,0,0,0,1,0,0,0,0,0,0
1447.9,20.684285714285714,69,19.3,0,0,0,0,1,1,0,0,1,0,0,0
8547.15,117.08424657534246,72,118.2,0,0,1,0,1,1,1,0,1,0,0,0
727.85,48.52333333333333,14,51.45,0,1,0,1,0,0,0,0,0,0,0,0
357.6,51.08571428571429,6,59.45,1,1,1,1,1,0,0,0,0,0,0,0
159.35,17.705555555555556,8,19.5,0,0,0,0,0,0,0,1,1,0,1,0
280.85,15.60277777777778,17,19.55,0,0,0,0,0,0,0,0,0,0,0,0
6069.25,91.95833333333333,65,93.55,0,0,1,0,1,0,1,0,0,1,0,0
3274.35,56.45431034482758,57,59.3,0,0,0,0,0,1,0,1,0,1,1,0
1359.0,97.07142857142857,13,102.25,1,1,0,1,1,1,1,1,0,1,0,1
1777.9,88.89500000000001,19,95.9,1,1,0,1,1,1,1,0,0,1,0,1
6109.65,107.18684210526315,56,109.8,0,0,0,1,0,0,1,1,0,0,0,0
1122.4,74.82666666666667,14,78.1,1,1,1,1,0,1,1,1,0,1,0,0
2020.9,38.130188679245286,52,39.9,1,0,1,1,1,1,0,1,0,1,0,0
3795.45,64.32966101694915,58,64.9,0,0,0,0,0,1,0,0,1,0,0,0
4504.55,93.84479166666667,47,95.05,1,1,1,0,0,1,1,0,0,0,0,1
3579.15,52.63455882352941,67,53.4,1,1,0,0,0,1,0,0,0,1,0,0
49.7,16.566666666666666,2,24.9,1,1,0,1,1,1,0,0,0,1,0,0
276.5,39.5,6,44.7,1,1,0,1,1,0,0,0,0,1,0,0
8175.9,113.55416666666666,71,114.0,0,0,0,0,1,1,1,1,1,0,1,0
890.35,18.943617021276598,46,20.25,0,0,0,0,0,0,0,1,1,0,1,0
259.8,43.300000000000004,5,53.85,1,0,0,0,0,0,0,0,0,1,0,1
5588.8,82.18823529411765,67,83.85,1,0,0,1,1,0,1,1,0,0,0,0
50.6,12.65,3,20.2,1,0,0,0,1,0,0,0,0,0,1,0
58.0,14.5,3,19.95,1,0,0,0,0,0,0,0,0,0,0,0
5568.35,105.06320754716982,52,104.2,1,0,1,1,1,1,1,1,0,1,0,1
2203.65,51.24767441860465,42,50.25,1,1,1,1,0,1,0,1,0,1,0,1
938.95,18.41078431372549,50,20.35,0,0,0,0,1,1,0,1,0,0,1,0
2024.1,84.33749999999999,23,90.0,1,0,1,1,1,1,1,1,0,0,0,0
3623.95,53.29338235294117,67,54.2,0,0,0,0,0,0,0,1,1,0,1,0
2369.05,91.1173076923077,25,99.5,1,1,1,1,0,1,1,0,0,0,0,1
3877.95,96.94874999999999,39,99.1,0,0,0,1,0,0,1,1,0,0,0,0
4577.9,65.39857142857143,69,66.9,0,0,0,0,0,1,0,0,1,0,0,0
25.85,12.925,1,25.85,0,1,0,1,0,0,0,0,0,1,0,0
2871.5,87.01515151515152,32,91.05,1,1,1,1,1,0,1,0,0,1,0,0
672.55,67.255,9,71.0,1,1,1,1,0,0,1,0,0,1,0,1
1573.7,92.57058823529412,16,93.2,1,1,0,1,0,1,1,0,0,0,0,1
1270.55,20.828688524590163,60,20.95,0,0,0,0,1,1,0,1,1,0,1,0
7711.45,105.636301369863,72,109.2,0,1,0,0,0,1,1,1,1,0,1,0
126.05,21.008333333333333,5,19.35,1,0,0,0,1,0,0,1,0,0,0,1
2193.65,81.2462962962963,26,85.8,1,0,0,1,0,1,1,0,0,1,0,0
64.55,16.1375,3,19.85,1,0,0,0,1,0,0,0,0,0,0,1
31.2,10.4,2,19.65,1,0,1,0,1,1,0,0,0,0,0,0
38.25,12.75,2,20.5,0,0,0,0,0,0,0,0,0,0,1,0
3348.1,90.48918918918919,36,89.65,0,0,0,0,0,1,0,0,0,1,0,0
533.6,66.7,7,74.35,1,0,0,1,1,0,1,0,0,1,0,0
2907.55,47.66475409836066,60,49.45,0,1,0,1,0,1,0,1,1,0,0,0
1620.8,81.03999999999999,19,89.1,1,1,1,1,0,1,1,1,0,0,0,0
3480.35,75.65978260869565,45,75.15,0,0,0,0,1,0,0,1,1,1,0,0
293.85,58.77,4,70.65,1,1,1,1,1,1,1,0,0,1,0,0
3243.45,101.3578125,31,104.2,1,1,1,0,0,1,1,1,0,1,1,1
4137.2,86.19166666666666,47,90.05,1,0,1,1,1,0,1,1,0,1,1,0
79.25,39.625,1,79.25,1,1,1,1,1,1,1,0,0,1,0,1
44.9,22.45,1,44.9,1,1,0,1,0,1,0,0,0,1,0,1
19.4,9.7,1,19.4,1,0,0,0,0,0,0,0,0,0,0,0
5348.65,89.14416666666666,59,88.75,1,1,0,1,0,1,1,1,0,1,1,0
659.65,59.96818181818182,10,70.1,1,1,1,1,1,1,1,1,0,1,0,1
3180.5,88.34722222222223,35,91.0,1,0,0,1,1,0,1,0,0,1,0,0
118.5,23.7,4,29.65,1,1,1,1,1,1,0,0,0,1,0,1
3023.85,91.63181818181818,32,90.8,0,0,1,1,1,1,1,1,0,0,1,0
3365.85,76.49659090909091,43,77.85,1,1,1,1,1,1,1,0,0,0,0,1
195.3,39.06,4,54.3,1,1,1,1,1,0,0,0,0,1,0,1
1031.1,18.747272727272726,54,18.95,0,0,0,0,0,1,0,1,1,0,0,0
997.65,83.1375,11,95.15,1,1,0,1,0,1,1,0,0,1,0,1
6471.85,96.594776119403,66,102.4,0,0,0,1,0,1,1,0,1,1,0,0
6241.35,100.66693548387097,61,99.9,0,1,1,1,1,1,1,1,0,1,1,0
6501.35,89.05958904109589,72,88.7,0,0,0,0,1,0,0,1,1,0,1,0
2317.1,51.49111111111111,44,54.3,0,1,1,0,1,1,0,1,0,1,1,0
2237.55,53.275000000000006,41,55.7,1,1,0,1,1,1,0,0,0,1,0,0
5231.3,102.57450980392157,50,103.95,0,0,1,1,1,1,1,1,0,1,0,0
5275.8,109.91250000000001,47,110.85,0,0,0,0,1,1,1,1,0,1,0,1
165.5,18.38888888888889,8,20.15,0,0,0,0,1,0,0,1,1,0,1,0
358.5,18.86842105263158,18,20.05,1,0,0,0,1,0,0,0,0,0,0,0
6614.9,90.61506849315067,72,91.95,0,0,0,0,1,1,0,1,1,0,1,0
80.5,40.25,1,80.5,1,1,1,1,1,0,1,0,0,1,0,1
2421.75,56.31976744186046,42,55.65,1,1,1,1,0,0,0,0,0,1,0,0
1294.6,68.13684210526316,18,74.7,1,1,1,1,0,1,1,0,0,0,0,0
1299.1,92.79285714285713,13,104.15,0,1,0,1,0,1,1,0,0,0,1,0
5733.4,83.0927536231884,68,83.65,0,1,0,0,0,1,1,1,0,0,1,0
305.55,61.11,4,72.2,1,1,0,1,1,1,1,0,0,1,0,1
7430.75,106.15357142857142,69,110.05,0,0,0,1,1,1,1,0,1,0,0,0
900.5,50.02777777777778,17,51.5,1,1,0,0,1,0,0,0,0,1,0,1
630.6,24.253846153846155,25,25.5,0,0,0,0,1,0,0,1,1,0,1,0
3856.75,87.6534090909091,43,89.55,1,1,0,1,1,1,1,0,0,1,0,1
1222.65,20.3775,59,19.5,0,0,0,0,0,0,0,1,1,0,1,0
374.8,62.46666666666667,5,80.7,1,0,1,1,0,0,1,0,0,0,0,0
1625.0,73.86363636363636,21,77.5,0,0,0,0,1,0,0,1,0,0,1,1
7234.8,103.35428571428572,69,105.1,0,0,0,0,0,1,1,1,0,0,1,0
331.85,23.70357142857143,13,25.15,1,1,0,1,1,1,0,0,0,1,0,0
3959.35,92.07790697674419,42,95.25,1,1,0,1,1,1,1,1,0,0,0,1
5088.4,96.00754716981132,52,95.65,1,1,0,0,1,1,1,1,0,0,0,0
3969.4,84.45531914893617,46,85.0,1,0,1,1,1,0,1,0,0,1,0,1
4860.85,78.40080645161291,61,80.8,0,0,0,0,1,1,0,1,1,0,0,0
788.05,26.26833333333333,29,24.85,0,1,0,1,1,1,0,0,0,1,0,0
1266.35,48.70576923076923,25,54.75,0,1,0,0,0,1,0,0,0,0,1,0
470.95,78.49166666666666,5,85.75,1,1,1,0,0,1,1,1,0,1,1,1
688.2,43.0125,15,50.75,0,1,1,1,1,0,0,0,0,1,0,0
387.7,19.384999999999998,19,20.15,0,0,0,0,0,0,0,1,1,0,1,0
845.25,18.783333333333335,44,20.05,0,0,0,0,1,0,0,0,1,0,0,0
560.6,80.08571428571429,6,98.25,1,1,1,1,0,1,1,0,0,0,0,1
4230.25,71.69915254237289,58,71.6,0,0,0,0,1,0,0,1,1,0,1,0
4983.05,79.09603174603176,62,81.45,0,0,0,1,1,1,1,1,0,0,1,0
4113.15,57.93169014084506,70,58.4,0,1,0,0,0,1,0,1,0,0,1,0
25.7,12.85,1,25.7,1,1,0,1,0,1,0,0,0,1,0,1
521.0,47.36363636363637,10,53.7,0,0,0,0,1,0,0,1,1,0,1,0
471.85,17.475925925925928,26,19.6,0,0,0,0,1,1,0,0,0,0,0,0
5976.9,89.20746268656715,66,89.4,1,1,0,1,1,0,1,0,0,0,0,0
506.9,63.3625,7,69.0,1,1,1,1,0,1,1,1,0,1,1,1
4299.75,82.6875,51,84.2,0,1,0,0,1,0,1,1,0,0,1,0
7548.6,103.4054794520548,72,106.1,0,0,0,0,1,1,1,1,1,0,1,0
1654.75,25.071969696969695,65,25.75,0,0,0,0,1,0,0,0,1,0,0,0
80.35,26.78333333333333,2,46.05,1,1,0,1,1,0,0,0,0,1,0,1
4551.5,64.1056338028169,70,64.95,0,0,0,0,1,0,0,0,0,0,1,0
6227.5,85.3082191780822,72,85.45,0,1,0,0,1,1,0,1,1,0,0,0
20.05,10.025,1,20.05,1,0,0,0,0,0,0,1,0,0,1,0
76.4,38.2,1,76.4,1,1,0,1,0,1,1,1,0,0,0,1
514.0,85.66666666666667,5,100.5,1,1,1,1,0,1,1,0,0,1,0,1
57.5,14.375,3,20.7,1,0,0,0,1,0,0,0,0,0,0,0
1474.35,24.988983050847455,58,25.3,0,0,0,0,1,1,0,0,1,0,0,0
880.2,38.2695652173913,22,40.05,1,0,0,1,1,0,0,1,0,1,1,1
3270.25,96.18382352941177,33,100.6,1,1,0,1,1,1,1,1,0,0,0,0
69.95,34.975,1,69.95,1,1,1,1,1,0,1,0,0,1,0,1
3919.15,71.25727272727273,54,74.0,1,1,0,1,1,0,1,1,0,1,0,0
7285.7,99.80410958904109,72,99.4,0,1,1,1,1,1,1,1,1,0,0,0
93.3,46.65,1,93.3,1,1,1,1,1,1,1,0,0,1,1,1
169.05,42.2625,3,49.15,1,1,1,1,1,1,0,0,0,1,0,1
7658.3,104.90821917808219,72,107.45,0,0,0,0,0,0,1,1,1,0,1,0
5959.3,81.63424657534247,72,83.6,0,0,0,1,0,1,0,1,1,0,1,0
5295.7,96.28545454545454,54,99.05,1,1,0,1,1,1,1,1,0,1,0,0
4693.2,78.22,59,80.1,0,1,1,0,0,1,0,1,0,0,0,0
3512.9,63.870909090909095,54,65.3,0,0,0,1,1,1,0,0,1,0,0,0
5231.2,85.75737704918032,60,89.55,0,1,1,1,1,1,1,0,1,1,0,0
3603.45,59.07295081967213,60,60.8,0,1,0,0,0,0,0,1,1,0,0,0
217.45,54.3625,3,74.5,1,1,1,1,1,0,1,0,0,1,0,0
6875.35,98.21928571428572,69,99.15,0,0,0,1,0,0,1,1,1,1,0,0
19.25,9.625,1,19.25,1,0,1,0,0,0,0,1,0,0,1,0
2021.35,39.634313725490195,50,39.45,1,0,0,1,1,1,0,1,0,1,1,0
2564.95,44.99912280701754,56,44.85,1,1,0,1,0,1,0,0,0,1,0,0
5611.75,91.99590163934427,60,97.2,0,0,1,0,0,1,1,1,1,1,0,0
7610.1,108.71571428571428,69,110.55,0,0,0,0,1,1,1,1,0,1,0,0
35.05,17.525,1,35.05,1,1,0,1,0,0,0,0,0,1,0,1
73.0,36.5,1,73.0,1,1,1,1,0,1,1,0,0,0,0,1
45.75,11.4375,3,19.9,1,0,0,0,0,1,0,1,0,0,0,0
4543.95,74.49098360655738,60,76.95,0,1,0,0,1,0,0,1,1,0,1,0
450.4,32.17142857142857,13,35.4,0,1,0,0,0,0,0,0,1,1,0,0
1297.35,20.59285714285714,62,20.45,0,0,0,0,1,0,0,1,1,0,1,0
4442.75,96.58152173913044,45,96.75,0,0,0,1,0,0,1,0,0,0,0,0
1423.15,54.736538461538466,25,54.2,0,1,1,0,0,0,0,0,0,1,0,0
4378.35,97.29666666666668,44,100.1,0,1,0,0,1,0,1,0,1,1,0,0
74.2,24.733333333333334,2,45.25,1,1,0,1,0,1,0,0,0,1,0,0
2716.3,79.89117647058823,33,83.85,1,1,0,1,1,1,1,0,0,0,0,1
70.1,35.05,1,70.1,1,1,1,1,0,1,1,0,0,1,0,1
450.65,19.593478260869563,22,20.85,0,0,0,0,0,0,0,0,0,0,0,0
1175.85,32.662499999999994,35,33.45,1,1,0,0,0,1,0,0,0,1,0,0
558.8,18.626666666666665,29,20.2,0,0,0,0,0,0,0,1,1,0,1,0
2220.1,79.28928571428571,27,85.9,0,0,1,1,1,1,1,1,0,1,0,0
3283.05,59.691818181818185,54,61.0,0,1,1,0,1,1,0,0,0,0,1,0
142.35,47.449999999999996,2,70.65,1,1,1,1,0,1,1,0,0,1,0,1
4939.25,85.15948275862068,57,86.9,0,1,1,1,1,1,1,0,0,1,0,0
4237.5,67.26190476190476,62,69.4,0,0,0,0,1,0,0,0,1,0,0,0
335.95,20.996875,15,20.35,0,0,0,0,0,0,0,1,0,0,1,0
33.2,11.066666666666668,2,20.35,1,0,0,0,1,0,0,0,0,0,0,1
7188.5,101.24647887323944,70,104.3,0,1,0,0,0,1,1,1,1,1,0,0
926.25,42.10227272727273,21,44.95,1,1,1,1,0,1,0,1,0,1,1,0
1119.35,46.63958333333333,23,49.45,0,1,1,0,0,1,0,0,0,1,1,0
116.6,16.657142857142855,6,20.6,0,0,0,0,1,0,0,0,0,0,0,0
68.8,13.76,4,19.55,0,0,0,0,1,0,0,1,1,0,1,0
287.4,71.85,3,99.0,1,0,0,1,0,1,1,0,0,1,0,1
2341.55,97.56458333333335,23,93.5,1,1,1,1,0,1,1,0,0,1,0,0
1362.85,50.47592592592592,26,54.55,0,0,0,0,1,0,0,0,0,1,0,0
163.6,18.177777777777777,8,20.05,1,0,0,0,0,0,0,0,0,0,1,0
2254.2,83.48888888888888,26,83.95,1,1,1,1,1,1,1,0,0,1,0,1
145.15,48.38333333333333,2,79.45,1,1,1,1,1,1,1,0,0,0,0,0
7752.3,114.00441176470588,67,116.2,0,0,0,0,1,0,1,0,1,0,0,1
6585.35,91.46319444444445,71,93.7,0,1,0,1,0,1,1,1,1,1,0,1
4786.1,79.76833333333335,59,79.85,0,0,0,0,0,0,0,0,0,0,0,0
3835.55,95.88875,39,100.0,0,1,1,1,1,0,1,1,0,1,1,0
397.0,18.045454545454547,21,19.6,0,0,0,0,1,0,0,0,1,0,1,0
19.7,9.85,1,19.7,1,0,0,0,1,0,0,0,0,0,0,1
1027.25,20.964285714285715,48,20.2,0,0,0,0,0,0,0,1,1,0,1,0
1580.1,49.378125,31,50.4,0,0,0,1,0,1,0,1,0,0,0,0
7222.75,111.11923076923077,64,113.35,0,0,1,0,0,0,1,1,0,0,1,0
3769.7,80.2063829787234,46,80.0,1,1,0,1,1,1,1,1,0,0,1,0
4233.95,79.88584905660377,52,80.95,0,1,0,0,0,1,0,0,1,1,0,0
1680.25,24.709558823529413,67,24.9,0,0,0,0,0,1,0,1,1,0,1,0
3725.5,54.786764705882355,67,54.9,1,1,1,1,0,0,0,0,0,0,0,0
413.65,68.94166666666666,5,75.55,1,1,1,1,0,0,1,0,0,1,0,1
7707.7,107.05138888888888,71,109.25,0,1,1,0,0,0,1,1,1,0,0,0
714.15,71.41499999999999,9,77.65,1,1,0,1,0,1,1,0,0,1,0,1
2497.2,92.48888888888888,26,95.0,1,0,1,1,0,1,1,0,0,0,0,1
8309.55,115.41041666666666,71,116.3,0,0,0,0,1,1,1,0,0,0,0,0
601.55,18.228787878787877,32,19.9,1,0,0,0,0,0,0,0,0,0,0,0
139.25,46.416666666666664,2,70.35,1,1,1,1,0,0,1,0,0,1,0,0
1888.25,26.225694444444443,71,25.6,0,0,0,0,0,0,0,1,1,0,0,0
2773.9,45.47377049180328,60,44.45,0,0,1,1,0,1,0,0,0,1,0,0
5409.75,96.60267857142857,55,100.15,0,1,1,1,0,1,1,0,0,1,0,0
5643.4,102.60727272727271,54,105.4,0,0,0,0,1,1,1,0,0,0,0,1
197.7,65.89999999999999,2,95.85,1,1,1,1,1,1,1,0,0,1,0,1
401.3,57.32857142857143,6,73.85,1,1,0,1,0,1,1,0,0,1,0,0
3238.4,66.08979591836734,48,70.1,0,0,0,1,0,1,0,1,1,0,1,0
1573.05,24.57890625,63,25.25,0,0,0,0,1,0,0,1,1,0,1,0
79.15,39.575,1,79.15,1,1,1,1,1,1,1,0,0,0,0,1
235.8,18.138461538461538,12,21.05,1,0,0,0,1,0,0,0,0,0,1,0
1364.75,24.813636363636363,54,24.95,1,1,0,1,1,1,0,1,0,1,0,0
1985.15,64.03709677419356,30,64.5,0,1,1,0,0,1,0,1,0,1,1,0
655.85,21.156451612903226,30,19.65,1,0,0,0,0,0,0,1,0,0,0,1
303.15,60.629999999999995,4,79.0,1,1,1,1,0,1,1,0,0,1,0,1
4335.2,105.73658536585366,40,105.95,0,1,0,0,0,1,1,0,0,1,0,0
647.5,64.75,9,75.85,1,1,1,0,0,1,1,1,0,1,1,0
1574.45,87.46944444444445,17,91.85,1,0,1,0,0,0,1,1,0,1,1,1
2748.7,43.630158730158726,62,43.6,0,1,0,1,0,1,0,0,1,0,0,0
2483.65,85.64310344827587,28,91.25,0,1,0,0,1,1,1,0,0,0,0,0
6367.2,89.67887323943661,70,89.75,0,0,0,0,0,0,0,0,1,0,0,0
4904.2,104.34468085106383,46,104.4,0,1,0,0,0,1,1,0,1,0,0,0
2044.95,85.20625,23,90.15,1,1,0,1,0,0,1,1,0,1,0,0
1794.8,37.391666666666666,47,40.3,0,0,1,0,1,0,0,1,0,1,1,0
7173.15,103.9586956521739,68,105.25,0,0,0,1,1,1,1,1,1,0,1,0
6441.4,105.5967213114754,60,106.0,0,1,1,0,0,1,1,0,0,1,0,1
7039.05,103.51544117647059,67,104.0,0,1,1,0,0,1,1,0,1,0,1,0
921.4,61.42666666666666,14,69.65,1,1,1,0,0,1,0,0,0,1,0,0
4018.35,69.28189655172413,57,74.3,1,1,1,1,1,1,1,1,0,1,1,0
5448.6,97.29642857142858,55,100.9,0,0,0,1,0,0,1,1,0,1,1,0
20.25,10.125,1,20.25,1,0,0,0,1,1,0,0,0,0,0,0
49.9,24.95,1,49.9,1,1,0,0,1,1,0,0,0,1,1,1
2085.45,86.89375,23,96.9,1,1,0,0,1,1,1,0,0,1,0,0
1358.85,97.06071428571428,13,100.35,1,0,1,1,0,1,1,0,0,1,0,1
5135.15,106.98229166666665,47,104.1,1,1,1,1,1,1,1,1,0,0,0,0
730.1,18.72051282051282,38,20.1,0,0,0,0,1,0,0,0,0,0,0,0
2869.85,73.58589743589744,38,74.95,1,1,0,1,0,1,1,1,0,1,0,1
118.25,39.416666666666664,2,56.55,1,1,0,1,0,1,0,0,0,0,0,0
49.25,24.625,1,49.25,1,1,0,0,1,1,0,1,0,1,1,1
1108.6,69.2875,15,68.6,1,1,0,1,1,1,1,1,0,1,0,0
1815.65,67.2462962962963,26,69.05,1,1,0,1,0,1,1,0,0,1,0,0
730.4,20.288888888888888,35,19.7,0,0,0,0,0,0,0,1,1,0,1,0
75.45,18.8625,3,20.05,1,0,0,0,1,1,0,0,0,0,1,0
5071.05,99.43235294117648,50,103.7,1,1,1,0,1,0,1,1,0,0,1,1
4014.6,93.36279069767441,42,94.4,1,0,1,1,1,1,1,1,0,1,0,0
568.85,51.71363636363637,10,54.95,1,0,0,0,1,1,0,1,0,1,0,0
5860.7,94.52741935483871,61,93.7,0,0,0,0,0,0,1,1,0,0,0,0
7279.35,105.49782608695652,68,110.25,0,0,0,0,0,0,1,0,1,0,0,0
1064.95,96.81363636363636,10,98.9,0,0,1,1,1,1,1,0,0,1,0,0
5769.6,87.41818181818182,65,89.75,0,0,1,1,1,0,1,1,0,0,0,1
5886.85,80.64178082191782,72,80.45,0,0,0,0,0,1,0,1,1,1,1,0
4238.45,75.68660714285714,55,79.4,1,1,1,0,1,0,1,1,0,0,1,0
20.3,10.15,1,20.3,1,0,0,0,0,1,0,0,0,0,0,1
418.3,52.2875,7,62.8,1,1,0,0,0,0,0,0,0,1,0,0
136.05,45.35,2,74.9,1,1,0,1,0,1,1,0,0,1,0,0
708.2,70.82000000000001,9,74.85,1,0,1,1,0,1,1,0,0,1,0,0
788.55,28.162499999999998,27,25.85,0,0,0,0,1,1,0,0,1,0,1,0
700.85,87.60625,7,101.95,1,1,1,1,1,1,1,1,0,1,0,1
4378.8,67.36615384615385,64,68.3,0,1,0,0,0,1,0,1,1,0,0,0
3442.8,48.49014084507043,70,48.4,0,0,0,0,1,0,0,0,1,1,0,0
181.7,60.56666666666666,2,94.0,1,1,1,1,1,1,1,0,0,1,0,1
7171.7,105.46617647058824,67,105.05,0,0,1,0,1,1,1,0,1,0,0,0
4016.85,87.32282608695652,45,89.3,1,1,0,1,0,1,1,0,0,0,0,1
553.0,22.12,24,25.15,0,0,0,0,0,0,0,0,1,0,0,0
96.85,19.369999999999997,4,19.5,0,0,0,0,1,0,0,1,1,0,1,0
4122.9,91.61999999999999,44,92.95,1,1,0,1,1,1,1,1,0,1,1,0
1482.3,20.305479452054794,72,20.7,0,0,0,0,0,1,0,1,1,0,1,0
74.3,37.15,1,74.3,1,1,0,1,0,1,1,0,0,0,0,1
1240.8,18.519402985074628,66,19.35,0,0,0,0,1,0,0,0,1,0,0,0
44.65,22.325,1,44.65,1,1,0,0,1,1,0,0,0,0,0,1
1095.3,78.23571428571428,13,84.05,1,0,1,1,1,0,1,1,0,1,1,1
788.8,71.7090909090909,10,80.7,1,1,0,1,1,1,1,0,0,0,0,1
6578.55,99.675,65,104.35,1,1,1,1,1,1,1,1,0,0,0,0
19.55,9.775,1,19.55,1,0,0,0,1,0,0,0,0,0,1,0
2802.3,71.85384615384616,38,74.05,0,0,1,0,1,0,0,1,0,0,1,0
857.75,35.739583333333336,23,40.1,0,0,0,0,1,0,0,0,1,1,1,0
184.4,16.763636363636365,10,20.1,0,0,0,0,0,0,0,1,0,0,0,0
364.55,72.91,4,101.7,1,1,1,1,1,1,1,0,0,0,1,1
6093.3,83.46986301369863,72,83.55,0,0,0,0,1,1,0,1,1,1,1,0
1861.1,51.69722222222222,35,56.85,1,1,1,0,0,0,0,1,0,0,0,0
20.4,10.2,1,20.4,1,0,0,0,0,0,0,0,0,0,0,1
1079.65,18.299152542372884,58,19.55,0,0,0,0,0,0,0,1,1,0,1,0
7475.1,105.2830985915493,70,106.15,0,1,1,0,1,1,1,1,0,0,1,0
2862.55,73.39871794871796,38,78.95,0,1,0,1,1,0,0,1,0,0,1,0
3069.45,50.31885245901639,60,49.75,1,1,1,1,0,1,0,1,0,0,1,0
2349.8,87.02962962962964,26,92.4,1,0,0,1,1,1,1,0,0,0,0,0
469.25,52.138888888888886,8,58.2,0,0,0,0,0,0,0,0,0,0,0,0
4213.35,100.31785714285715,41,102.6,0,1,1,0,1,1,1,1,0,1,1,1
3301.05,89.21756756756757,36,91.95,1,1,0,1,0,1,1,1,0,0,0,0
3529.95,64.18090909090908,54,65.25,0,1,0,0,1,0,0,0,0,1,0,0
7723.7,107.27361111111111,71,106.0,0,1,0,1,1,1,1,1,1,0,1,1
4144.9,74.01607142857142,55,73.1,1,1,1,1,0,1,1,0,0,1,0,0
4265.0,58.42465753424658,72,59.75,0,0,0,1,0,0,0,0,1,0,0,0
154.65,38.6625,3,55.1,1,0,0,0,0,1,0,0,0,1,1,1
3246.45,59.026363636363634,54,59.8,0,1,0,1,0,1,0,1,1,0,1,0
8337.45,114.21164383561644,72,116.6,0,0,0,0,1,1,1,1,1,0,1,0
5731.4,108.13962264150943,52,109.3,0,0,1,0,1,1,1,0,1,1,0,0
6176.6,101.25573770491803,60,101.4,0,0,0,1,0,1,1,0,0,1,0,0
1905.4,47.635000000000005,39,50.65,1,1,0,1,0,1,0,0,0,1,0,0
931.9,58.24375,15,56.15,0,1,0,1,0,0,0,0,0,1,0,0
7348.8,104.98285714285714,69,106.5,0,1,0,0,1,1,1,0,1,1,0,1
776.25,17.642045454545453,43,19.2,0,0,0,0,1,1,0,1,0,0,1,0
5243.05,81.92265625,63,83.0,0,0,0,0,0,0,0,0,0,0,0,0
141.65,47.21666666666667,2,70.1,1,1,1,1,1,0,1,1,0,1,0,0
7679.65,105.20068493150684,72,108.3,0,0,0,0,0,1,1,1,1,0,1,0
2954.5,89.53030303030303,32,91.05,1,1,0,1,0,1,1,1,0,1,1,1
1006.9,24.558536585365854,40,25.25,0,0,0,0,1,0,0,1,1,0,1,0
2540.1,43.052542372881355,58,45.35,0,0,1,1,0,1,0,1,0,0,0,0
3097.2,45.54705882352941,67,43.9,0,0,1,0,1,0,0,0,1,1,0,0
3807.35,73.21826923076922,51,77.5,1,0,1,1,0,1,1,1,0,1,0,1
2484.0,77.625,31,79.3,0,1,0,0,1,1,0,1,0,1,0,0
5785.65,82.65214285714285,69,84.9,1,0,0,1,1,1,1,1,0,0,0,0
2619.15,79.36818181818182,32,79.25,0,1,1,0,1,1,1,1,0,1,0,0
1524.85,69.31136363636364,21,71.05,0,0,0,0,0,0,0,0,1,0,0,0
2790.65,52.653773584905665,52,53.75,0,0,1,1,1,0,0,0,0,1,0,0
1784.5,24.445205479452056,72,24.25,0,0,0,0,0,0,0,1,1,0,1,0
3937.45,53.93767123287671,72,54.2,0,1,1,1,0,1,0,1,1,0,0,1
2276.1,42.945283018867926,52,44.25,0,0,0,1,1,0,0,1,0,1,1,0
2029.05,48.31071428571428,41,50.05,0,1,0,0,0,0,0,0,0,1,0,0
802.35,19.103571428571428,41,20.15,0,0,0,0,1,0,0,0,1,0,0,0
418.4,59.771428571428565,6,69.25,1,1,0,1,0,1,1,0,0,1,0,1
4653.25,68.43014705882354,67,69.35,0,0,0,0,1,1,0,1,0,0,1,0
275.9,16.22941176470588,16,19.35,1,0,0,0,0,0,0,1,0,0,1,0
343.45,19.080555555555556,17,19.15,0,0,0,0,1,0,0,0,1,0,0,0
2130.45,59.17916666666666,35,61.0,1,0,0,1,1,0,0,1,0,0,0,0
1191.4,20.193220338983053,58,20.5,0,0,0,0,0,0,0,1,1,0,1,0
50.5,25.25,1,50.5,1,1,1,1,1,1,0,0,0,1,0,1
2554.0,48.18867924528302,52,50.2,0,1,0,0,1,0,0,1,1,0,1,0
5589.45,78.72464788732394,70,79.6,0,0,0,0,0,0,0,0,1,1,0,0
467.7,23.384999999999998,19,24.9,0,0,0,0,0,1,0,1,1,0,1,0
74.4,37.2,1,74.4,1,1,1,1,1,1,1,0,0,1,0,1
3756.45,104.34583333333333,35,106.9,1,0,1,0,0,1,1,1,0,1,1,0
3334.9,101.05757575757576,32,101.35,1,1,1,1,0,1,1,0,0,1,0,0
920.5,51.138888888888886,17,55.35,1,0,0,0,0,1,0,1,0,1,1,0
3431.75,50.466911764705884,67,50.55,0,1,0,1,0,0,0,1,0,0,1,0
150.35,15.035,9,19.5,1,0,0,0,0,0,0,0,0,0,0,0
2587.7,80.865625,31,79.45,0,1,0,0,1,1,0,0,0,0,1,1
367.95,73.59,4,90.65,1,0,1,1,1,0,1,0,0,1,0,0
5125.75,86.87711864406779,58,89.85,0,0,0,0,1,1,1,1,0,0,1,0
4801.1,78.70655737704918,60,79.0,0,0,0,0,1,0,0,0,0,1,0,0
6219.6,105.41694915254237,58,104.65,0,1,1,0,1,1,1,0,0,1,0,1
19.55,9.775,1,19.55,1,0,0,0,1,0,0,0,0,0,0,0
550.1,19.646428571428572,27,19.9,0,0,0,0,0,0,0,1,1,0,1,0
7862.25,117.34701492537313,66,116.25,0,0,1,0,1,1,1,1,0,0,1,0
1242.2,77.6375,15,87.75,1,0,0,1,1,1,1,0,0,1,0,0
4871.05,101.48020833333334,47,100.05,1,1,1,1,1,1,1,1,0,1,0,1
3190.65,75.96785714285714,41,81.3,1,0,0,1,0,1,1,0,0,1,0,0
2666.75,44.44583333333333,59,44.3,1,1,1,1,1,1,0,1,0,1,0,0
3533.6,69.28627450980392,50,70.35,0,1,0,1,0,0,1,0,1,1,1,0
792.15,44.00833333333333,17,44.45,0,0,0,1,1,0,0,1,0,1,1,0
295.65,42.23571428571428,6,49.15,1,0,1,1,1,1,0,1,0,1,1,0
1459.35,28.064423076923074,51,29.45,1,1,0,1,1,1,0,1,0,0,0,0
4398.15,97.73666666666666,44,100.55,1,1,1,0,1,0,1,0,0,0,0,1
4297.95,85.959,49,85.3,1,1,0,1,1,1,1,1,0,0,0,0
167.3,55.76666666666667,2,95.65,1,1,1,1,1,0,1,0,0,0,0,1
4096.9,68.28166666666667,59,69.1,0,0,0,0,1,1,0,1,0,1,0,0
3454.6,67.73725490196078,50,70.35,1,0,0,1,1,1,0,0,0,0,0,0
1286.0,21.433333333333334,59,20.6,0,0,0,0,0,0,0,1,1,0,1,0
1387.0,73.0,18,74.15,1,1,0,1,1,0,1,0,0,1,0,0
786.3,71.48181818181818,10,75.05,1,1,1,1,1,0,1,0,0,1,0,0
641.25,42.75,14,44.6,0,1,1,1,1,0,0,1,0,1,0,0
705.45,19.595833333333335,35,21.45,0,0,0,0,1,0,0,0,1,0,0,0
345.5,38.388888888888886,8,43.45,0,1,0,1,1,1,0,1,0,1,1,0
345.9,18.205263157894734,18,20.05,0,0,0,0,1,0,0,1,0,0,1,0
5811.8,95.27540983606558,60,94.15,0,0,0,1,0,0,1,1,0,0,1,0
94.4,47.2,1,94.4,1,1,1,1,0,0,1,0,0,1,0,1
124.45,17.77857142857143,6,19.55,0,0,0,0,0,0,0,0,1,0,0,0
1375.6,68.78,19,75.9,1,0,0,0,0,1,0,0,0,0,1,0
3491.55,64.65833333333333,53,64.15,0,0,0,0,1,0,0,1,0,0,1,0
7920.7,108.5027397260274,72,109.55,0,0,0,1,1,1,1,1,1,0,0,0
6640.7,108.8639344262295,60,110.8,0,1,0,0,0,1,1,1,1,0,0,0
55.0,27.5,1,55.0,1,1,0,1,0,1,0,0,0,1,0,1
718.1,51.292857142857144,13,53.45,1,1,0,0,0,0,0,0,0,1,1,0
320.4,53.4,5,69.95,1,1,0,1,0,0,1,1,0,1,1,0
101.45,50.725,1,101.45,1,1,1,1,1,1,1,0,0,1,0,1
1334.45,95.31785714285715,13,97.0,1,1,1,1,1,0,1,1,0,1,1,0
3358.65,88.38552631578948,37,90.6,0,0,0,0,1,1,0,0,0,0,0,0
4764.0,73.29230769230769,64,73.55,1,0,0,1,1,1,1,1,0,1,0,0
350.3,58.38333333333333,5,67.95,1,1,0,0,0,0,0,1,0,1,0,1
5703.0,91.98387096774194,61,94.35,0,1,0,0,0,1,1,1,1,0,0,0
69.5,34.75,1,69.5,1,1,1,1,0,1,1,0,0,1,0,1
18.85,9.425,1,18.85,1,0,0,0,1,1,0,0,0,0,0,1
525.55,19.46481481481481,26,19.4,0,0,0,0,1,0,0,0,0,0,0,0
69.2,34.6,1,69.2,1,1,1,1,0,1,1,0,0,1,0,1
483.15,19.326,24,19.75,0,0,0,0,1,0,0,1,1,0,0,0
934.8,51.93333333333333,17,54.6,0,1,1,0,1,0,0,1,0,1,0,0
786.5,29.12962962962963,26,29.8,1,1,0,1,0,1,0,0,0,1,1,0
69.65,34.825,1,69.65,1,1,1,1,1,1,1,0,0,1,0,1
4086.3,99.66585365853659,40,101.85,1,0,1,1,1,0,1,1,0,1,0,1
5364.8,101.22264150943397,52,103.05,1,1,1,1,1,1,1,0,0,0,0,0
82.3,41.15,1,82.3,1,1,1,1,0,1,1,0,0,0,0,1
20.3,10.15,1,20.3,1,0,0,0,1,0,0,0,0,0,0,0
770.4,35.018181818181816,21,35.1,0,0,0,0,0,0,0,0,1,1,0,0
6816.95,100.24926470588235,67,105.7,0,1,0,1,0,1,1,1,0,0,0,0
2419.55,53.76777777777778,44,56.25,1,0,0,0,0,0,0,1,0,1,1,0
4138.7,58.291549295774644,70,60.35,0,1,1,0,1,0,0,1,0,0,1,0
267.6,66.9,3,79.25,1,1,1,1,1,0,1,0,0,1,0,1
3457.45,60.657017543859645,56,59.8,0,0,0,1,1,1,0,1,1,0,1,0
1115.2,79.65714285714286,13,84.6,1,1,1,1,0,1,1,0,0,1,0,1
5435.6,92.12881355932204,58,93.4,1,0,0,1,0,1,1,1,0,0,1,1
4186.3,97.35581395348838,42,94.2,1,1,1,1,0,1,1,1,0,1,1,1
25.05,12.525,1,25.05,1,1,1,1,1,0,0,1,0,1,0,1
4630.2,98.51489361702127,46,99.65,0,0,0,0,0,0,1,1,1,1,1,0
3221.25,50.33203125,63,50.65,0,0,0,1,0,1,0,1,1,1,1,0
688.5,57.375,11,60.9,1,1,1,0,1,1,0,0,0,0,0,0
867.1,54.19375,15,59.65,1,1,0,0,1,1,0,1,0,1,1,0
4746.05,65.01438356164384,72,64.7,0,0,1,0,1,1,0,1,1,0,0,0
712.85,23.761666666666667,29,25.1,1,1,0,1,0,1,0,0,0,1,0,1
48.95,24.475,1,48.95,1,1,1,1,1,0,0,0,0,1,1,1
355.1,50.728571428571435,6,54.85,1,1,1,1,0,0,0,1,0,1,1,0
45.3,22.65,1,45.3,1,1,1,1,1,0,0,0,0,1,0,1
5764.7,90.0734375,63,91.35,0,1,1,1,1,1,1,1,0,0,1,0
167.3,55.76666666666667,2,85.85,1,1,1,1,1,1,1,0,0,1,0,1
428.45,22.55,18,25.1,0,0,0,0,0,0,0,1,1,0,1,0
1505.35,34.2125,43,34.0,1,0,0,0,0,0,0,1,0,1,0,0
693.45,43.340625,15,45.9,0,0,0,0,0,0,0,0,0,0,0,0
930.4,84.58181818181818,10,95.2,1,1,1,1,1,0,1,0,0,1,1,1
1177.95,21.03482142857143,55,20.5,0,0,0,0,1,0,0,1,1,0,1,0
5069.65,101.39299999999999,49,100.6,0,1,0,0,1,1,1,0,0,1,1,1
324.25,46.32142857142857,6,55.3,1,1,0,1,1,1,0,1,0,0,1,1
1458.1,20.536619718309858,70,20.35,0,0,0,0,1,0,0,1,1,0,1,0
156.4,52.13333333333333,2,74.85,1,1,0,1,1,1,1,0,0,1,0,1
2298.9,35.9203125,63,36.1,0,0,0,0,1,0,0,1,0,1,0,0
1679.65,64.60192307692309,25,65.8,1,1,0,0,0,1,0,0,0,0,0,0
369.6,19.45263157894737,18,20.35,0,0,0,0,0,0,0,0,0,0,0,0
2998.0,103.37931034482759,28,105.8,1,1,1,0,1,1,1,1,0,0,0,0
5206.55,96.4175925925926,53,96.75,0,0,0,0,0,1,1,0,0,0,0,0
3626.1,100.725,35,102.35,0,1,0,1,1,1,1,0,0,0,0,1
24.4,12.2,1,24.4,1,1,0,1,1,0,0,0,0,1,0,0
7968.85,112.23732394366198,70,115.65,0,0,0,0,1,0,1,1,0,0,0,1
152.45,50.81666666666666,2,79.85,1,1,1,0,1,1,1,0,0,1,0,1
1959.5,72.57407407407408,26,73.05,1,1,1,0,0,1,0,1,0,0,0,0
2053.05,58.658571428571435,34,64.35,0,0,1,1,0,0,0,0,0,0,0,0
398.55,19.927500000000002,19,20.5,0,0,0,0,0,0,0,0,1,0,1,0
1130.85,70.678125,15,76.0,1,1,0,1,1,1,1,0,0,1,0,1
3425.35,54.37063492063492,62,54.75,0,0,0,1,0,0,0,1,0,1,1,0
4323.45,100.5453488372093,42,104.75,1,1,0,1,0,1,1,0,0,0,0,1
703.55,70.35499999999999,9,74.65,1,0,1,1,0,1,0,0,0,0,0,1
1275.7,51.028,24,51.15,1,0,1,1,1,1,0,0,0,1,0,0
2965.75,42.981884057971016,68,41.95,0,0,1,1,1,1,0,1,1,0,0,0
1647.0,51.46875,31,54.35,1,1,0,0,1,0,0,1,0,1,1,0
56.25,28.125,1,56.25,1,1,1,1,0,1,0,0,0,1,0,1
2249.95,102.27045454545454,21,106.1,1,1,1,0,1,1,1,1,0,1,0,1
6109.75,95.46484375,63,96.0,0,1,1,1,0,1,1,1,0,0,0,0
159.4,53.13333333333333,2,79.75,1,1,0,1,0,1,1,0,0,1,0,1
3751.15,60.502419354838715,61,61.45,0,1,0,0,0,1,0,1,1,0,1,0
68.65,34.325,1,68.65,1,1,1,1,0,0,1,0,0,1,0,1
411.25,21.644736842105264,18,19.65,0,0,0,0,1,0,0,0,0,0,0,0
105.5,15.071428571428571,6,19.0,0,0,0,0,0,0,0,1,0,0,1,0
3320.6,97.66470588235293,33,100.0,1,1,1,1,0,1,1,0,0,0,0,0
327.45,19.261764705882353,16,20.25,1,0,0,0,1,0,0,0,0,0,0,1
5669.5,99.46491228070175,56,98.7,1,1,1,0,0,1,1,1,0,1,0,0
465.45,19.39375,23,19.8,0,0,0,0,1,0,0,0,0,0,1,0
704.3,70.42999999999999,9,73.8,1,1,1,1,1,1,1,0,0,1,0,0
1369.8,91.32,14,100.2,1,1,1,1,0,1,1,1,0,0,0,1
1107.25,69.203125,15,74.9,1,1,0,1,1,1,1,1,0,1,1,1
95.55,15.924999999999999,5,20.05,1,0,0,0,1,0,0,0,0,0,0,0
6375.2,102.8258064516129,61,106.2,1,0,1,1,1,1,1,1,0,0,0,0
8152.3,114.82112676056339,70,116.55,0,0,0,0,1,1,1,1,1,0,1,0
1566.75,97.921875,15,99.7,1,0,1,1,1,1,1,0,0,1,0,0
130.25,14.472222222222221,8,19.7,0,0,0,0,1,0,0,1,1,0,1,0
162.15,18.016666666666666,8,19.5,0,0,0,0,0,0,0,1,1,0,1,0
110.05,22.009999999999998,4,29.15,1,0,0,1,0,1,0,0,0,1,0,0
1885.15,53.861428571428576,34,55.0,0,0,0,1,0,0,0,0,0,0,0,0
6302.85,91.34565217391305,68,90.8,0,0,0,0,1,1,0,1,1,0,0,0
2264.5,49.22826086956522,45,51.0,0,1,0,0,0,0,0,1,0,0,1,0
816.8,81.67999999999999,9,90.1,1,1,1,1,0,1,1,0,0,1,0,0
1253.5,54.5,22,59.05,1,0,0,0,0,1,0,0,0,1,0,0
41.2,13.733333333333334,2,20.3,1,0,0,0,0,0,0,0,0,0,0,0
5265.55,74.16267605633803,70,72.95,0,1,0,0,1,0,0,1,1,0,0,0
693.3,63.027272727272724,10,73.55,0,0,0,0,0,0,0,0,0,1,1,0
5997.1,82.15205479452055,72,84.3,0,0,0,0,1,0,0,0,1,1,0,0
3824.2,76.484,49,78.0,0,1,0,1,0,0,0,1,0,0,1,0
3886.05,70.65545454545455,54,72.1,0,1,0,0,0,0,0,0,0,0,0,0
7283.25,101.15625,71,106.75,0,0,0,1,0,1,1,0,1,0,0,0
412.55,17.93695652173913,22,19.25,0,0,0,0,0,1,0,0,0,0,0,0
1070.25,20.985294117647058,50,20.55,0,0,0,0,0,0,0,1,1,0,1,0
817.95,18.589772727272727,43,20.0,0,0,0,0,0,0,0,1,0,0,1,0
1171.3,25.463043478260868,45,24.65,0,0,0,0,0,1,0,1,1,0,1,0
6548.65,100.74846153846153,64,103.5,1,0,0,1,1,1,1,0,0,0,0,0
625.65,26.068749999999998,23,23.85,0,0,0,0,0,0,0,1,1,0,1,0
1911.5,27.702898550724637,68,25.8,0,0,0,0,0,0,0,1,1,0,0,0
70.85,35.425,1,70.85,1,1,1,1,0,1,1,0,0,1,0,1
134.7,44.9,2,69.8,1,1,0,1,1,1,1,0,0,1,0,1
1507.0,55.81481481481482,26,59.45,0,1,0,0,1,0,0,0,0,1,0,0
2978.3,53.183928571428574,55,54.55,1,1,0,0,1,1,0,1,0,1,0,1
299.3,19.953333333333333,14,20.05,1,0,1,0,1,1,0,0,0,0,0,0
5832.65,81.00902777777777,71,82.55,0,0,1,0,1,1,0,1,1,1,0,0
5567.55,85.65461538461538,64,81.25,0,0,1,0,1,0,0,0,0,0,0,0
450.8,56.35,7,70.75,1,1,0,0,0,1,0,0,0,1,0,1
4166.35,71.83362068965518,57,74.3,0,0,0,0,0,1,0,0,1,0,0,0
1215.6,86.82857142857142,13,94.1,1,1,1,1,0,0,1,1,0,0,0,1
91.7,22.925,3,29.7,1,0,0,1,0,0,0,1,0,1,1,1
7898.45,108.19794520547946,72,109.7,0,1,0,0,1,0,1,1,1,0,0,0
3915.4,95.49756097560976,40,96.35,1,1,0,1,0,1,1,1,0,0,1,0
979.5,65.3,14,66.6,1,1,0,0,1,1,0,1,0,1,0,0
90.05,30.016666666666666,2,44.5,1,1,1,1,1,1,0,1,0,1,1,0
7432.05,110.92611940298508,66,110.9,0,1,0,0,1,0,1,0,0,0,0,1
4026.4,103.24102564102564,38,105.0,1,1,1,0,0,1,1,1,0,1,0,1
25.3,12.65,1,25.3,1,1,1,1,1,1,0,0,0,1,1,1
1193.05,51.87173913043478,22,55.15,0,1,0,0,1,1,0,0,0,0,0,1
20.1,10.05,1,20.1,1,0,0,0,1,1,0,0,0,0,0,1
398.55,66.425,5,80.1,1,1,0,1,1,1,1,0,0,1,0,0
1958.45,65.28166666666667,29,69.05,0,0,0,0,1,0,0,1,0,1,1,0
69.9,34.95,1,69.9,1,1,0,1,1,1,1,1,0,1,1,1
63.15,15.7875,3,20.4,1,0,0,0,0,0,0,0,0,0,0,0
1301.1,18.070833333333333,71,19.7,0,0,0,0,1,0,0,1,1,0,1,0
484.05,48.405,9,50.1,1,1,1,1,1,1,0,0,0,0,1,0
4528.0,102.9090909090909,43,101.4,1,1,1,1,1,1,1,0,0,0,0,1
3887.85,79.34387755102041,48,83.45,0,0,0,1,0,1,0,0,0,0,0,0
2208.75,81.80555555555556,26,86.65,1,0,0,1,1,1,1,0,0,0,0,0
238.15,23.815,9,20.15,1,0,0,0,0,0,0,0,0,0,0,0
80.8,40.4,1,80.8,1,1,1,1,1,1,1,0,0,1,0,1
958.15,20.386170212765958,46,19.4,0,0,0,0,0,0,0,1,1,0,1,0
118.3,39.43333333333333,2,62.05,1,1,0,1,1,0,0,0,0,1,0,1
76.45,38.225,1,76.45,1,1,1,1,1,1,1,0,0,1,0,1
3845.45,59.160769230769226,64,60.05,0,0,0,0,1,1,0,1,1,1,1,0
1094.5,84.1923076923077,12,91.3,1,1,1,1,0,1,1,0,0,0,0,1
573.75,81.96428571428571,6,95.75,1,1,1,1,1,1,1,1,0,1,0,1
1267.0,21.116666666666667,59,20.35,0,0,0,0,0,0,0,1,0,0,0,0
633.45,79.18125,7,94.05,0,1,0,1,0,1,1,0,0,0,0,0
6129.65,83.96780821917808,72,84.1,0,0,0,1,0,1,0,1,1,0,0,0
1218.25,71.66176470588235,16,78.75,1,1,1,1,1,1,1,0,0,1,0,0
1405.3,54.05,25,55.55,1,1,0,1,1,0,0,1,0,1,0,0
2274.9,64.99714285714286,34,62.65,1,0,1,0,0,0,0,1,0,0,0,1
74.5,37.25,1,74.5,1,1,1,1,0,1,1,0,0,1,0,1
1068.85,97.16818181818181,10,102.1,1,1,0,1,0,1,1,1,0,0,1,1
533.9,21.355999999999998,24,20.1,0,0,0,0,1,0,0,1,0,0,0,0
676.15,61.46818181818182,10,70.3,0,0,1,1,0,0,0,1,0,0,1,0
3804.4,54.34857142857143,69,53.65,0,0,0,1,1,1,0,1,0,0,0,0
1118.8,19.28965517241379,57,20.75,0,0,0,0,1,0,0,0,1,0,0,0
5236.4,102.67450980392157,50,103.4,0,1,0,0,1,1,1,1,0,0,1,0
1386.8,47.820689655172416,28,50.8,0,0,0,0,1,0,0,1,0,1,1,0
762.25,44.838235294117645,16,50.15,1,0,1,1,0,1,0,0,0,1,0,1
1902.0,73.15384615384616,25,79.0,1,0,0,0,1,1,0,0,0,0,0,0
239.05,59.7625,3,74.6,1,1,0,1,0,1,1,1,0,0,0,0
5673.7,91.51129032258065,61,96.5,0,1,0,1,1,1,1,1,0,1,0,0
39.8,13.266666666666666,2,20.1,1,0,0,0,0,0,0,0,0,0,0,0
997.75,19.1875,51,19.4,0,0,0,0,1,0,0,1,0,0,1,0
5574.35,77.42152777777778,71,77.55,0,0,0,1,0,0,0,1,1,1,1,0
406.05,19.335714285714285,20,20.05,1,0,0,0,0,0,0,1,0,0,1,0
138.85,19.835714285714285,6,19.85,1,0,0,0,1,0,0,1,0,0,1,0
123.65,17.664285714285715,6,20.2,1,0,0,0,0,0,0,0,0,0,0,0
1801.1,60.03666666666666,29,67.45,1,0,0,0,0,0,0,0,0,0,0,0
689.0,18.62162162162162,36,18.55,0,0,0,0,1,1,0,0,1,0,0,0
790.7,27.26551724137931,28,29.75,1,1,0,1,0,1,0,0,0,1,0,0
582.5,72.8125,7,86.5,1,1,1,1,0,1,1,1,0,1,0,1
1618.2,25.284375,63,24.2,0,0,0,0,0,0,0,0,1,0,0,0
1173.35,23.945918367346938,48,23.55,0,0,0,0,1,0,0,1,1,0,1,0
900.9,18.018,49,20.45,0,0,0,0,0,0,0,1,0,0,0,0
2122.05,75.78750000000001,27,81.45,1,1,1,1,1,1,1,0,0,0,0,1
6719.9,92.05342465753424,72,92.3,0,0,0,0,1,0,0,1,1,0,0,0
69.15,34.575,1,69.15,1,1,1,1,1,1,1,1,0,1,0,1
3784.0,51.83561643835616,72,53.65,0,1,0,0,0,0,0,1,1,0,1,0
1798.65,37.471875000000004,47,39.65,0,0,0,0,0,0,0,0,0,0,0,0
54.65,27.325,1,54.65,1,1,1,1,0,1,0,0,0,1,0,0
3886.45,105.03918918918919,36,104.8,0,1,0,1,0,1,1,0,0,0,0,0
1224.05,27.81931818181818,43,29.3,1,1,0,1,1,0,0,1,0,0,1,0
2310.2,82.50714285714285,27,83.85,1,1,1,0,0,0,0,1,0,0,0,0
723.4,72.34,9,79.55,1,1,1,1,0,1,1,0,0,1,0,1
3988.5,102.26923076923077,38,103.65,1,1,1,0,0,1,1,0,0,1,0,0
3554.6,98.73888888888888,35,99.05,1,0,1,1,0,1,1,0,0,1,0,0
1397.475,1397.475,0,73.35,0,1,0,0,0,0,0,1,1,0,1,0
6034.85,100.58083333333335,59,100.05,0,1,0,0,0,1,1,1,1,0,0,0
531.6,18.985714285714288,27,20.35,0,0,0,0,1,0,0,0,1,0,0,0
85.1,28.366666666666664,2,43.95,1,1,1,1,0,0,0,0,0,1,0,0
173.0,21.625,7,23.5,1,0,0,0,1,0,0,0,0,0,0,0
2511.95,67.89054054054054,36,70.7,0,1,0,0,0,1,0,0,0,0,0,0
3893.6,92.70476190476191,41,94.3,1,0,0,1,0,1,1,1,0,0,1,0
357.15,25.510714285714283,13,29.15,1,1,1,1,0,0,0,0,0,0,0,0
467.5,23.375,19,20.85,0,0,0,0,1,0,0,0,1,0,1,0
2288.7,37.51967213114754,60,37.7,0,0,0,0,0,0,0,1,1,0,0,0
4627.85,94.44591836734695,48,95.5,0,1,0,0,0,1,1,0,1,0,1,1
289.1,72.275,3,91.05,1,1,1,1,1,0,1,0,0,1,0,1
6460.55,92.29357142857143,69,92.45,0,1,0,0,1,1,1,1,1,0,0,0
1931.3,43.893181818181816,43,44.15,0,1,1,0,1,0,0,0,0,1,0,0
402.6,33.550000000000004,11,36.05,0,0,0,0,0,1,0,0,0,1,1,0
2221.55,48.29456521739131,45,50.25,1,1,0,1,0,1,0,1,0,1,0,0
7758.9,106.28630136986301,72,109.75,0,1,0,0,1,1,1,1,1,0,0,0
172.85,57.61666666666667,2,79.2,1,1,1,1,0,0,1,1,0,1,0,1
224.5,17.26923076923077,12,20.3,0,0,0,0,0,0,0,1,1,0,1,0
7388.45,108.65367647058824,67,112.35,0,1,0,0,0,1,1,1,0,0,1,0
3460.95,91.07763157894736,37,94.3,0,1,0,0,1,0,1,1,1,1,0,0
1700.9,42.5225,39,41.15,0,0,0,0,0,0,0,0,0,0,0,0
3090.65,73.58690476190476,41,74.65,1,0,0,0,0,1,0,0,0,1,0,0
1293.8,49.76153846153846,25,48.25,1,1,1,1,0,1,0,0,0,1,0,0
645.8,71.75555555555555,8,76.15,0,0,0,0,1,1,0,1,1,0,1,0
5224.95,72.56875,71,71.1,0,0,0,0,0,0,0,1,1,0,1,0
500.1,83.35000000000001,5,96.55,1,1,1,1,1,0,1,0,0,0,0,0
2427.1,78.29354838709678,30,79.3,0,0,0,1,0,1,0,0,0,1,0,0
3488.15,85.07682926829268,40,89.6,0,1,0,0,1,1,1,0,0,0,0,0
1035.7,18.830909090909092,54,20.5,0,0,0,0,0,1,0,0,1,0,0,0
7565.35,103.63493150684933,72,106.3,0,1,0,1,1,1,1,1,1,0,0,0
2799.0,96.51724137931035,28,100.35,0,1,0,1,1,0,1,1,0,0,1,0
1601.5,84.28947368421052,18,85.6,1,1,1,0,1,1,1,1,0,1,1,0
85.5,28.5,2,45.25,1,1,1,1,0,1,0,0,0,1,0,1
6256.2,104.27,59,106.15,0,1,1,1,0,1,1,1,0,0,1,0
1232.9,53.60434782608696,22,51.1,1,1,1,0,1,1,0,1,0,1,1,0
19.9,9.95,1,19.9,1,0,0,0,0,0,0,0,0,0,0,0
1937.4,26.53972602739726,72,25.7,0,0,0,0,0,1,0,1,1,0,0,0
1096.25,73.08333333333333,14,74.3,1,1,1,1,0,1,1,0,0,1,0,1
5059.75,99.21078431372548,50,99.4,0,1,1,0,1,0,1,1,0,1,0,0
3023.65,61.707142857142856,48,69.7,0,0,0,0,0,0,0,1,0,1,1,0
4889.2,97.78399999999999,49,98.35,1,1,1,1,0,1,1,1,0,0,1,0
2289.9,78.96206896551725,28,85.45,1,1,1,1,1,0,1,1,0,1,1,0
6503.2,94.24927536231884,68,95.9,1,1,1,1,1,1,1,0,0,0,0,0
1313.25,93.80357142857143,13,100.75,1,1,1,0,1,0,1,0,0,1,0,0
990.3,82.52499999999999,11,89.2,1,1,1,1,0,1,1,0,0,1,0,0
228.0,57.0,3,74.1,1,1,0,1,0,1,1,1,0,1,0,1
5746.15,99.07155172413792,57,100.6,1,1,1,1,1,0,1,1,0,1,0,1
209.1,52.275,3,75.0,1,1,0,1,1,0,1,0,0,1,0,1
1864.2,25.536986301369865,72,25.75,0,0,0,0,1,0,0,1,1,0,0,0
5979.7,84.22112676056338,70,84.1,0,1,1,0,1,1,0,1,1,0,1,0
3902.45,78.04899999999999,49,79.3,0,1,0,0,0,0,0,1,1,0,1,0
7142.5,105.03676470588235,67,107.05,0,0,0,1,0,1,1,1,0,1,0,0
902.0,19.19148936170213,46,20.05,0,0,0,0,1,0,0,0,1,0,0,0
4481.0,68.93846153846154,64,70.2,0,0,0,0,0,1,0,0,1,0,0,1
805.2,21.189473684210526,37,19.5,1,0,0,0,0,0,0,1,0,0,0,0
154.85,51.61666666666667,2,70.75,1,1,1,1,0,0,1,0,0,1,0,1
528.45,37.746428571428574,13,45.3,1,1,1,1,0,0,0,1,0,1,0,0
8349.7,114.37945205479453,72,115.15,0,0,1,0,0,0,1,1,1,0,0,0
4953.25,71.78623188405797,68,72.95,0,1,0,0,1,1,0,1,1,1,1,0
332.65,20.790625,15,19.65,0,0,0,0,1,0,0,1,0,0,1,0
470.2,18.808,24,19.55,0,0,0,0,0,1,0,0,1,0,0,0
2259.35,90.374,24,89.55,1,1,1,0,0,1,1,0,0,1,0,0
1411.35,50.40535714285714,27,50.35,1,0,0,1,1,0,0,0,0,1,0,0
593.75,45.67307692307692,12,50.25,1,1,0,0,1,0,0,0,0,1,0,1
6328.7,87.89861111111111,71,87.25,0,0,0,0,0,0,0,1,1,0,1,0
1411.9,20.76323529411765,67,20.8,0,0,0,0,1,1,0,1,1,0,1,0
6841.4,106.896875,63,109.25,0,1,0,0,0,1,1,1,1,0,0,0
20.35,10.175,1,20.35,1,0,0,0,1,0,0,0,0,0,0,0
238.5,47.7,4,55.9,1,1,1,1,1,1,0,0,0,1,0,0
3233.85,78.87439024390244,40,79.2,1,0,0,1,0,1,1,0,0,0,0,1
1062.1,81.69999999999999,12,96.0,1,1,1,1,0,1,1,0,0,1,0,1
4016.3,75.77924528301887,52,79.2,0,0,1,1,1,0,0,1,1,0,1,0
226.55,20.595454545454547,10,24.0,1,0,1,0,1,1,0,0,0,0,0,0
7110.75,103.05434782608695,68,101.35,0,0,0,1,1,0,1,0,0,0,0,0
5440.9,98.92545454545454,54,100.1,1,1,1,0,0,1,1,0,0,1,0,1
235.1,47.019999999999996,4,56.5,1,1,0,0,0,0,0,1,0,0,1,1
1958.95,36.96132075471698,52,35.45,0,0,0,1,0,0,0,1,0,1,0,0
85.0,42.5,1,85.0,1,1,1,1,0,1,1,0,0,1,0,1
5528.9,77.8718309859155,70,79.4,0,0,0,0,1,0,0,1,0,0,0,0
1463.7,33.26590909090909,43,35.2,0,0,0,1,1,1,0,0,0,1,0,0
1025.05,19.340566037735847,52,19.65,0,0,0,0,1,0,0,0,1,0,0,0
552.1,42.46923076923077,12,49.85,0,0,0,0,0,0,0,0,1,1,0,0
3815.4,66.93684210526315,56,68.75,0,0,0,1,0,0,0,1,0,0,1,0
1397.475,1397.475,0,61.9,0,0,0,0,1,1,0,0,1,0,1,0
3313.4,77.05581395348837,42,79.9,1,1,1,1,1,0,1,0,0,1,0,0
1938.9,84.3,22,89.75,1,1,0,1,1,1,1,1,0,1,0,0
3014.65,57.97403846153846,51,59.3,0,0,1,1,1,0,0,1,0,0,1,1
460.25,16.4375,27,19.4,1,0,0,0,1,1,0,0,0,0,0,0
4839.15,93.06057692307692,51,93.65,0,0,0,1,1,1,1,1,0,1,0,0
184.4,36.88,4,49.4,1,0,1,1,1,1,0,0,0,1,1,1
19.9,9.95,1,19.9,1,0,0,0,1,1,0,0,0,0,0,0
2010.55,55.84861111111111,35,55.0,1,1,0,1,1,0,0,0,0,1,0,1
5139.65,71.38402777777777,71,72.9,0,1,0,0,1,1,0,1,0,0,1,0
69.2,34.6,1,69.2,1,1,1,1,0,1,1,0,0,1,0,1
1673.4,23.905714285714286,69,25.6,0,0,0,0,0,1,0,1,1,0,1,0
309.35,20.623333333333335,14,19.75,0,0,0,0,1,0,0,1,0,0,1,0
3171.6,54.682758620689654,57,55.7,1,0,1,0,1,0,0,1,0,1,0,0
8670.1,118.76849315068493,72,117.5,0,0,0,0,0,0,1,1,1,0,1,0
916.0,18.693877551020407,48,19.85,0,0,0,0,1,0,0,0,1,0,0,0
299.75,59.95,4,78.9,1,1,0,1,0,1,1,1,0,1,1,0
702.05,21.9390625,31,20.65,1,0,1,0,1,1,0,1,0,0,1,0
2354.8,60.379487179487185,38,62.3,0,1,0,0,1,1,0,0,0,1,0,1
3473.4,91.40526315789474,37,92.5,1,1,1,1,1,1,1,1,0,1,0,1
19.65,9.825,1,19.65,1,0,0,0,0,0,0,0,0,0,0,0
4438.2,76.5206896551724,57,79.75,0,1,0,1,1,1,0,0,1,0,0,0
4819.75,76.50396825396825,62,79.95,0,0,0,0,0,1,0,1,1,1,0,0
92.25,23.0625,3,29.9,1,1,1,0,1,1,0,1,0,1,0,0
1567.0,21.465753424657535,72,19.75,0,0,0,0,0,1,0,0,1,0,1,0
1242.45,41.415,29,45.0,1,0,0,0,1,1,0,0,0,0,1,0
559.2,39.94285714285714,13,44.8,1,1,0,1,1,0,0,1,0,1,1,0
220.1,55.025,3,69.65,1,1,1,1,1,0,1,0,0,1,1,1
531.15,44.262499999999996,11,51.1,1,1,1,1,0,0,0,0,0,0,0,0
1183.2,53.78181818181818,21,53.15,0,0,0,0,0,0,0,0,1,0,1,0
465.85,23.2925,19,24.7,1,0,0,0,0,0,0,0,0,0,0,0
6876.05,110.90403225806452,61,111.6,0,0,0,0,1,1,1,0,1,1,0,1
501.0,41.75,11,48.55,1,0,0,1,0,0,0,0,0,1,0,1
3782.4,105.06666666666666,35,109.95,1,1,1,0,1,1,1,1,0,0,1,0
460.2,17.7,25,20.8,1,0,0,0,1,0,0,0,0,0,1,0
20.2,10.1,1,20.2,1,0,0,0,0,1,0,0,0,0,0,1
1790.35,26.328676470588235,67,25.6,0,0,0,0,0,1,0,0,1,0,0,0
733.35,36.667500000000004,19,39.65,1,1,1,1,1,1,0,0,0,1,0,1
1334.0,23.403508771929825,56,24.9,0,0,1,0,1,0,0,0,0,0,0,1
7767.25,106.40068493150685,72,108.4,0,0,0,1,1,1,1,1,1,0,1,0
876.15,19.912499999999998,43,19.55,0,0,0,0,1,0,0,0,1,0,0,0
4600.95,82.15982142857142,55,85.1,1,0,1,1,0,1,1,1,0,0,1,0
113.55,37.85,2,56.7,1,0,0,1,1,0,0,1,0,1,1,1
1793.25,64.04464285714286,27,69.05,1,1,0,1,1,1,1,0,0,1,0,0
886.7,63.33571428571429,13,70.15,1,1,0,1,0,1,1,0,0,1,0,0
7737.55,108.97957746478873,70,111.15,0,0,0,1,0,1,1,0,1,0,0,0
1348.9,89.92666666666668,14,105.95,0,0,0,0,0,0,1,1,0,0,0,1
1686.85,84.3425,19,89.35,0,1,0,0,0,1,1,1,0,1,1,0
1879.25,89.48809523809524,20,89.1,1,0,0,1,0,1,1,0,0,1,0,0
4013.8,91.22272727272728,43,91.25,0,0,0,0,1,1,1,1,0,1,1,0
434.5,72.41666666666667,5,90.35,1,0,0,1,1,1,1,1,0,1,1,0
7195.35,101.34295774647887,70,105.55,0,1,0,0,0,1,1,1,0,0,0,0
780.1,19.026829268292683,40,19.1,0,0,0,0,0,0,0,1,1,0,0,0
107.6,15.37142857142857,6,20.4,0,0,0,0,1,1,0,1,1,0,1,0
3801.7,95.04249999999999,39,100.45,0,0,1,1,1,1,1,0,1,1,0,0
308.7,61.739999999999995,4,74.95,1,1,1,1,1,0,1,1,0,1,0,1
438.25,27.390625,15,29.7,1,1,1,0,1,1,0,0,0,1,0,1
50.35,25.175,1,50.35,1,1,1,1,1,1,0,1,0,1,0,1
3778.1,82.13260869565217,45,85.7,1,0,0,0,0,1,1,0,0,0,0,0
3147.5,48.42307692307692,64,47.85,0,0,1,0,0,0,0,1,1,1,0,1
5438.95,93.77499999999999,57,94.0,1,1,0,1,0,0,1,1,0,0,0,0
5102.35,69.89520547945206,72,69.85,0,0,0,0,1,0,0,1,1,0,1,0
70.3,35.15,1,70.3,1,1,1,1,1,1,1,0,0,1,0,1
1872.2,25.646575342465756,72,25.85,0,0,0,0,1,0,0,1,1,0,0,0
213.35,53.3375,3,71.1,0,0,0,0,0,0,0,0,1,0,0,0
5617.75,100.31696428571429,55,98.8,1,0,1,1,1,1,1,0,0,1,0,1
5386.5,89.775,59,93.35,1,1,1,0,0,0,1,1,0,1,0,0
1776.95,93.52368421052631,18,99.85,1,1,0,0,0,1,1,0,0,1,0,1
2483.05,75.2439393939394,32,80.3,1,1,0,1,1,1,1,1,0,1,0,1
235.65,47.13,4,50.55,1,0,0,1,0,1,0,0,0,1,0,0
5224.35,77.97537313432836,66,80.45,1,1,0,1,0,1,1,0,0,0,0,1
2272.8,81.17142857142858,27,81.3,1,1,1,1,1,1,1,0,0,1,0,0
83.75,16.75,4,20.7,1,0,0,0,1,1,0,0,0,0,0,0
4663.4,76.44918032786885,60,79.05,1,0,0,0,1,1,0,1,0,0,1,0
201.7,22.41111111111111,8,19.05,0,0,0,0,0,0,0,1,1,0,1,0
125.0,13.88888888888889,8,19.6,0,0,0,0,1,0,0,1,1,0,1,0
684.4,19.01111111111111,35,20.2,0,0,0,0,1,1,0,0,1,0,0,0
620.35,77.54375,7,86.8,1,1,1,1,1,1,1,0,0,1,0,1
1146.05,21.223148148148148,53,20.9,0,0,0,0,0,0,0,1,1,0,1,0
1806.35,95.07105263157894,18,103.6,1,1,0,0,0,1,1,0,0,0,0,0
603.0,37.6875,15,38.8,0,1,0,1,0,1,0,0,1,0,0,0
5798.3,85.26911764705882,67,88.4,0,1,0,1,1,1,1,1,0,0,0,0
519.15,74.16428571428571,6,84.2,1,1,1,1,1,1,1,1,0,0,0,1
497.6,71.08571428571429,6,79.7,1,1,1,1,1,1,1,0,0,1,0,0
1301.7,92.97857142857143,13,99.0,1,1,0,0,1,1,1,0,0,1,0,1
1129.75,94.14583333333333,11,100.75,1,1,1,1,0,1,1,0,0,1,0,1
19.3,9.65,1,19.3,1,0,0,0,1,1,0,0,0,0,1,0
266.95,44.49166666666667,5,55.75,1,0,0,0,1,1,0,0,0,1,0,0
257.0,18.357142857142858,13,19.95,0,0,0,0,1,1,0,0,0,0,0,0
865.8,86.58,9,91.75,1,0,0,1,0,0,1,1,0,0,0,1
2623.65,87.455,29,89.65,1,1,0,0,1,0,1,0,0,0,0,0
45.85,22.925,1,45.85,1,1,0,1,1,1,0,0,0,1,0,0
79.55,39.775,1,79.55,1,1,0,1,0,1,1,0,0,1,0,1
1082.8,56.98947368421052,18,55.95,1,1,0,1,0,0,0,1,0,1,1,0
147.8,49.26666666666667,2,69.0,1,1,0,1,0,0,0,1,0,1,0,0
2570.2,82.90967741935484,30,83.55,1,1,0,0,1,1,1,1,0,0,1,0
4378.9,65.35671641791045,66,65.7,0,0,0,0,1,0,0,0,1,0,1,0
3616.25,92.72435897435898,38,94.9,0,1,0,0,1,1,1,1,1,1,1,0
2924.05,64.97888888888889,44,61.9,1,1,0,0,1,1,0,1,0,0,1,0
6014.85,109.3609090909091,54,111.1,1,1,1,0,0,0,1,0,0,0,0,1
32.7,10.9,2,20.0,1,0,0,0,1,0,0,0,0,0,0,0
2882.25,67.02906976744185,42,67.7,0,0,0,0,0,1,0,0,0,0,0,0
1509.9,25.591525423728815,58,25.15,0,0,0,0,0,0,0,1,1,0,1,0
5305.05,89.91610169491526,58,92.85,1,1,1,1,1,1,1,1,0,0,1,0
2368.4,91.0923076923077,25,89.1,1,1,1,1,0,1,1,1,0,1,1,1
7985.9,110.91527777777777,71,111.3,0,0,0,0,0,0,1,0,1,0,0,0
3545.35,93.29868421052632,37,101.9,1,1,0,1,0,1,1,0,0,0,0,1
1301.0,86.73333333333333,14,91.65,1,1,1,0,0,1,1,1,0,1,1,1
372.45,74.49,4,88.85,1,1,1,1,0,1,1,0,0,1,0,1
2985.25,60.923469387755105,48,60.6,0,0,0,0,0,1,0,1,0,1,0,0
77.75,19.4375,3,25.3,1,1,1,1,0,0,0,0,0,1,0,1
564.35,62.705555555555556,8,65.5,0,0,0,0,0,0,0,1,1,1,0,0
95.45,47.725,1,95.45,1,1,1,1,1,1,1,0,0,1,0,1
1311.75,19.290441176470587,67,19.95,0,0,0,0,1,0,0,0,1,0,0,0
1135.7,81.12142857142858,13,91.1,1,1,1,1,1,1,1,0,0,1,0,1
2319.8,50.4304347826087,45,54.15,0,1,0,0,0,1,0,1,0,0,1,1
3720.35,74.407,49,74.6,1,1,0,1,1,1,1,0,0,1,0,0
5025.8,94.82641509433962,52,94.6,1,1,0,1,0,0,1,1,0,0,0,0
5224.5,81.6328125,63,81.15,0,0,0,1,0,1,1,1,0,1,0,0
6185.8,89.64927536231885,68,89.05,0,0,0,0,0,1,0,1,1,0,1,0
1498.55,46.8296875,31,49.2,1,1,0,0,0,1,0,1,0,1,0,0
1208.6,18.59384615384615,64,19.45,0,0,0,0,0,0,0,1,1,0,0,0
6613.65,104.97857142857143,62,104.3,0,0,1,0,0,1,1,1,0,1,0,0
69.7,34.85,1,69.7,1,1,0,1,0,0,1,0,0,1,0,1
573.3,81.89999999999999,6,89.5,1,1,1,1,0,1,1,0,0,1,0,1
1818.9,82.67727272727274,21,86.05,1,1,1,0,0,1,1,1,0,1,0,0
1787.35,24.484246575342464,72,25.2,0,0,0,0,0,0,0,1,1,0,1,0
1051.05,31.849999999999998,32,35.15,1,0,1,1,0,1,0,1,0,0,1,0
7181.25,99.73958333333333,71,99.65,0,0,0,0,0,1,1,0,0,0,0,0
3688.6,105.38857142857142,34,105.35,1,0,0,1,0,1,1,0,0,0,1,0
99.75,24.9375,3,35.15,1,1,1,1,1,1,0,1,0,1,0,1
871.4,67.03076923076922,12,73.75,1,1,0,1,1,1,1,0,0,1,1,1
780.5,86.72222222222223,8,101.35,1,1,1,1,0,0,1,0,0,1,0,1
821.6,22.822222222222223,35,24.3,0,0,0,0,0,0,0,1,1,0,1,0
239.45,59.8625,3,80.7,1,1,1,1,0,1,1,1,0,1,1,0
244.45,61.1125,3,89.85,1,1,0,0,1,1,1,0,0,1,0,0
3357.9,62.18333333333334,53,61.1,0,1,1,1,1,1,0,0,0,1,0,0
129.6,25.919999999999998,4,29.05,1,0,1,1,0,1,0,1,0,1,0,0
4977.2,101.57551020408162,48,99.7,0,0,0,1,0,1,1,1,0,1,1,0
365.35,52.19285714285714,6,55.9,1,0,0,1,0,0,0,1,0,0,1,1
334.65,83.6625,3,105.9,1,1,1,1,1,1,1,1,0,0,0,1
2424.05,44.07363636363637,54,46.0,0,1,0,0,1,0,0,1,1,1,1,0
43.95,21.975,1,43.95,1,1,0,1,0,0,0,0,0,1,0,1
4981.15,79.06587301587301,62,80.4,1,1,0,0,1,1,0,0,0,0,0,0
2090.25,90.8804347826087,22,100.05,0,1,0,1,1,1,1,1,0,0,1,0
45.1,22.55,1,45.1,1,1,0,1,1,1,0,0,0,1,0,1
4905.75,94.34134615384616,51,94.0,0,1,0,1,1,1,1,0,0,1,0,0
2038.7,65.76451612903226,30,68.95,0,1,0,1,0,1,0,0,0,0,0,0
4014.0,70.42105263157895,56,68.45,0,0,0,0,0,1,0,1,0,0,0,0
2441.7,67.82499999999999,35,69.0,0,1,1,0,1,1,0,1,0,0,0,0
2751.0,42.323076923076925,64,43.85,1,1,1,0,0,1,0,0,0,0,0,0
1307.8,42.18709677419355,30,44.5,1,1,1,1,1,1,0,0,0,1,1,0
383.65,14.75576923076923,25,18.7,0,0,0,0,0,1,0,1,1,0,1,0
2868.05,68.28690476190476,41,70.25,1,1,0,1,0,0,1,0,0,1,0,1
449.75,44.975,9,55.35,1,1,1,1,1,0,0,0,0,1,1,1
53.55,26.775,1,53.55,1,0,0,1,0,1,0,1,0,0,0,0
7882.5,111.02112676056338,70,114.6,0,0,1,0,1,1,1,0,1,0,1,0
1087.7,18.75344827586207,57,20.1,0,0,0,0,0,1,0,1,1,0,1,0
791.7,79.17,9,85.5,1,1,1,1,1,1,1,0,0,1,0,0
7493.05,107.04357142857143,69,108.75,0,1,0,0,0,1,1,1,0,0,1,0
4414.3,100.325,43,103.0,1,1,1,1,1,1,1,1,0,0,0,1
6841.3,93.71643835616439,72,97.85,0,1,1,1,0,1,1,1,1,1,0,0
819.95,18.221111111111114,44,19.55,0,0,0,0,1,0,0,0,1,0,1,0
6052.25,82.90753424657534,72,84.05,0,0,0,1,0,1,1,1,1,0,0,0
3361.05,98.85441176470589,33,103.75,0,0,1,0,0,1,1,1,0,1,0,1
4869.5,88.53636363636363,54,89.4,1,1,0,1,1,0,1,0,0,1,0,0
509.3,18.189285714285713,27,19.7,0,0,0,0,1,0,0,0,1,0,1,0
4308.25,78.33181818181818,54,79.85,1,1,0,1,1,1,1,0,0,0,0,0
221.1,55.275,3,74.45,1,1,0,1,1,0,1,0,0,0,0,0
3833.95,70.99907407407407,53,74.1,0,0,0,1,0,0,0,1,0,0,0,0
69.35,34.675,1,69.35,1,1,1,1,1,1,1,0,0,1,0,1
294.95,18.434375,15,18.8,0,0,0,0,1,0,0,1,0,0,0,0
4092.85,71.80438596491229,56,73.85,1,1,1,1,0,1,1,0,0,0,0,1
316.9,52.81666666666666,5,64.4,1,0,0,0,1,0,0,1,0,0,1,0
2651.2,54.10612244897959,48,55.8,0,1,0,1,1,1,0,1,0,0,1,0
471.7,18.142307692307693,25,20.05,1,0,0,0,0,0,0,0,0,0,1,0
216.75,54.1875,3,75.15,1,1,0,1,0,1,1,1,0,1,0,1
5720.95,96.96525423728814,58,99.15,0,0,0,1,1,0,1,0,0,0,0,0
503.25,45.75,10,56.75,1,1,0,1,1,1,0,0,0,1,0,0
69.6,34.8,1,69.6,1,1,1,1,1,1,1,0,0,1,0,1
7365.3,102.29583333333333,71,104.15,0,1,0,0,1,1,1,1,1,0,0,0
7245.9,109.78636363636363,65,110.8,0,1,0,0,0,1,1,1,1,0,1,0
385.0,64.16666666666667,5,80.15,1,1,1,1,1,1,1,1,0,0,1,1
961.4,33.15172413793103,28,35.75,1,1,0,0,0,1,0,0,0,1,0,0
4615.9,67.88088235294117,67,69.9,0,1,0,0,0,1,0,1,1,1,1,0
3251.3,90.3138888888889,35,89.2,0,0,1,0,1,1,1,0,0,1,0,0
3880.05,53.1513698630137,72,55.65,0,0,0,0,0,0,0,1,1,0,1,0
3088.75,49.818548387096776,61,50.7,0,0,0,0,0,1,0,1,0,0,1,0
1396.0,20.231884057971016,68,20.0,0,0,0,0,1,1,0,0,1,0,0,0
30.5,15.25,1,30.5,1,0,0,1,0,0,0,1,0,1,1,1
53.05,13.2625,3,19.1,1,0,0,0,1,1,0,0,0,0,0,0
6859.5,96.61267605633803,70,98.3,0,1,0,1,1,0,1,1,1,0,1,1
2108.35,43.02755102040816,48,45.55,1,1,0,1,0,0,0,0,0,0,1,0
6770.5,98.1231884057971,68,101.05,0,1,0,1,1,1,1,1,0,0,1,0
4730.6,98.55416666666667,47,103.7,0,0,1,0,0,1,1,0,0,1,0,0
1151.05,34.880303030303025,32,36.25,0,1,0,0,1,1,0,1,0,1,1,0
232.55,38.75833333333333,5,49.4,1,0,0,1,0,1,0,1,0,1,1,0
1022.6,20.452,49,19.9,0,0,0,0,1,1,0,0,1,0,0,0
5121.3,104.51632653061225,48,107.4,1,1,0,1,0,1,1,0,0,0,0,1
1127.2,80.51428571428572,13,82.0,1,1,1,1,0,1,1,0,0,1,0,1
309.4,19.3375,15,19.8,1,0,0,0,1,1,0,0,0,0,0,0
523.1,40.23846153846154,12,45.05,1,1,1,1,0,1,0,0,0,1,0,0
4250.1,62.5014705882353,67,64.55,0,0,0,0,1,1,0,0,1,0,0,0
770.5,77.05,9,86.25,1,1,1,0,1,0,1,0,0,1,0,0
246.7,17.62142857142857,13,19.75,0,0,0,0,0,1,0,1,1,0,1,0
3342.0,85.6923076923077,38,89.1,0,1,0,1,0,1,1,0,0,1,0,0
3930.6,91.4093023255814,42,95.55,1,1,1,1,0,1,1,1,0,0,0,0
1747.85,69.914,24,75.4,1,1,0,1,0,1,1,1,0,1,0,1
2754.45,98.37321428571428,27,101.25,1,0,1,1,0,1,1,1,0,1,0,1
897.75,89.775,9,102.6,1,1,0,1,1,1,1,1,0,0,1,0
2780.6,55.611999999999995,49,56.3,0,1,0,0,0,1,0,1,0,0,0,0
5895.45,95.08790322580644,61,94.2,1,0,0,0,0,1,1,1,0,0,0,0
2208.05,43.29509803921569,50,43.05,0,0,0,1,1,1,0,0,0,0,1,0
2196.15,84.4673076923077,25,89.5,1,1,1,1,1,1,1,0,0,0,0,1
1692.6,73.59130434782608,22,74.4,1,1,0,1,0,1,1,0,0,1,0,1
20.5,10.25,1,20.5,1,0,0,0,1,0,0,0,0,0,0,1
265.35,53.07000000000001,4,74.35,1,1,1,1,1,1,1,0,0,1,0,1
1836.25,96.64473684210526,18,99.75,1,1,0,0,0,0,1,1,0,1,0,1
6418.9,112.61228070175439,56,111.95,0,1,1,0,0,1,1,0,0,0,0,1
4871.45,90.21203703703704,53,94.0,0,1,1,0,0,1,1,1,0,0,0,0
4947.55,95.14519230769231,51,98.85,0,1,1,1,0,1,1,1,0,1,0,0
1558.65,62.346000000000004,24,64.35,0,0,1,1,0,0,0,1,1,0,1,0
4284.2,68.0031746031746,62,72.0,0,0,0,1,0,1,0,1,1,0,0,0
1218.25,48.73,24,49.7,1,1,0,1,1,1,0,0,0,0,0,0
5617.95,79.12605633802816,70,80.7,0,0,1,0,0,0,0,1,1,0,1,0
24.2,12.1,1,24.2,1,1,0,1,1,0,0,0,0,1,1,0
679.85,39.991176470588236,16,39.0,1,1,0,1,1,1,0,0,0,0,0,1
554.45,61.60555555555556,8,65.45,1,1,1,0,0,1,0,0,0,0,0,0
5237.4,71.74520547945205,72,74.35,0,0,1,0,0,1,0,1,1,0,1,0
2032.3,84.67916666666666,23,83.2,1,1,0,0,0,0,1,0,0,0,0,0
789.2,24.6625,31,25.0,1,1,0,1,1,0,0,0,0,1,1,0
1525.35,40.14078947368421,37,40.2,0,0,1,0,1,1,0,1,0,1,1,0
2804.45,90.46612903225805,30,94.1,1,1,0,0,0,1,1,1,0,0,0,1
3726.15,103.50416666666666,35,108.35,0,0,1,1,0,1,1,0,0,0,0,0
1652.1,68.83749999999999,23,69.5,1,1,0,0,0,1,0,1,0,0,1,0
1588.75,75.6547619047619,20,76.0,0,0,0,1,0,0,0,1,0,1,1,0
3366.05,90.97432432432433,36,93.6,1,0,1,1,1,1,1,1,0,1,0,0
778.1,86.45555555555556,8,95.65,1,1,0,1,0,0,1,0,0,1,0,1
7113.75,98.80208333333333,71,100.55,0,1,0,1,1,0,1,1,0,0,1,0
4367.35,85.6343137254902,50,88.05,1,1,1,1,0,1,1,1,0,0,0,1
993.15,22.571590909090908,43,24.45,0,0,0,0,0,1,0,1,0,0,1,0
5012.35,86.4198275862069,57,89.55,0,0,0,0,1,0,0,0,1,0,1,0
2728.6,64.96666666666667,41,66.5,0,1,0,0,0,1,0,1,0,0,1,1
2093.4,74.76428571428572,27,76.1,1,1,1,1,0,1,1,1,0,0,0,0
1011.8,72.27142857142857,13,80.5,1,1,1,1,0,1,1,0,0,1,0,0
106.85,26.7125,3,35.45,1,0,0,1,1,1,0,0,0,0,0,1
1343.4,19.75588235294118,67,20.55,0,0,1,0,0,0,0,0,0,0,0,0
130.1,32.525,3,49.9,1,1,0,1,1,1,0,0,0,0,0,1
6794.75,104.53461538461538,64,105.4,0,1,0,0,0,1,1,1,1,0,0,0
1022.5,37.870370370370374,26,35.75,1,1,1,0,1,0,0,0,0,1,0,0
3691.2,94.64615384615384,38,95.1,1,1,0,1,1,1,1,0,0,0,0,0
486.2,20.258333333333333,23,19.3,0,0,0,0,1,0,0,1,0,0,0,0
4036.85,98.45975609756097,40,104.5,1,1,0,1,1,1,1,0,0,0,0,1
4685.55,64.18561643835616,72,63.1,0,0,0,0,1,1,0,1,1,0,0,0
256.25,64.0625,3,75.05,1,1,0,1,0,1,1,0,0,1,0,1
1917.1,79.87916666666666,23,81.0,1,1,1,1,1,1,1,0,0,1,0,1
74.45,37.225,1,74.45,1,1,1,1,0,1,1,1,0,1,0,1
272.15,54.42999999999999,4,60.4,1,0,0,0,0,1,0,0,0,0,0,1
5150.55,81.7547619047619,62,84.95,0,0,1,0,0,1,0,1,1,0,0,0
3756.4,91.61951219512196,40,93.4,1,1,0,1,0,1,1,0,0,0,0,0
3645.75,86.80357142857143,41,89.2,1,1,1,1,1,1,1,0,0,0,0,0
2874.45,82.12714285714286,34,85.2,1,1,0,1,1,1,1,1,0,1,0,0
49.95,24.975,1,49.95,1,1,1,1,0,0,0,0,0,0,0,0
1020.75,19.629807692307693,51,20.65,0,0,0,0,0,0,0,0,1,0,0,0
70.65,35.325,1,70.65,1,1,0,1,1,1,1,1,0,1,1,1
826.0,20.65,39,20.15,0,0,0,0,0,0,0,0,1,0,0,0
239.0,18.384615384615383,12,19.2,1,0,1,0,1,1,0,1,0,0,1,0
727.8,55.98461538461538,12,59.8,0,1,1,0,1,1,0,0,0,1,0,1
7544.3,103.34657534246575,72,104.95,0,1,1,1,1,1,1,0,0,0,0,0
6479.4,101.240625,63,103.5,1,1,1,1,0,1,1,1,0,0,0,0
3626.35,80.58555555555556,44,84.8,1,0,0,1,1,1,1,1,0,1,0,0
1679.4,88.38947368421053,18,95.05,1,1,0,0,0,1,1,0,0,1,0,0
403.35,40.335,9,44.2,1,1,0,1,0,1,0,0,0,1,0,1
931.55,66.53928571428571,13,73.35,1,1,0,0,1,0,0,0,0,0,0,0
4326.25,62.69927536231884,68,64.1,0,1,0,0,0,0,0,1,1,0,0,0
263.05,37.57857142857143,6,44.4,1,1,1,1,0,1,0,0,0,1,0,0
39.25,13.083333333333334,2,20.05,1,0,0,0,0,1,0,0,0,0,0,0
3316.1,59.216071428571425,55,60.0,0,0,0,1,1,0,0,1,0,0,0,0
75.75,37.875,1,75.75,1,1,1,1,1,1,1,0,0,1,0,1
2625.25,67.31410256410257,38,69.5,1,1,0,1,1,1,1,0,0,1,0,0
6886.25,101.26838235294117,67,102.95,1,0,0,1,0,1,1,0,0,0,0,1
1495.1,74.755,19,78.7,1,1,0,1,1,1,1,0,0,1,0,0
743.3,57.176923076923075,12,60.65,0,1,1,0,0,0,0,0,0,0,0,0
1419.4,19.443835616438356,72,21.15,0,0,0,0,0,1,0,0,1,0,0,0
1990.5,79.62,24,84.8,0,0,0,0,1,1,0,1,0,1,1,0
7362.9,100.86164383561643,72,103.2,0,1,0,1,0,1,1,1,0,0,1,0
346.45,28.870833333333334,11,29.6,1,0,1,1,0,1,0,1,0,1,1,0
306.6,61.32000000000001,4,74.4,1,1,0,1,1,1,1,1,0,1,0,1
6844.5,102.15671641791045,66,105.65,0,0,0,0,1,1,1,0,1,1,0,0
